[29Mar2026 02:51:10.153] [main/INFO] [cpw.mods.modlauncher.Launcher/MODLAUNCHER]: ModLauncher running: args [--launchTarget, forgeserver, --fml.forgeVersion, 47.3.7, --fml.mcVersion, 1.20.1, --fml.forgeGroup, net.minecraftforge, --fml.mcpVersion, 20230612.114412, nogui]
[29Mar2026 02:51:10.158] [main/INFO] [cpw.mods.modlauncher.Launcher/MODLAUNCHER]: ModLauncher 10.0.9+10.0.9+main.dcd20f30 starting: java version 17.0.18 by Ubuntu; OS Linux arch amd64 version 6.8.0-1044-azure
[29Mar2026 02:51:11.020] [main/INFO] [net.minecraftforge.fml.loading.ImmediateWindowHandler/]: ImmediateWindowProvider not loading because launch target is forgeserver
[29Mar2026 02:51:11.060] [main/INFO] [mixin/]: SpongePowered MIXIN Subsystem Version=0.8.5 Source=union:/workspaces/MC_Tomate/servidor_minecraft/libraries/org/spongepowered/mixin/0.8.5/mixin-0.8.5.jar%2365!/ Service=ModLauncher Env=SERVER
[29Mar2026 02:51:11.503] [main/WARN] [net.minecraftforge.fml.loading.moddiscovery.ModFileParser/LOADING]: Mod file /workspaces/MC_Tomate/servidor_minecraft/libraries/net/minecraftforge/fmlcore/1.20.1-47.3.7/fmlcore-1.20.1-47.3.7.jar is missing mods.toml file
[29Mar2026 02:51:11.504] [main/WARN] [net.minecraftforge.fml.loading.moddiscovery.ModFileParser/LOADING]: Mod file /workspaces/MC_Tomate/servidor_minecraft/libraries/net/minecraftforge/javafmllanguage/1.20.1-47.3.7/javafmllanguage-1.20.1-47.3.7.jar is missing mods.toml file
[29Mar2026 02:51:11.505] [main/WARN] [net.minecraftforge.fml.loading.moddiscovery.ModFileParser/LOADING]: Mod file /workspaces/MC_Tomate/servidor_minecraft/libraries/net/minecraftforge/lowcodelanguage/1.20.1-47.3.7/lowcodelanguage-1.20.1-47.3.7.jar is missing mods.toml file
[29Mar2026 02:51:11.506] [main/WARN] [net.minecraftforge.fml.loading.moddiscovery.ModFileParser/LOADING]: Mod file /workspaces/MC_Tomate/servidor_minecraft/libraries/net/minecraftforge/mclanguage/1.20.1-47.3.7/mclanguage-1.20.1-47.3.7.jar is missing mods.toml file
[29Mar2026 02:51:11.957] [main/WARN] [net.minecraftforge.jarjar.selection.JarSelector/]: Attempted to select a dependency jar for JarJar which was passed in as source: playeranimator. Using Mod File: /workspaces/MC_Tomate/servidor_minecraft/mods/player-animation-lib-forge-1.0.2-rc1+1.20.jar
[29Mar2026 02:51:11.958] [main/INFO] [net.minecraftforge.fml.loading.moddiscovery.JarInJarDependencyLocator/]: Found 14 dependencies adding them to mods collection
[29Mar2026 02:51:15.241] [main/INFO] [mixin/]: Compatibility level set to JAVA_17
[29Mar2026 02:51:15.333] [main/ERROR] [mixin/]: Mixin config necronomicon.forge.mixins.json does not specify "minVersion" property
[29Mar2026 02:51:15.376] [main/ERROR] [mixin/]: Mixin config furniture-common.mixins.json does not specify "minVersion" property
[29Mar2026 02:51:15.450] [main/INFO] [mixin/]: Successfully loaded Mixin Connector [org.tlauncher.MixinConnector]
[29Mar2026 02:51:15.452] [main/INFO] [mixin/]: Successfully loaded Mixin Connector [de.maxhenkel.camera.MixinConnector]
[29Mar2026 02:51:15.456] [main/INFO] [cpw.mods.modlauncher.LaunchServiceHandler/MODLAUNCHER]: Launching target 'forgeserver' with arguments [nogui]
[29Mar2026 02:51:15.483] [main/WARN] [mixin/]: Reference map 'graveyard-FORGE-forge-refmap.json' for graveyard-forge.mixins.json could not be read. If this is a development environment you can ignore this message
[29Mar2026 02:51:15.512] [main/WARN] [mixin/]: Reference map 'mixins.call_of_yucutan.refmap.json' for mixins.call_of_yucutan.json could not be read. If this is a development environment you can ignore this message
[29Mar2026 02:51:15.542] [main/INFO] [Embeddium/]: Loaded configuration file for Embeddium: 134 options available, 0 override(s) found
[29Mar2026 02:51:15.570] [main/WARN] [mixin/]: Reference map 'handcrafted-forge-1.20.1-forge-refmap.json' for handcrafted.mixins.json could not be read. If this is a development environment you can ignore this message
[29Mar2026 02:51:15.621] [main/WARN] [mixin/]: Reference map 'coroutil.refmap.json' for coroutil.mixins.json could not be read. If this is a development environment you can ignore this message
[29Mar2026 02:51:15.768] [main/WARN] [mixin/]: Reference map 'Aquamirae.refmap.json' for aquamirae.mixins.json could not be read. If this is a development environment you can ignore this message
[29Mar2026 02:51:16.630] [main/ERROR] [net.minecraftforge.fml.loading.RuntimeDistCleaner/DISTXFORM]: Attempted to load class net/minecraft/client/gui/screens/Screen for invalid dist DEDICATED_SERVER
[29Mar2026 02:51:16.630] [main/WARN] [mixin/]: Error loading class: net/minecraft/client/gui/screens/Screen (java.lang.RuntimeException: Attempted to load class net/minecraft/client/gui/screens/Screen for invalid dist DEDICATED_SERVER)
[29Mar2026 02:51:16.631] [main/WARN] [mixin/]: @Mixin target net.minecraft.client.gui.screens.Screen was not found relics.mixins.json:ScreenMixin
[29Mar2026 02:51:17.195] [main/ERROR] [net.minecraftforge.fml.loading.RuntimeDistCleaner/DISTXFORM]: Attempted to load class net/minecraft/client/particle/ParticleEngine for invalid dist DEDICATED_SERVER
[29Mar2026 02:51:17.196] [main/WARN] [mixin/]: Error loading class: net/minecraft/client/particle/ParticleEngine (java.lang.RuntimeException: Attempted to load class net/minecraft/client/particle/ParticleEngine for invalid dist DEDICATED_SERVER)
[29Mar2026 02:51:17.196] [main/WARN] [mixin/]: @Mixin target net.minecraft.client.particle.ParticleEngine was not found the_bumblezone-common.mixins.json:client.ParticleEngineAccessor
[29Mar2026 02:51:17.272] [main/ERROR] [net.minecraftforge.fml.loading.RuntimeDistCleaner/DISTXFORM]: Attempted to load class net/minecraft/client/player/AbstractClientPlayer for invalid dist DEDICATED_SERVER
[29Mar2026 02:51:17.273] [main/WARN] [mixin/]: Error loading class: net/minecraft/client/player/AbstractClientPlayer (java.lang.RuntimeException: Attempted to load class net/minecraft/client/player/AbstractClientPlayer for invalid dist DEDICATED_SERVER)
[29Mar2026 02:51:17.273] [main/WARN] [mixin/]: @Mixin target net.minecraft.client.player.AbstractClientPlayer was not found tlskincape-mixins.json:MixinAbstractPlayer
[29Mar2026 02:51:17.274] [main/ERROR] [net.minecraftforge.fml.loading.RuntimeDistCleaner/DISTXFORM]: Attempted to load class net/minecraft/client/gui/screens/TitleScreen for invalid dist DEDICATED_SERVER
[29Mar2026 02:51:17.274] [main/WARN] [mixin/]: Error loading class: net/minecraft/client/gui/screens/TitleScreen (java.lang.RuntimeException: Attempted to load class net/minecraft/client/gui/screens/TitleScreen for invalid dist DEDICATED_SERVER)
[29Mar2026 02:51:17.274] [main/WARN] [mixin/]: @Mixin target net.minecraft.client.gui.screens.TitleScreen was not found tlskincape-mixins.json:MixinMainMenu
[29Mar2026 02:51:17.275] [main/WARN] [mixin/]: Error loading class: net/minecraft/client/model/PlayerModel (java.lang.ClassNotFoundException: net.minecraft.client.model.PlayerModel)
[29Mar2026 02:51:17.275] [main/WARN] [mixin/]: @Mixin target net.minecraft.client.model.PlayerModel was not found tlskincape-mixins.json:MixinPlayerModel
[29Mar2026 02:51:17.435] [main/INFO] [MixinExtras|Service/]: Initializing MixinExtras via com.llamalad7.mixinextras.service.MixinExtrasServiceImpl(version=0.5.0).
[29Mar2026 02:51:23.775] [main/WARN] [mixin/]: @Inject(@At("INVOKE_ASSIGN")) Shift.BY=2 on refurbished_furniture.common.mixins.json:LevelChunkMixin::handler$zli000$refurbishedFurniture$AfterRemoveBlockEntity exceeds the maximum allowed value: 0. Increase the value of maxShiftBy to suppress this warning.
[29Mar2026 02:51:24.610] [main/WARN] [mixin/]: Mixin alexscaves.mixins.json:SwampHutPieceMixin has multiple constructors, (Lnet/minecraft/world/level/levelgen/structure/pieces/StructurePieceType;IIIIIILnet/minecraft/core/Direction;)V was selected

[29Mar2026 02:51:25.136] [modloading-worker-0/INFO] [Easy NPC/]: Initializing Easy NPC (Forge) ...
[29Mar2026 02:51:25.140] [modloading-worker-0/INFO] [Easy NPC/]: 🗣 Register Easy NPC Debug Manager ...
[29Mar2026 02:51:25.142] [modloading-worker-0/WARN] [Easy NPC/]: [Debug Manager] Detected debug log level for Easy NPC with ALL!
[29Mar2026 02:51:25.145] [modloading-worker-0/WARN] [Easy NPC/]: [Debug Manager] Adjusting log level for Easy NPC from ALL to INFO, for performance reasons!
[29Mar2026 02:51:25.145] [modloading-worker-0/INFO] [Easy NPC/]: [Debug Manager] Add new logger config for Easy NPC with level INFO ...
[29Mar2026 02:51:25.147] [modloading-worker-0/INFO] [Easy NPC/]: 🗣 Register Easy NPC Constants ...
[29Mar2026 02:51:25.150] [modloading-worker-0/INFO] [Easy NPC/]: 🗣 Register Easy NPC Command Argument Types ...
[29Mar2026 02:51:25.167] [modloading-worker-0/INFO] [necronomicon/]: Creating default config file for elocindev.animation_overhaul.config.AnimationsConfig.
[29Mar2026 02:51:25.171] [modloading-worker-0/INFO] [Easy NPC/]: 🗣 Register Easy NPC Entities Types ...
[29Mar2026 02:51:25.187] [modloading-worker-0/INFO] [necronomicon/]: Creating default config file for elocindev.animation_overhaul.config.PlayerConfig.
[29Mar2026 02:51:25.187] [modloading-worker-0/INFO] [Easy NPC/]: 🗣 Register Easy NPC Blocks ...
[29Mar2026 02:51:25.189] [modloading-worker-0/INFO] [animation_overhaul/]: Animation Overhaul's Config initialized
[29Mar2026 02:51:25.196] [modloading-worker-0/INFO] [Easy NPC/]: 🗣 Register Easy NPC Blocks Entity Types ...
[29Mar2026 02:51:25.197] [modloading-worker-0/INFO] [Easy NPC/]: 🗣 Register Easy NPC Items ...
[29Mar2026 02:51:25.210] [modloading-worker-0/INFO] [Easy NPC/]: 🗣 Register Easy NPC Menu Handler ...
[29Mar2026 02:51:25.227] [modloading-worker-0/INFO] [Easy NPC/]: Registering Easy NPC common config ...
[29Mar2026 02:51:25.229] [modloading-worker-0/INFO] [Easy NPC/]: 🗣 Register Easy NPC Menu Types ...
[29Mar2026 02:51:25.264] [modloading-worker-0/INFO] [Easy NPC/]: 🗣 Register Easy NPC Network Handler ...
[29Mar2026 02:51:25.273] [modloading-worker-0/INFO] [Easy NPC/]: 🗣 Register Easy NPC Client Network Message Handler ...
[29Mar2026 02:51:25.295] [modloading-worker-0/INFO] [Easy NPC/]: Registering Easy NPC client config ...
[29Mar2026 02:51:25.656] [modloading-worker-0/INFO] [com.jtorleonstudios.libraryferret.LibraryFerret/]: Welcome! /workspaces/MC_Tomate/servidor_minecraft/config/libraryferret_1.properties created and initialized with default value
[29Mar2026 02:51:25.656] [modloading-worker-0/INFO] [com.jtorleonstudios.libraryferret.LibraryFerret/]: Initialize mod Library Ferret
[29Mar2026 02:51:25.677] [modloading-worker-0/INFO] [com.jtorleonstudios.libraryferret.LibraryFerret/]: Initialized mod Library Ferret
[29Mar2026 02:51:25.974] [modloading-worker-0/ERROR] [net.minecraftforge.eventbus.EventSubclassTransformer/EVENTBUS]: Could not find parent net/minecraft/client/renderer/entity/layers/RenderLayer for class com/obscuria/obscureapi/client/renderer/PatreonLayer in classloader cpw.mods.modlauncher.TransformingClassLoader@5c53f292 on thread Thread[modloading-worker-0,5,main]
[29Mar2026 02:51:25.976] [modloading-worker-0/ERROR] [net.minecraftforge.eventbus.EventSubclassTransformer/EVENTBUS]: An error occurred building event handler
java.lang.ClassNotFoundException: net.minecraft.client.renderer.entity.layers.RenderLayer
	at cpw.mods.cl.ModuleClassLoader.loadClass(ModuleClassLoader.java:141) ~[securejarhandler-2.1.10.jar:?]
	at java.lang.ClassLoader.loadClass(ClassLoader.java:525) ~[?:?]
	at net.minecraftforge.eventbus.EventSubclassTransformer.buildEvents(EventSubclassTransformer.java:97) ~[eventbus-6.0.5.jar%2352!/:?]
	at net.minecraftforge.eventbus.EventSubclassTransformer.transform(EventSubclassTransformer.java:48) ~[eventbus-6.0.5.jar%2352!/:?]
	at net.minecraftforge.eventbus.EventBusEngine.processClass(EventBusEngine.java:26) ~[eventbus-6.0.5.jar%2352!/:?]
	at net.minecraftforge.eventbus.service.ModLauncherService.processClassWithFlags(ModLauncherService.java:32) ~[eventbus-6.0.5.jar%2352!/:6.0.5+6.0.5+master.eb8e549b]
	at cpw.mods.modlauncher.LaunchPluginHandler.offerClassNodeToPlugins(LaunchPluginHandler.java:88) ~[modlauncher-10.0.9.jar%2355!/:?]
	at cpw.mods.modlauncher.ClassTransformer.transform(ClassTransformer.java:120) ~[modlauncher-10.0.9.jar%2355!/:?]
	at cpw.mods.modlauncher.TransformingClassLoader.maybeTransformClassBytes(TransformingClassLoader.java:50) ~[modlauncher-10.0.9.jar%2355!/:?]
	at cpw.mods.cl.ModuleClassLoader.readerToClass(ModuleClassLoader.java:113) ~[securejarhandler-2.1.10.jar:?]
	at cpw.mods.cl.ModuleClassLoader.lambda$findClass$15(ModuleClassLoader.java:219) ~[securejarhandler-2.1.10.jar:?]
	at cpw.mods.cl.ModuleClassLoader.loadFromModule(ModuleClassLoader.java:229) ~[securejarhandler-2.1.10.jar:?]
	at cpw.mods.cl.ModuleClassLoader.findClass(ModuleClassLoader.java:219) ~[securejarhandler-2.1.10.jar:?]
	at cpw.mods.cl.ModuleClassLoader.loadClass(ModuleClassLoader.java:135) ~[securejarhandler-2.1.10.jar:?]
	at java.lang.ClassLoader.loadClass(ClassLoader.java:525) ~[?:?]
	at java.lang.ClassLoader.defineClass0(Native Method) ~[?:?]
	at java.lang.System$2.defineClass(System.java:2324) ~[?:?]
	at java.lang.invoke.MethodHandles$Lookup$ClassDefiner.defineClass(MethodHandles.java:2439) ~[?:?]
	at java.lang.invoke.MethodHandles$Lookup$ClassDefiner.defineClassAsLookup(MethodHandles.java:2420) ~[?:?]
	at java.lang.invoke.MethodHandles$Lookup.defineHiddenClass(MethodHandles.java:2127) ~[?:?]
	at java.lang.invoke.InnerClassLambdaMetafactory.generateInnerClass(InnerClassLambdaMetafactory.java:407) ~[?:?]
	at java.lang.invoke.InnerClassLambdaMetafactory.spinInnerClass(InnerClassLambdaMetafactory.java:315) ~[?:?]
	at java.lang.invoke.InnerClassLambdaMetafactory.buildCallSite(InnerClassLambdaMetafactory.java:228) ~[?:?]
	at java.lang.invoke.LambdaMetafactory.metafactory(LambdaMetafactory.java:341) ~[?:?]
	at java.lang.invoke.BootstrapMethodInvoker.invoke(BootstrapMethodInvoker.java:134) ~[?:?]
	at java.lang.invoke.CallSite.makeSite(CallSite.java:315) ~[?:?]
	at java.lang.invoke.MethodHandleNatives.linkCallSiteImpl(MethodHandleNatives.java:281) ~[?:?]
	at java.lang.invoke.MethodHandleNatives.linkCallSite(MethodHandleNatives.java:271) ~[?:?]
	at com.obscuria.obscureapi.client.renderer.PatreonLayer$Mode.<clinit>(PatreonLayer.java:55) ~[obscure_api-15.jar%23237!/:com.obscuria]
	at com.obscuria.obscureapi.ObscureAPIConfig$Client.<clinit>(ObscureAPIConfig.java:28) ~[obscure_api-15.jar%23237!/:com.obscuria]
	at com.obscuria.obscureapi.ObscureAPIConfig.register(ObscureAPIConfig.java:46) ~[obscure_api-15.jar%23237!/:com.obscuria]
	at com.obscuria.obscureapi.ObscureAPI.<init>(ObscureAPI.java:69) ~[obscure_api-15.jar%23237!/:com.obscuria]
	at jdk.internal.reflect.NativeConstructorAccessorImpl.newInstance0(Native Method) ~[?:?]
	at jdk.internal.reflect.NativeConstructorAccessorImpl.newInstance(NativeConstructorAccessorImpl.java:77) ~[?:?]
	at jdk.internal.reflect.DelegatingConstructorAccessorImpl.newInstance(DelegatingConstructorAccessorImpl.java:45) ~[?:?]
	at java.lang.reflect.Constructor.newInstanceWithCaller(Constructor.java:500) ~[?:?]
	at java.lang.reflect.Constructor.newInstance(Constructor.java:481) ~[?:?]
	at net.minecraftforge.fml.javafmlmod.FMLModContainer.constructMod(FMLModContainer.java:70) ~[javafmllanguage-1.20.1-47.3.7.jar%23269!/:?]
	at net.minecraftforge.fml.ModContainer.lambda$buildTransitionHandler$4(ModContainer.java:124) ~[fmlcore-1.20.1-47.3.7.jar%23268!/:?]
	at java.util.concurrent.CompletableFuture$AsyncRun.run(CompletableFuture.java:1804) ~[?:?]
	at java.util.concurrent.CompletableFuture$AsyncRun.exec(CompletableFuture.java:1796) ~[?:?]
	at java.util.concurrent.ForkJoinTask.doExec(ForkJoinTask.java:373) ~[?:?]
	at java.util.concurrent.ForkJoinPool$WorkQueue.topLevelExec(ForkJoinPool.java:1182) ~[?:?]
	at java.util.concurrent.ForkJoinPool.scan(ForkJoinPool.java:1655) ~[?:?]
	at java.util.concurrent.ForkJoinPool.runWorker(ForkJoinPool.java:1622) ~[?:?]
	at java.util.concurrent.ForkJoinWorkerThread.run(ForkJoinWorkerThread.java:165) ~[?:?]
[29Mar2026 02:51:25.981] [modloading-worker-0/ERROR] [net.minecraftforge.fml.loading.RuntimeDistCleaner/DISTXFORM]: Attempted to load class com/obscuria/obscureapi/client/renderer/PatreonLayer for invalid dist DEDICATED_SERVER
[29Mar2026 02:51:26.007] [modloading-worker-0/INFO] [graveyard/]: Registered JSON trade offer adapter.
[29Mar2026 02:51:26.291] [modloading-worker-0/INFO] [dev.architectury.networking.forge.NetworkManagerImpl/]: Registering C2S receiver with id architectury:sync_ids
[29Mar2026 02:51:26.292] [modloading-worker-0/INFO] [dev.architectury.networking.forge.NetworkManagerImpl/]: Registering C2S receiver with id artifacts:networking_channel/42a7ad70b1cc371599a0eff744096b8a
[29Mar2026 02:51:26.295] [modloading-worker-0/INFO] [dev.architectury.networking.forge.NetworkManagerImpl/]: Registering C2S receiver with id artifacts:networking_channel/74a5e841822a3a87854ae896a33430d6
[29Mar2026 02:51:26.296] [modloading-worker-0/INFO] [dev.architectury.networking.forge.NetworkManagerImpl/]: Registering C2S receiver with id artifacts:networking_channel/eb3d1e2748533430848cadf0f37c7e9c
[29Mar2026 02:51:26.297] [modloading-worker-0/INFO] [dev.architectury.networking.forge.NetworkManagerImpl/]: Registering C2S receiver with id artifacts:networking_channel/91c8520f19f93b3e8b6a727568e194ab
[29Mar2026 02:51:26.298] [modloading-worker-0/INFO] [dev.architectury.networking.forge.NetworkManagerImpl/]: Registering C2S receiver with id artifacts:networking_channel/8c2784d778293fd482ed84b8aa5fedb9
[29Mar2026 02:51:26.299] [modloading-worker-0/INFO] [dev.architectury.networking.forge.NetworkManagerImpl/]: Registering C2S receiver with id artifacts:networking_channel/ea038224ea783d40b2863f52239e2604
[29Mar2026 02:51:26.303] [modloading-worker-0/INFO] [dev.architectury.networking.forge.NetworkManagerImpl/]: Registering C2S receiver with id artifacts:networking_channel/97ad64b7ecaf33209991c4f031501a58
[29Mar2026 02:51:26.873] [modloading-worker-0/INFO] [LowDragLib/]: LowDragLib is initializing on platform: Forge
[29Mar2026 02:51:26.877] [modloading-worker-0/INFO] [LowDragLib/]: create ldlib config folder
[29Mar2026 02:51:26.907] [modloading-worker-0/WARN] [net.minecraftforge.common.ForgeConfigSpec/CORE]: Configuration file /workspaces/MC_Tomate/servidor_minecraft/config/jeresources.toml is not correct. Correcting
[29Mar2026 02:51:26.909] [modloading-worker-0/WARN] [net.minecraftforge.common.ForgeConfigSpec/CORE]: Incorrect key itemsPerColumn was corrected from null to its default, 4. 
[29Mar2026 02:51:26.910] [modloading-worker-0/WARN] [net.minecraftforge.common.ForgeConfigSpec/CORE]: Incorrect key itemsPerRow was corrected from null to its default, 4. 
[29Mar2026 02:51:26.912] [modloading-worker-0/WARN] [net.minecraftforge.common.ForgeConfigSpec/CORE]: Incorrect key diyData was corrected from null to its default, true. 
[29Mar2026 02:51:26.913] [modloading-worker-0/WARN] [net.minecraftforge.common.ForgeConfigSpec/CORE]: Incorrect key showDevData was corrected from null to its default, false. 
[29Mar2026 02:51:26.915] [modloading-worker-0/WARN] [net.minecraftforge.common.ForgeConfigSpec/CORE]: Incorrect key enchantsBlacklist was corrected from null to its default, [flimflam, soulBound]. 
[29Mar2026 02:51:26.917] [modloading-worker-0/WARN] [net.minecraftforge.common.ForgeConfigSpec/CORE]: Incorrect key hiddenTabs was corrected from null to its default, []. 
[29Mar2026 02:51:26.918] [modloading-worker-0/WARN] [net.minecraftforge.common.ForgeConfigSpec/CORE]: Incorrect key dimensionsBlacklist was corrected from null to its default, [-11]. 
[29Mar2026 02:51:26.919] [modloading-worker-0/WARN] [net.minecraftforge.common.ForgeConfigSpec/CORE]: Incorrect key disableLootManagerReloading was corrected from null to its default, false. 
[29Mar2026 02:51:26.965] [modloading-worker-0/INFO] [coroutil/]: forge loader environment detected
[29Mar2026 02:51:27.017] [modloading-worker-0/INFO] [net.minecraftforge.common.ForgeMod/FORGEMOD]: Forge mod loading, version 47.3.7, for MC 1.20.1 with MCP 20230612.114412
[29Mar2026 02:51:27.017] [modloading-worker-0/INFO] [net.minecraftforge.common.MinecraftForge/FORGE]: MinecraftForge v47.3.7 Initialized
[29Mar2026 02:51:27.056] [modloading-worker-0/INFO] [de.keksuccino.konkrete.Konkrete/]: [KONKRETE] Successfully initialized!
[29Mar2026 02:51:27.057] [modloading-worker-0/INFO] [de.keksuccino.konkrete.Konkrete/]: [KONKRETE] Server-side libs ready to use!
[29Mar2026 02:51:27.235] [modloading-worker-0/ERROR] [net.minecraftforge.fml.loading.RuntimeDistCleaner/DISTXFORM]: Attempted to load class com/lowdragmc/photon/gui/editor/FXEditor for invalid dist DEDICATED_SERVER
[29Mar2026 02:51:27.238] [modloading-worker-0/WARN] [LowDragLib/]: Failed to load class for notation: com.lowdragmc.photon.gui.editor.FXEditor
[29Mar2026 02:51:27.274] [modloading-worker-0/ERROR] [net.minecraftforge.fml.loading.RuntimeDistCleaner/DISTXFORM]: Attempted to load class com/lowdragmc/photon/gui/editor/FXEditor for invalid dist DEDICATED_SERVER
[29Mar2026 02:51:27.278] [modloading-worker-0/WARN] [LowDragLib/]: Failed to load class for notation: com.lowdragmc.photon.gui.editor.FXEditor
[29Mar2026 02:51:27.319] [modloading-worker-0/ERROR] [net.minecraftforge.fml.loading.RuntimeDistCleaner/DISTXFORM]: Attempted to load class com/lowdragmc/photon/gui/editor/FXEditor for invalid dist DEDICATED_SERVER
[29Mar2026 02:51:27.319] [modloading-worker-0/WARN] [LowDragLib/]: Failed to load class for notation: com.lowdragmc.photon.gui.editor.FXEditor
[29Mar2026 02:51:27.331] [modloading-worker-0/ERROR] [net.minecraftforge.fml.loading.RuntimeDistCleaner/DISTXFORM]: Attempted to load class com/lowdragmc/photon/gui/editor/FXEditor for invalid dist DEDICATED_SERVER
[29Mar2026 02:51:27.331] [modloading-worker-0/WARN] [LowDragLib/]: Failed to load class for notation: com.lowdragmc.photon.gui.editor.FXEditor
[29Mar2026 02:51:27.344] [modloading-worker-0/ERROR] [net.minecraftforge.fml.loading.RuntimeDistCleaner/DISTXFORM]: Attempted to load class com/lowdragmc/photon/gui/editor/FXEditor for invalid dist DEDICATED_SERVER
[29Mar2026 02:51:27.344] [modloading-worker-0/WARN] [LowDragLib/]: Failed to load class for notation: com.lowdragmc.photon.gui.editor.FXEditor
[29Mar2026 02:51:27.365] [modloading-worker-0/ERROR] [net.minecraftforge.fml.loading.RuntimeDistCleaner/DISTXFORM]: Attempted to load class com/lowdragmc/photon/gui/editor/FXEditor for invalid dist DEDICATED_SERVER
[29Mar2026 02:51:27.369] [modloading-worker-0/WARN] [LowDragLib/]: Failed to load class for notation: com.lowdragmc.photon.gui.editor.FXEditor
[29Mar2026 02:51:27.381] [modloading-worker-0/ERROR] [net.minecraftforge.fml.loading.RuntimeDistCleaner/DISTXFORM]: Attempted to load class com/lowdragmc/photon/gui/editor/FXEditor for invalid dist DEDICATED_SERVER
[29Mar2026 02:51:27.381] [modloading-worker-0/WARN] [LowDragLib/]: Failed to load class for notation: com.lowdragmc.photon.gui.editor.FXEditor
[29Mar2026 02:51:27.411] [modloading-worker-0/ERROR] [net.minecraftforge.fml.loading.RuntimeDistCleaner/DISTXFORM]: Attempted to load class com/lowdragmc/photon/gui/editor/FXEditor for invalid dist DEDICATED_SERVER
[29Mar2026 02:51:27.411] [modloading-worker-0/WARN] [LowDragLib/]: Failed to load class for notation: com.lowdragmc.photon.gui.editor.FXEditor
[29Mar2026 02:51:27.505] [modloading-worker-0/INFO] [Photon/]: creat the photon fx folder
[29Mar2026 02:51:27.514] [modloading-worker-0/ERROR] [net.minecraftforge.fml.loading.RuntimeDistCleaner/DISTXFORM]: Attempted to load class com/lowdragmc/photon/gui/editor/FXEditor for invalid dist DEDICATED_SERVER
[29Mar2026 02:51:27.514] [modloading-worker-0/WARN] [LowDragLib/]: Failed to load class for notation: com.lowdragmc.photon.gui.editor.FXEditor
[29Mar2026 02:51:27.977] [modloading-worker-0/INFO] [com.simibubi.create.Create/]: Create 6.0.2 initializing! Commit hash: bffc4b160b08a91ba243b0cc2e13ac797857e17f
[29Mar2026 02:51:28.898] [modloading-worker-0/INFO] [com.jtorleonstudios.libraryferret.LibraryFerret/]: Welcome! /workspaces/MC_Tomate/servidor_minecraft/config/bettervillage_1.properties created and initialized with default value
[29Mar2026 02:51:29.207] [modloading-worker-0/WARN] [net.minecraftforge.common.ForgeConfigSpec/CORE]: Configuration file /workspaces/MC_Tomate/servidor_minecraft/config/appleskin-client.toml is not correct. Correcting
[29Mar2026 02:51:29.208] [modloading-worker-0/WARN] [net.minecraftforge.common.ForgeConfigSpec/CORE]: Incorrect key client was corrected from null to its default, SimpleCommentedConfig:{}. 
[29Mar2026 02:51:29.208] [modloading-worker-0/WARN] [net.minecraftforge.common.ForgeConfigSpec/CORE]: Incorrect key client.showFoodValuesInTooltip was corrected from null to its default, true. 
[29Mar2026 02:51:29.208] [modloading-worker-0/WARN] [net.minecraftforge.common.ForgeConfigSpec/CORE]: Incorrect key client.showFoodValuesInTooltipAlways was corrected from null to its default, true. 
[29Mar2026 02:51:29.209] [modloading-worker-0/WARN] [net.minecraftforge.common.ForgeConfigSpec/CORE]: Incorrect key client.showSaturationHudOverlay was corrected from null to its default, true. 
[29Mar2026 02:51:29.209] [modloading-worker-0/WARN] [net.minecraftforge.common.ForgeConfigSpec/CORE]: Incorrect key client.showFoodValuesHudOverlay was corrected from null to its default, true. 
[29Mar2026 02:51:29.211] [modloading-worker-0/WARN] [net.minecraftforge.common.ForgeConfigSpec/CORE]: Incorrect key client.showFoodValuesHudOverlayWhenOffhand was corrected from null to its default, true. 
[29Mar2026 02:51:29.212] [modloading-worker-0/WARN] [net.minecraftforge.common.ForgeConfigSpec/CORE]: Incorrect key client.showFoodExhaustionHudUnderlay was corrected from null to its default, true. 
[29Mar2026 02:51:29.212] [modloading-worker-0/WARN] [net.minecraftforge.common.ForgeConfigSpec/CORE]: Incorrect key client.showFoodStatsInDebugOverlay was corrected from null to its default, true. 
[29Mar2026 02:51:29.213] [modloading-worker-0/WARN] [net.minecraftforge.common.ForgeConfigSpec/CORE]: Incorrect key client.showFoodHealthHudOverlay was corrected from null to its default, true. 
[29Mar2026 02:51:29.213] [modloading-worker-0/WARN] [net.minecraftforge.common.ForgeConfigSpec/CORE]: Incorrect key client.showVanillaAnimationsOverlay was corrected from null to its default, true. 
[29Mar2026 02:51:29.214] [modloading-worker-0/WARN] [net.minecraftforge.common.ForgeConfigSpec/CORE]: Incorrect key client.maxHudOverlayFlashAlpha was corrected from null to its default, 0.65. 
[29Mar2026 02:51:29.297] [modloading-worker-0/WARN] [net.minecraftforge.common.ForgeConfigSpec/CORE]: Configuration file /workspaces/MC_Tomate/servidor_minecraft/config/vinery.toml is not correct. Correcting
[29Mar2026 02:51:29.297] [modloading-worker-0/WARN] [net.minecraftforge.common.ForgeConfigSpec/CORE]: Incorrect key Blocks was corrected from null to its default, SimpleCommentedConfig:{}. 
[29Mar2026 02:51:29.298] [modloading-worker-0/WARN] [net.minecraftforge.common.ForgeConfigSpec/CORE]: Incorrect key Blocks.totalFermentationTime was corrected from null to its default, 6000. 
[29Mar2026 02:51:29.298] [modloading-worker-0/WARN] [net.minecraftforge.common.ForgeConfigSpec/CORE]: Incorrect key Blocks.maxFluidLevel was corrected from null to its default, 100. 
[29Mar2026 02:51:29.298] [modloading-worker-0/WARN] [net.minecraftforge.common.ForgeConfigSpec/CORE]: Incorrect key Blocks.maxFluidPerJuice was corrected from null to its default, 25. 
[29Mar2026 02:51:29.298] [modloading-worker-0/WARN] [net.minecraftforge.common.ForgeConfigSpec/CORE]: Incorrect key Blocks.applePressMaxMashingProgress was corrected from null to its default, 600. 
[29Mar2026 02:51:29.298] [modloading-worker-0/WARN] [net.minecraftforge.common.ForgeConfigSpec/CORE]: Incorrect key Blocks.applePressMaxFermentingProgress was corrected from null to its default, 800. 
[29Mar2026 02:51:29.299] [modloading-worker-0/WARN] [net.minecraftforge.common.ForgeConfigSpec/CORE]: Incorrect key Blocks.cherryGrowthChance was corrected from null to its default, 0.4. 
[29Mar2026 02:51:29.299] [modloading-worker-0/WARN] [net.minecraftforge.common.ForgeConfigSpec/CORE]: Incorrect key Blocks.appleGrowthChance was corrected from null to its default, 0.4. 
[29Mar2026 02:51:29.299] [modloading-worker-0/WARN] [net.minecraftforge.common.ForgeConfigSpec/CORE]: Incorrect key Blocks.grapeGrowthChance was corrected from null to its default, 0.5. 
[29Mar2026 02:51:29.301] [modloading-worker-0/WARN] [net.minecraftforge.common.ForgeConfigSpec/CORE]: Incorrect key Items was corrected from null to its default, SimpleCommentedConfig:{}. 
[29Mar2026 02:51:29.301] [modloading-worker-0/WARN] [net.minecraftforge.common.ForgeConfigSpec/CORE]: Incorrect key Items.Wine was corrected from null to its default, SimpleCommentedConfig:{}. 
[29Mar2026 02:51:29.302] [modloading-worker-0/WARN] [net.minecraftforge.common.ForgeConfigSpec/CORE]: Incorrect key Items.Wine.maxLevel was corrected from null to its default, 5. 
[29Mar2026 02:51:29.302] [modloading-worker-0/WARN] [net.minecraftforge.common.ForgeConfigSpec/CORE]: Incorrect key Items.Wine.startDuration was corrected from null to its default, 1800. 
[29Mar2026 02:51:29.302] [modloading-worker-0/WARN] [net.minecraftforge.common.ForgeConfigSpec/CORE]: Incorrect key Items.Wine.durationPerYear was corrected from null to its default, 200. 
[29Mar2026 02:51:29.302] [modloading-worker-0/WARN] [net.minecraftforge.common.ForgeConfigSpec/CORE]: Incorrect key Items.Wine.daysPerYear was corrected from null to its default, 24. 
[29Mar2026 02:51:29.302] [modloading-worker-0/WARN] [net.minecraftforge.common.ForgeConfigSpec/CORE]: Incorrect key Items.Wine.yearsPerEffectLevel was corrected from null to its default, 6. 
[29Mar2026 02:51:29.303] [modloading-worker-0/WARN] [net.minecraftforge.common.ForgeConfigSpec/CORE]: Incorrect key Items.Wine.maxDuration was corrected from null to its default, 15000. 
[29Mar2026 02:51:29.303] [modloading-worker-0/WARN] [net.minecraftforge.common.ForgeConfigSpec/CORE]: Incorrect key Items.Banner was corrected from null to its default, SimpleCommentedConfig:{}. 
[29Mar2026 02:51:29.303] [modloading-worker-0/WARN] [net.minecraftforge.common.ForgeConfigSpec/CORE]: Incorrect key Items.Banner.giveEffect was corrected from null to its default, true. 
[29Mar2026 02:51:29.303] [modloading-worker-0/WARN] [net.minecraftforge.common.ForgeConfigSpec/CORE]: Incorrect key Items.Banner.showTooltip was corrected from null to its default, true. 
[29Mar2026 02:51:29.303] [modloading-worker-0/WARN] [net.minecraftforge.common.ForgeConfigSpec/CORE]: Incorrect key Items.Basket was corrected from null to its default, SimpleCommentedConfig:{}. 
[29Mar2026 02:51:29.303] [modloading-worker-0/WARN] [net.minecraftforge.common.ForgeConfigSpec/CORE]: Incorrect key Items.Basket.basketBlacklist was corrected from null to its default, [vinery:basket]. 
[29Mar2026 02:51:29.304] [modloading-worker-0/WARN] [net.minecraftforge.common.ForgeConfigSpec/CORE]: Incorrect key Items.WanderingTrader was corrected from null to its default, SimpleCommentedConfig:{}. 
[29Mar2026 02:51:29.307] [modloading-worker-0/WARN] [net.minecraftforge.common.ForgeConfigSpec/CORE]: Incorrect key Items.WanderingTrader.spawnChance was corrected from null to its default, 0.5. 
[29Mar2026 02:51:29.308] [modloading-worker-0/WARN] [net.minecraftforge.common.ForgeConfigSpec/CORE]: Incorrect key Items.WanderingTrader.spawnWithMules was corrected from null to its default, true. 
[29Mar2026 02:51:29.308] [modloading-worker-0/WARN] [net.minecraftforge.common.ForgeConfigSpec/CORE]: Incorrect key Items.WanderingTrader.spawnDelay was corrected from null to its default, 48000. 
[29Mar2026 02:51:29.308] [modloading-worker-0/WARN] [net.minecraftforge.common.ForgeConfigSpec/CORE]: Incorrect key Items.VillagerTrades was corrected from null to its default, SimpleCommentedConfig:{}. 
[29Mar2026 02:51:29.308] [modloading-worker-0/WARN] [net.minecraftforge.common.ForgeConfigSpec/CORE]: Incorrect key Items.VillagerTrades.level1Trades was corrected from null to its default, [vinery:red_grape|5|4|5|false, vinery:white_grape|5|4|5|false, vinery:red_grape_seeds|2|1|1|true, vinery:white_grape_seeds|2|1|1|true]. 
[29Mar2026 02:51:29.308] [modloading-worker-0/WARN] [net.minecraftforge.common.ForgeConfigSpec/CORE]: Incorrect key Items.VillagerTrades.level2Trades was corrected from null to its default, [vinery:wine_bottle|1|2|7|true]. 
[29Mar2026 02:51:29.309] [modloading-worker-0/WARN] [net.minecraftforge.common.ForgeConfigSpec/CORE]: Incorrect key Items.VillagerTrades.level3Trades was corrected from null to its default, [vinery:flower_box|3|1|10|true, vinery:white_grape_bag|7|1|10|true, vinery:red_grape_bag|7|1|10|true]. 
[29Mar2026 02:51:29.309] [modloading-worker-0/WARN] [net.minecraftforge.common.ForgeConfigSpec/CORE]: Incorrect key Items.VillagerTrades.level4Trades was corrected from null to its default, [vinery:basket|4|1|10|true, vinery:flower_pot_big|5|1|10|true, vinery:window|12|1|10|true, vinery:dark_cherry_beam|6|1|10|true, vinery:taiga_red_grape_seeds|2|1|5|true, vinery:taiga_white_grape_seeds|2|1|5|true]. 
[29Mar2026 02:51:29.309] [modloading-worker-0/WARN] [net.minecraftforge.common.ForgeConfigSpec/CORE]: Incorrect key Items.VillagerTrades.level5Trades was corrected from null to its default, [vinery:wine_box|10|1|10|true, vinery:lilitu_wine|4|1|10|true, vinery:calendar|12|1|15|true]. 
[29Mar2026 02:51:29.368] [modloading-worker-0/INFO] [Photon/]: Photon is initializing on platform: Forge
[29Mar2026 02:51:29.412] [modloading-worker-0/WARN] [net.minecraftforge.common.ForgeConfigSpec/CORE]: Configuration file /workspaces/MC_Tomate/servidor_minecraft/config/the_bumblezone/client.toml is not correct. Correcting
[29Mar2026 02:51:29.412] [modloading-worker-0/WARN] [net.minecraftforge.common.ForgeConfigSpec/CORE]: Incorrect key The Bumblezone Client Dimension Options was corrected from null to its default, SimpleCommentedConfig:{}. 
[29Mar2026 02:51:29.413] [modloading-worker-0/WARN] [net.minecraftforge.common.ForgeConfigSpec/CORE]: Incorrect key The Bumblezone Client Dimension Options.fogBrightnessPercentage was corrected from null to its default, 100.0. 
[29Mar2026 02:51:29.413] [modloading-worker-0/WARN] [net.minecraftforge.common.ForgeConfigSpec/CORE]: Incorrect key The Bumblezone Client Dimension Options.fogThickness was corrected from null to its default, 4.0. 
[29Mar2026 02:51:29.413] [modloading-worker-0/WARN] [net.minecraftforge.common.ForgeConfigSpec/CORE]: Incorrect key The Bumblezone Client Dimension Options.enableDimensionFog was corrected from null to its default, true. 
[29Mar2026 02:51:29.416] [modloading-worker-0/WARN] [net.minecraftforge.common.ForgeConfigSpec/CORE]: Incorrect key Essence Item HUD Rendering Configs was corrected from null to its default, SimpleCommentedConfig:{}. 
[29Mar2026 02:51:29.416] [modloading-worker-0/WARN] [net.minecraftforge.common.ForgeConfigSpec/CORE]: Incorrect key Essence Item HUD Rendering Configs.essenceItemHUDVisualEffectLayers was corrected from null to its default, 3. 
[29Mar2026 02:51:29.416] [modloading-worker-0/WARN] [net.minecraftforge.common.ForgeConfigSpec/CORE]: Incorrect key Essence Item HUD Rendering Configs.essenceItemHUDVisualEffectSpeed was corrected from null to its default, 1.0. 
[29Mar2026 02:51:29.416] [modloading-worker-0/WARN] [net.minecraftforge.common.ForgeConfigSpec/CORE]: Incorrect key Knowing Essence Highlighting Configs (see block and entity tags for even more options) was corrected from null to its default, SimpleCommentedConfig:{}. 
[29Mar2026 02:51:29.417] [modloading-worker-0/WARN] [net.minecraftforge.common.ForgeConfigSpec/CORE]: Incorrect key Knowing Essence Highlighting Configs (see block and entity tags for even more options).knowingEssenceHighlightBosses was corrected from null to its default, true. 
[29Mar2026 02:51:29.417] [modloading-worker-0/WARN] [net.minecraftforge.common.ForgeConfigSpec/CORE]: Incorrect key Knowing Essence Highlighting Configs (see block and entity tags for even more options).knowingEssenceHighlightMonsters was corrected from null to its default, true. 
[29Mar2026 02:51:29.417] [modloading-worker-0/WARN] [net.minecraftforge.common.ForgeConfigSpec/CORE]: Incorrect key Knowing Essence Highlighting Configs (see block and entity tags for even more options).knowingEssenceHighlightTamed was corrected from null to its default, true. 
[29Mar2026 02:51:29.417] [modloading-worker-0/WARN] [net.minecraftforge.common.ForgeConfigSpec/CORE]: Incorrect key Knowing Essence Highlighting Configs (see block and entity tags for even more options).knowingEssenceHighlightLivingEntities was corrected from null to its default, true. 
[29Mar2026 02:51:29.418] [modloading-worker-0/WARN] [net.minecraftforge.common.ForgeConfigSpec/CORE]: Incorrect key Knowing Essence Highlighting Configs (see block and entity tags for even more options).knowingEssenceHighlightCommonItems was corrected from null to its default, true. 
[29Mar2026 02:51:29.418] [modloading-worker-0/WARN] [net.minecraftforge.common.ForgeConfigSpec/CORE]: Incorrect key Knowing Essence Highlighting Configs (see block and entity tags for even more options).knowingEssenceHighlightUncommonItems was corrected from null to its default, true. 
[29Mar2026 02:51:29.418] [modloading-worker-0/WARN] [net.minecraftforge.common.ForgeConfigSpec/CORE]: Incorrect key Knowing Essence Highlighting Configs (see block and entity tags for even more options).knowingEssenceHighlightRareItems was corrected from null to its default, true. 
[29Mar2026 02:51:29.418] [modloading-worker-0/WARN] [net.minecraftforge.common.ForgeConfigSpec/CORE]: Incorrect key Knowing Essence Highlighting Configs (see block and entity tags for even more options).knowingEssenceHighlightEpicItems was corrected from null to its default, true. 
[29Mar2026 02:51:29.420] [modloading-worker-0/WARN] [net.minecraftforge.common.ForgeConfigSpec/CORE]: Incorrect key Knowing Essence Highlighting Configs (see block and entity tags for even more options).knowingEssenceStructureNameClient was corrected from null to its default, true. 
[29Mar2026 02:51:29.420] [modloading-worker-0/WARN] [net.minecraftforge.common.ForgeConfigSpec/CORE]: Incorrect key Knowing Essence Highlighting Configs (see block and entity tags for even more options).knowingEssenceStructureNameXCoord was corrected from null to its default, 4. 
[29Mar2026 02:51:29.421] [modloading-worker-0/WARN] [net.minecraftforge.common.ForgeConfigSpec/CORE]: Incorrect key Knowing Essence Highlighting Configs (see block and entity tags for even more options).knowingEssenceStructureNameYCoord was corrected from null to its default, 16. 
[29Mar2026 02:51:29.421] [modloading-worker-0/WARN] [net.minecraftforge.common.ForgeConfigSpec/CORE]: Incorrect key Radiance Essence configs was corrected from null to its default, SimpleCommentedConfig:{}. 
[29Mar2026 02:51:29.421] [modloading-worker-0/WARN] [net.minecraftforge.common.ForgeConfigSpec/CORE]: Incorrect key Radiance Essence configs.radianceEssenceArmorDurability was corrected from null to its default, true. 
[29Mar2026 02:51:29.421] [modloading-worker-0/WARN] [net.minecraftforge.common.ForgeConfigSpec/CORE]: Incorrect key Radiance Essence configs.radianceEssenceArmorDurabilityXCoord was corrected from null to its default, 4. 
[29Mar2026 02:51:29.421] [modloading-worker-0/WARN] [net.minecraftforge.common.ForgeConfigSpec/CORE]: Incorrect key Radiance Essence configs.radianceEssenceArmorDurabilityYCoord was corrected from null to its default, 16. 
[29Mar2026 02:51:29.422] [modloading-worker-0/WARN] [net.minecraftforge.common.ForgeConfigSpec/CORE]: Incorrect key Entity Model/Renderer configs was corrected from null to its default, SimpleCommentedConfig:{}. 
[29Mar2026 02:51:29.422] [modloading-worker-0/WARN] [net.minecraftforge.common.ForgeConfigSpec/CORE]: Incorrect key Entity Model/Renderer configs.useBackupModelForVariantBee was corrected from null to its default, false. 
[29Mar2026 02:51:29.422] [modloading-worker-0/WARN] [net.minecraftforge.common.ForgeConfigSpec/CORE]: Incorrect key playWrathOfHiveEffectMusic was corrected from null to its default, true. 
[29Mar2026 02:51:29.425] [modloading-worker-0/WARN] [net.minecraftforge.common.ForgeConfigSpec/CORE]: Incorrect key showBeeQueenSpeechBubble was corrected from null to its default, true. 
[29Mar2026 02:51:29.425] [modloading-worker-0/WARN] [net.minecraftforge.common.ForgeConfigSpec/CORE]: Incorrect key playSempiternalSanctumMusic was corrected from null to its default, true. 
[29Mar2026 02:51:29.425] [modloading-worker-0/WARN] [net.minecraftforge.common.ForgeConfigSpec/CORE]: Incorrect key disableEssenceBlockShaders was corrected from null to its default, false. 
[29Mar2026 02:51:29.437] [modloading-worker-0/WARN] [net.minecraftforge.common.ForgeConfigSpec/CORE]: Configuration file /workspaces/MC_Tomate/servidor_minecraft/config/the_bumblezone/general.toml is not correct. Correcting
[29Mar2026 02:51:29.438] [modloading-worker-0/WARN] [net.minecraftforge.common.ForgeConfigSpec/CORE]: Incorrect key Variant Bee Options was corrected from null to its default, SimpleCommentedConfig:{}. 
[29Mar2026 02:51:29.439] [modloading-worker-0/WARN] [net.minecraftforge.common.ForgeConfigSpec/CORE]: Incorrect key Variant Bee Options.variantBeeTypes was corrected from null to its default, [redtail_bee, green_bee, blue_bee, white_bee, ukraine_bee, trans_bee, asexual_bee, agender_bee, aroace_bee, aromantic_bee, bisexual_bee, pan_bee, enby_bee, reverse_bee, neapolitan_bee, rainbow_bee]. 
[29Mar2026 02:51:29.439] [modloading-worker-0/WARN] [net.minecraftforge.common.ForgeConfigSpec/CORE]: Incorrect key Beehemoth Options was corrected from null to its default, SimpleCommentedConfig:{}. 
[29Mar2026 02:51:29.439] [modloading-worker-0/WARN] [net.minecraftforge.common.ForgeConfigSpec/CORE]: Incorrect key Beehemoth Options.beehemothSpeed was corrected from null to its default, 0.95. 
[29Mar2026 02:51:29.439] [modloading-worker-0/WARN] [net.minecraftforge.common.ForgeConfigSpec/CORE]: Incorrect key Beehemoth Options.beehemothFriendlyFire was corrected from null to its default, true. 
[29Mar2026 02:51:29.439] [modloading-worker-0/WARN] [net.minecraftforge.common.ForgeConfigSpec/CORE]: Incorrect key Special Bee Spawning Options was corrected from null to its default, SimpleCommentedConfig:{}. 
[29Mar2026 02:51:29.441] [modloading-worker-0/WARN] [net.minecraftforge.common.ForgeConfigSpec/CORE]: Incorrect key Special Bee Spawning Options.specialBeeSpawning was corrected from null to its default, true. 
[29Mar2026 02:51:29.441] [modloading-worker-0/WARN] [net.minecraftforge.common.ForgeConfigSpec/CORE]: Incorrect key Special Bee Spawning Options.nearbyBeesPerPlayerInBz was corrected from null to its default, 25. 
[29Mar2026 02:51:29.441] [modloading-worker-0/WARN] [net.minecraftforge.common.ForgeConfigSpec/CORE]: Incorrect key Bee Loot Injection Options was corrected from null to its default, SimpleCommentedConfig:{}. 
[29Mar2026 02:51:29.442] [modloading-worker-0/WARN] [net.minecraftforge.common.ForgeConfigSpec/CORE]: Incorrect key Bee Loot Injection Options.beeLootInjection was corrected from null to its default, true. 
[29Mar2026 02:51:29.443] [modloading-worker-0/WARN] [net.minecraftforge.common.ForgeConfigSpec/CORE]: Incorrect key Bee Loot Injection Options.moddedBeeLootInjection was corrected from null to its default, true. 
[29Mar2026 02:51:29.443] [modloading-worker-0/WARN] [net.minecraftforge.common.ForgeConfigSpec/CORE]: Incorrect key Brewing Recipe Options was corrected from null to its default, SimpleCommentedConfig:{}. 
[29Mar2026 02:51:29.447] [modloading-worker-0/WARN] [net.minecraftforge.common.ForgeConfigSpec/CORE]: Incorrect key Brewing Recipe Options.glisteringHoneyBrewingRecipe was corrected from null to its default, true. 
[29Mar2026 02:51:29.447] [modloading-worker-0/WARN] [net.minecraftforge.common.ForgeConfigSpec/CORE]: Incorrect key Brewing Recipe Options.beeStingerBrewingRecipe was corrected from null to its default, true. 
[29Mar2026 02:51:29.447] [modloading-worker-0/WARN] [net.minecraftforge.common.ForgeConfigSpec/CORE]: Incorrect key Brewing Recipe Options.beeSoupBrewingRecipe was corrected from null to its default, true. 
[29Mar2026 02:51:29.448] [modloading-worker-0/WARN] [net.minecraftforge.common.ForgeConfigSpec/CORE]: Incorrect key Enchantments Options was corrected from null to its default, SimpleCommentedConfig:{}. 
[29Mar2026 02:51:29.448] [modloading-worker-0/WARN] [net.minecraftforge.common.ForgeConfigSpec/CORE]: Incorrect key Enchantments Options.neurotoxinMaxLevel was corrected from null to its default, 2. 
[29Mar2026 02:51:29.448] [modloading-worker-0/WARN] [net.minecraftforge.common.ForgeConfigSpec/CORE]: Incorrect key Enchantments Options.paralyzedMaxTickDuration was corrected from null to its default, 600. 
[29Mar2026 02:51:29.448] [modloading-worker-0/WARN] [net.minecraftforge.common.ForgeConfigSpec/CORE]: Incorrect key General Mechanics Options was corrected from null to its default, SimpleCommentedConfig:{}. 
[29Mar2026 02:51:29.448] [modloading-worker-0/WARN] [net.minecraftforge.common.ForgeConfigSpec/CORE]: Incorrect key General Mechanics Options.dispensersDropGlassBottles was corrected from null to its default, false. 
[29Mar2026 02:51:29.449] [modloading-worker-0/WARN] [net.minecraftforge.common.ForgeConfigSpec/CORE]: Incorrect key General Mechanics Options.broodBlocksBeeSpawnCapacity was corrected from null to its default, 40. 
[29Mar2026 02:51:29.449] [modloading-worker-0/WARN] [net.minecraftforge.common.ForgeConfigSpec/CORE]: Incorrect key General Mechanics Options.pileOfPollenHyperFireSpread was corrected from null to its default, false. 
[29Mar2026 02:51:29.451] [modloading-worker-0/WARN] [net.minecraftforge.common.ForgeConfigSpec/CORE]: Incorrect key General Mechanics Options.superCandlesBurnsMobs was corrected from null to its default, true. 
[29Mar2026 02:51:29.451] [modloading-worker-0/WARN] [net.minecraftforge.common.ForgeConfigSpec/CORE]: Incorrect key General Mechanics Options.beeQueenSpecialDayTrades was corrected from null to its default, true. 
[29Mar2026 02:51:29.451] [modloading-worker-0/WARN] [net.minecraftforge.common.ForgeConfigSpec/CORE]: Incorrect key General Mechanics Options.beeQueenRespawning was corrected from null to its default, true. 
[29Mar2026 02:51:29.452] [modloading-worker-0/WARN] [net.minecraftforge.common.ForgeConfigSpec/CORE]: Incorrect key General Mechanics Options.beeQueenGroundPickup was corrected from null to its default, true. 
[29Mar2026 02:51:29.454] [modloading-worker-0/WARN] [net.minecraftforge.common.ForgeConfigSpec/CORE]: Incorrect key General Mechanics Options.crystallineFlowerConsumeItemEntities was corrected from null to its default, true. 
[29Mar2026 02:51:29.454] [modloading-worker-0/WARN] [net.minecraftforge.common.ForgeConfigSpec/CORE]: Incorrect key General Mechanics Options.crystallineFlowerConsumeExperienceOrbEntities was corrected from null to its default, true. 
[29Mar2026 02:51:29.454] [modloading-worker-0/WARN] [net.minecraftforge.common.ForgeConfigSpec/CORE]: Incorrect key General Mechanics Options.crystallineFlowerConsumeItemUI was corrected from null to its default, true. 
[29Mar2026 02:51:29.455] [modloading-worker-0/WARN] [net.minecraftforge.common.ForgeConfigSpec/CORE]: Incorrect key General Mechanics Options.crystallineFlowerConsumeExperienceUI was corrected from null to its default, true. 
[29Mar2026 02:51:29.458] [modloading-worker-0/WARN] [net.minecraftforge.common.ForgeConfigSpec/CORE]: Incorrect key General Mechanics Options.crystallineFlowerEnchantingPowerAllowedPerTier was corrected from null to its default, 8. 
[29Mar2026 02:51:29.458] [modloading-worker-0/WARN] [net.minecraftforge.common.ForgeConfigSpec/CORE]: Incorrect key General Mechanics Options.crystallineFlowerExtraXpNeededForTiers was corrected from null to its default, 0. 
[29Mar2026 02:51:29.458] [modloading-worker-0/WARN] [net.minecraftforge.common.ForgeConfigSpec/CORE]: Incorrect key General Mechanics Options.crystallineFlowerExtraTierCost was corrected from null to its default, 0. 
[29Mar2026 02:51:29.459] [modloading-worker-0/WARN] [net.minecraftforge.common.ForgeConfigSpec/CORE]: Incorrect key Music Disc Options was corrected from null to its default, SimpleCommentedConfig:{}. 
[29Mar2026 02:51:29.461] [modloading-worker-0/WARN] [net.minecraftforge.common.ForgeConfigSpec/CORE]: Incorrect key Music Disc Options.allowWanderingTraderMusicDiscsTrades was corrected from null to its default, true. 
[29Mar2026 02:51:29.462] [modloading-worker-0/WARN] [net.minecraftforge.common.ForgeConfigSpec/CORE]: Incorrect key Music Disc Options.musicDiscTimeLengthFlightOfTheBumblebee was corrected from null to its default, 84. 
[29Mar2026 02:51:29.465] [modloading-worker-0/WARN] [net.minecraftforge.common.ForgeConfigSpec/CORE]: Incorrect key Music Disc Options.musicDiscTimeLengthHoneyBee was corrected from null to its default, 216. 
[29Mar2026 02:51:29.465] [modloading-worker-0/WARN] [net.minecraftforge.common.ForgeConfigSpec/CORE]: Incorrect key Music Disc Options.musicDiscTimeLengthBeeLaxingWithTheHomBees was corrected from null to its default, 300. 
[29Mar2026 02:51:29.465] [modloading-worker-0/WARN] [net.minecraftforge.common.ForgeConfigSpec/CORE]: Incorrect key Music Disc Options.musicDiscTimeLengthLaBeeDaLoca was corrected from null to its default, 176. 
[29Mar2026 02:51:29.465] [modloading-worker-0/WARN] [net.minecraftforge.common.ForgeConfigSpec/CORE]: Incorrect key Music Disc Options.musicDiscTimeLengthBeeWareOfTheTemple was corrected from null to its default, 371. 
[29Mar2026 02:51:29.466] [modloading-worker-0/WARN] [net.minecraftforge.common.ForgeConfigSpec/CORE]: Incorrect key Music Disc Options.musicDiscTimeLengthKnowing was corrected from null to its default, 251. 
[29Mar2026 02:51:29.466] [modloading-worker-0/WARN] [net.minecraftforge.common.ForgeConfigSpec/CORE]: Incorrect key Music Disc Options.musicDiscTimeLengthRadiance was corrected from null to its default, 106. 
[29Mar2026 02:51:29.466] [modloading-worker-0/WARN] [net.minecraftforge.common.ForgeConfigSpec/CORE]: Incorrect key Music Disc Options.musicDiscTimeLengthLife was corrected from null to its default, 86. 
[29Mar2026 02:51:29.466] [modloading-worker-0/WARN] [net.minecraftforge.common.ForgeConfigSpec/CORE]: Incorrect key Music Disc Options.musicDiscTimeAFirstALast was corrected from null to its default, 652. 
[29Mar2026 02:51:29.466] [modloading-worker-0/WARN] [net.minecraftforge.common.ForgeConfigSpec/CORE]: Incorrect key Music Disc Options.musicDiscDrowningInDespair was corrected from null to its default, 570. 
[29Mar2026 02:51:29.466] [modloading-worker-0/WARN] [net.minecraftforge.common.ForgeConfigSpec/CORE]: Incorrect key Music Disc Options.musicDiscBeennaBox was corrected from null to its default, 251. 
[29Mar2026 02:51:29.466] [modloading-worker-0/WARN] [net.minecraftforge.common.ForgeConfigSpec/CORE]: Incorrect key Essence Options was corrected from null to its default, SimpleCommentedConfig:{}. 
[29Mar2026 02:51:29.466] [modloading-worker-0/WARN] [net.minecraftforge.common.ForgeConfigSpec/CORE]: Incorrect key Essence Options.keepEssenceOfTheBeesOnRespawning was corrected from null to its default, true. 
[29Mar2026 02:51:29.467] [modloading-worker-0/WARN] [net.minecraftforge.common.ForgeConfigSpec/CORE]: Incorrect key Essence Options.repeatableEssenceEvents was corrected from null to its default, true. 
[29Mar2026 02:51:29.467] [modloading-worker-0/WARN] [net.minecraftforge.common.ForgeConfigSpec/CORE]: Incorrect key Essence Options.blueArenaBubblesMechanic was corrected from null to its default, true. 
[29Mar2026 02:51:29.467] [modloading-worker-0/WARN] [net.minecraftforge.common.ForgeConfigSpec/CORE]: Incorrect key Essence Options.cosmicCrystalHealth was corrected from null to its default, 60. 
[29Mar2026 02:51:29.467] [modloading-worker-0/WARN] [net.minecraftforge.common.ForgeConfigSpec/CORE]: Incorrect key Essence Options.ragingEssenceAbilityUse was corrected from null to its default, 28. 
[29Mar2026 02:51:29.467] [modloading-worker-0/WARN] [net.minecraftforge.common.ForgeConfigSpec/CORE]: Incorrect key Essence Options.ragingEssenceCooldown was corrected from null to its default, 36000. 
[29Mar2026 02:51:29.467] [modloading-worker-0/WARN] [net.minecraftforge.common.ForgeConfigSpec/CORE]: Incorrect key Essence Options.ragingEssenceStrengthLevels was corrected from null to its default, [1, 2, 3, 5, 8, 14, 20]. 
[29Mar2026 02:51:29.468] [modloading-worker-0/WARN] [net.minecraftforge.common.ForgeConfigSpec/CORE]: Incorrect key Essence Options.knowingEssenceAbilityUse was corrected from null to its default, 1200. 
[29Mar2026 02:51:29.468] [modloading-worker-0/WARN] [net.minecraftforge.common.ForgeConfigSpec/CORE]: Incorrect key Essence Options.knowingEssenceCooldown was corrected from null to its default, 18000. 
[29Mar2026 02:51:29.468] [modloading-worker-0/WARN] [net.minecraftforge.common.ForgeConfigSpec/CORE]: Incorrect key Essence Options.knowingEssenceStructureNameServer was corrected from null to its default, true. 
[29Mar2026 02:51:29.468] [modloading-worker-0/WARN] [net.minecraftforge.common.ForgeConfigSpec/CORE]: Incorrect key Essence Options.calmingEssenceAbilityUse was corrected from null to its default, 600. 
[29Mar2026 02:51:29.468] [modloading-worker-0/WARN] [net.minecraftforge.common.ForgeConfigSpec/CORE]: Incorrect key Essence Options.calmingEssenceCooldown was corrected from null to its default, 12000. 
[29Mar2026 02:51:29.468] [modloading-worker-0/WARN] [net.minecraftforge.common.ForgeConfigSpec/CORE]: Incorrect key Essence Options.lifeEssenceAbilityUse was corrected from null to its default, 1000. 
[29Mar2026 02:51:29.468] [modloading-worker-0/WARN] [net.minecraftforge.common.ForgeConfigSpec/CORE]: Incorrect key Essence Options.lifeEssenceCooldown was corrected from null to its default, 12000. 
[29Mar2026 02:51:29.468] [modloading-worker-0/WARN] [net.minecraftforge.common.ForgeConfigSpec/CORE]: Incorrect key Essence Options.radianceEssenceAbilityUse was corrected from null to its default, 4800. 
[29Mar2026 02:51:29.469] [modloading-worker-0/WARN] [net.minecraftforge.common.ForgeConfigSpec/CORE]: Incorrect key Essence Options.radianceEssenceCooldown was corrected from null to its default, 12000. 
[29Mar2026 02:51:29.469] [modloading-worker-0/WARN] [net.minecraftforge.common.ForgeConfigSpec/CORE]: Incorrect key Essence Options.continuityEssenceCooldown was corrected from null to its default, 48000. 
[29Mar2026 02:51:29.474] [modloading-worker-0/WARN] [net.minecraftforge.common.ForgeConfigSpec/CORE]: Configuration file /workspaces/MC_Tomate/servidor_minecraft/config/the_bumblezone/worldgen.toml is not correct. Correcting
[29Mar2026 02:51:29.474] [modloading-worker-0/WARN] [net.minecraftforge.common.ForgeConfigSpec/CORE]: Incorrect key Dungeon Options was corrected from null to its default, SimpleCommentedConfig:{}. 
[29Mar2026 02:51:29.474] [modloading-worker-0/WARN] [net.minecraftforge.common.ForgeConfigSpec/CORE]: Incorrect key Dungeon Options.beeDungeonRarity was corrected from null to its default, 1. 
[29Mar2026 02:51:29.474] [modloading-worker-0/WARN] [net.minecraftforge.common.ForgeConfigSpec/CORE]: Incorrect key Dungeon Options.treeDungeonRarity was corrected from null to its default, 2. 
[29Mar2026 02:51:29.475] [modloading-worker-0/WARN] [net.minecraftforge.common.ForgeConfigSpec/CORE]: Incorrect key Dungeon Options.spiderInfestedBeeDungeonRarity was corrected from null to its default, 5. 
[29Mar2026 02:51:29.475] [modloading-worker-0/WARN] [net.minecraftforge.common.ForgeConfigSpec/CORE]: Incorrect key Dungeon Options.spawnerRateSpiderBeeDungeon was corrected from null to its default, 0.2. 
[29Mar2026 02:51:29.479] [modloading-worker-0/WARN] [net.minecraftforge.common.ForgeConfigSpec/CORE]: Configuration file /workspaces/MC_Tomate/servidor_minecraft/config/the_bumblezone/dimension.toml is not correct. Correcting
[29Mar2026 02:51:29.479] [modloading-worker-0/WARN] [net.minecraftforge.common.ForgeConfigSpec/CORE]: Incorrect key The Bumblezone Welcome Options was corrected from null to its default, SimpleCommentedConfig:{}. 
[29Mar2026 02:51:29.479] [modloading-worker-0/WARN] [net.minecraftforge.common.ForgeConfigSpec/CORE]: Incorrect key The Bumblezone Welcome Options.enableInitialWelcomeMessage was corrected from null to its default, true. 
[29Mar2026 02:51:29.480] [modloading-worker-0/WARN] [net.minecraftforge.common.ForgeConfigSpec/CORE]: Incorrect key The Bumblezone Teleportation Options was corrected from null to its default, SimpleCommentedConfig:{}. 
[29Mar2026 02:51:29.481] [modloading-worker-0/WARN] [net.minecraftforge.common.ForgeConfigSpec/CORE]: Incorrect key The Bumblezone Teleportation Options.enableEntranceTeleportation was corrected from null to its default, true. 
[29Mar2026 02:51:29.481] [modloading-worker-0/WARN] [net.minecraftforge.common.ForgeConfigSpec/CORE]: Incorrect key The Bumblezone Teleportation Options.enableExitTeleportation was corrected from null to its default, true. 
[29Mar2026 02:51:29.481] [modloading-worker-0/WARN] [net.minecraftforge.common.ForgeConfigSpec/CORE]: Incorrect key The Bumblezone Teleportation Options.forceBumblezoneOriginMobToOverworldCenter was corrected from null to its default, true. 
[29Mar2026 02:51:29.481] [modloading-worker-0/WARN] [net.minecraftforge.common.ForgeConfigSpec/CORE]: Incorrect key The Bumblezone Teleportation Options.forceExitToOverworld was corrected from null to its default, false. 
[29Mar2026 02:51:29.482] [modloading-worker-0/WARN] [net.minecraftforge.common.ForgeConfigSpec/CORE]: Incorrect key The Bumblezone Teleportation Options.onlyOverworldHivesTeleports was corrected from null to its default, false. 
[29Mar2026 02:51:29.482] [modloading-worker-0/WARN] [net.minecraftforge.common.ForgeConfigSpec/CORE]: Incorrect key The Bumblezone Teleportation Options.warnPlayersOfWrongBlockUnderHive was corrected from null to its default, true. 
[29Mar2026 02:51:29.482] [modloading-worker-0/WARN] [net.minecraftforge.common.ForgeConfigSpec/CORE]: Incorrect key The Bumblezone Teleportation Options.allowTeleportationWithModdedBeehives was corrected from null to its default, true. 
[29Mar2026 02:51:29.482] [modloading-worker-0/WARN] [net.minecraftforge.common.ForgeConfigSpec/CORE]: Incorrect key The Bumblezone Teleportation Options.defaultDimension was corrected from null to its default, minecraft:overworld. 
[29Mar2026 02:51:29.491] [modloading-worker-0/WARN] [net.minecraftforge.common.ForgeConfigSpec/CORE]: Configuration file /workspaces/MC_Tomate/servidor_minecraft/config/the_bumblezone/bee_aggression.toml is not correct. Correcting
[29Mar2026 02:51:29.491] [modloading-worker-0/WARN] [net.minecraftforge.common.ForgeConfigSpec/CORE]: Incorrect key Wrath of the Hive Options was corrected from null to its default, SimpleCommentedConfig:{}. 
[29Mar2026 02:51:29.491] [modloading-worker-0/WARN] [net.minecraftforge.common.ForgeConfigSpec/CORE]: Incorrect key Wrath of the Hive Options.Bees Aggression Options was corrected from null to its default, SimpleCommentedConfig:{}. 
[29Mar2026 02:51:29.491] [modloading-worker-0/WARN] [net.minecraftforge.common.ForgeConfigSpec/CORE]: Incorrect key Wrath of the Hive Options.Bees Aggression Options.beehemothTriggersWrath was corrected from null to its default, false. 
[29Mar2026 02:51:29.492] [modloading-worker-0/WARN] [net.minecraftforge.common.ForgeConfigSpec/CORE]: Incorrect key Wrath of the Hive Options.Bees Aggression Options.allowWrathOfTheHiveOutsideBumblezone was corrected from null to its default, false. 
[29Mar2026 02:51:29.492] [modloading-worker-0/WARN] [net.minecraftforge.common.ForgeConfigSpec/CORE]: Incorrect key Wrath of the Hive Options.Bees Aggression Options.showWrathOfTheHiveParticles was corrected from null to its default, true. 
[29Mar2026 02:51:29.492] [modloading-worker-0/WARN] [net.minecraftforge.common.ForgeConfigSpec/CORE]: Incorrect key Wrath of the Hive Options.Bees Aggression Options.aggressiveBees was corrected from null to its default, true. 
[29Mar2026 02:51:29.493] [modloading-worker-0/WARN] [net.minecraftforge.common.ForgeConfigSpec/CORE]: Incorrect key Wrath of the Hive Options.Bees Aggression Options.aggressionTriggerRadius was corrected from null to its default, 64. 
[29Mar2026 02:51:29.493] [modloading-worker-0/WARN] [net.minecraftforge.common.ForgeConfigSpec/CORE]: Incorrect key Wrath of the Hive Options.Bees Aggression Options.howLongWrathOfTheHiveLasts was corrected from null to its default, 1680. 
[29Mar2026 02:51:29.493] [modloading-worker-0/WARN] [net.minecraftforge.common.ForgeConfigSpec/CORE]: Incorrect key Wrath of the Hive Options.Bees Aggression Options.howLongProtectionOfTheHiveLasts was corrected from null to its default, 6000. 
[29Mar2026 02:51:29.493] [modloading-worker-0/WARN] [net.minecraftforge.common.ForgeConfigSpec/CORE]: Incorrect key Wrath of the Hive Options.Bees Effects Options was corrected from null to its default, SimpleCommentedConfig:{}. 
[29Mar2026 02:51:29.499] [modloading-worker-0/WARN] [net.minecraftforge.common.ForgeConfigSpec/CORE]: Incorrect key Wrath of the Hive Options.Bees Effects Options.speedBoostLevel was corrected from null to its default, 2. 
[29Mar2026 02:51:29.499] [modloading-worker-0/WARN] [net.minecraftforge.common.ForgeConfigSpec/CORE]: Incorrect key Wrath of the Hive Options.Bees Effects Options.absorptionBoostLevel was corrected from null to its default, 1. 
[29Mar2026 02:51:29.499] [modloading-worker-0/WARN] [net.minecraftforge.common.ForgeConfigSpec/CORE]: Incorrect key Wrath of the Hive Options.Bees Effects Options.strengthBoostLevel was corrected from null to its default, 1. 
[29Mar2026 02:51:29.511] [modloading-worker-0/WARN] [net.minecraftforge.common.ForgeConfigSpec/CORE]: Configuration file /workspaces/MC_Tomate/servidor_minecraft/config/the_bumblezone/mod_compatibility.toml is not correct. Correcting
[29Mar2026 02:51:29.511] [modloading-worker-0/WARN] [net.minecraftforge.common.ForgeConfigSpec/CORE]: Incorrect key Mod Compatibility Options was corrected from null to its default, SimpleCommentedConfig:{}. 
[29Mar2026 02:51:29.511] [modloading-worker-0/WARN] [net.minecraftforge.common.ForgeConfigSpec/CORE]: Incorrect key Mod Compatibility Options.General Compat Options was corrected from null to its default, SimpleCommentedConfig:{}. 
[29Mar2026 02:51:29.511] [modloading-worker-0/WARN] [net.minecraftforge.common.ForgeConfigSpec/CORE]: Incorrect key Mod Compatibility Options.General Compat Options.alternativeFluidToReplaceHoneyFluid was corrected from null to its default, . 
[29Mar2026 02:51:29.512] [modloading-worker-0/WARN] [net.minecraftforge.common.ForgeConfigSpec/CORE]: Incorrect key Mod Compatibility Options.General Compat Options.allowHoneyFluidTanksFeedingCompat was corrected from null to its default, true. 
[29Mar2026 02:51:29.512] [modloading-worker-0/WARN] [net.minecraftforge.common.ForgeConfigSpec/CORE]: Incorrect key Mod Compatibility Options.Pokecube Options was corrected from null to its default, SimpleCommentedConfig:{}. 
[29Mar2026 02:51:29.512] [modloading-worker-0/WARN] [net.minecraftforge.common.ForgeConfigSpec/CORE]: Incorrect key Mod Compatibility Options.Pokecube Options.spawnPokecubeBeePokemon was corrected from null to its default, true. 
[29Mar2026 02:51:29.512] [modloading-worker-0/WARN] [net.minecraftforge.common.ForgeConfigSpec/CORE]: Incorrect key Mod Compatibility Options.Pokecube Options.beePokemonGetsProtectionEffect was corrected from null to its default, true. 
[29Mar2026 02:51:29.514] [modloading-worker-0/WARN] [net.minecraftforge.common.ForgeConfigSpec/CORE]: Incorrect key Mod Compatibility Options.Pokecube Options.spawnrateOfPokecubeBeePokemon was corrected from null to its default, 0.05. 
[29Mar2026 02:51:29.514] [modloading-worker-0/WARN] [net.minecraftforge.common.ForgeConfigSpec/CORE]: Incorrect key Mod Compatibility Options.Tropicraft Options was corrected from null to its default, SimpleCommentedConfig:{}. 
[29Mar2026 02:51:29.514] [modloading-worker-0/WARN] [net.minecraftforge.common.ForgeConfigSpec/CORE]: Incorrect key Mod Compatibility Options.Tropicraft Options.spawnTropicraftBeesMob was corrected from null to its default, true. 
[29Mar2026 02:51:29.514] [modloading-worker-0/WARN] [net.minecraftforge.common.ForgeConfigSpec/CORE]: Incorrect key Mod Compatibility Options.Tropicraft Options.spawnrateOfTropicraftBeesMobs was corrected from null to its default, 0.025. 
[29Mar2026 02:51:29.514] [modloading-worker-0/WARN] [net.minecraftforge.common.ForgeConfigSpec/CORE]: Incorrect key Mod Compatibility Options.Tropicraft Options.allowTropicraftSpawnFromDispenserFedBroodBlock was corrected from null to its default, true. 
[29Mar2026 02:51:29.517] [modloading-worker-0/WARN] [net.minecraftforge.common.ForgeConfigSpec/CORE]: Incorrect key Mod Compatibility Options.Resourceful Bees Options was corrected from null to its default, SimpleCommentedConfig:{}. 
[29Mar2026 02:51:29.517] [modloading-worker-0/WARN] [net.minecraftforge.common.ForgeConfigSpec/CORE]: Incorrect key Mod Compatibility Options.Resourceful Bees Options.spawnResourcefulBeesBeesMob was corrected from null to its default, true. 
[29Mar2026 02:51:29.517] [modloading-worker-0/WARN] [net.minecraftforge.common.ForgeConfigSpec/CORE]: Incorrect key Mod Compatibility Options.Resourceful Bees Options.spawnrateOfResourcefulBeesMobsBrood was corrected from null to its default, 0.03. 
[29Mar2026 02:51:29.517] [modloading-worker-0/WARN] [net.minecraftforge.common.ForgeConfigSpec/CORE]: Incorrect key Mod Compatibility Options.Resourceful Bees Options.spawnrateOfResourcefulBeesMobsOther was corrected from null to its default, 0.008. 
[29Mar2026 02:51:29.517] [modloading-worker-0/WARN] [net.minecraftforge.common.ForgeConfigSpec/CORE]: Incorrect key Mod Compatibility Options.Resourceful Bees Options.RBOreHoneycombSpawnRateBeeDungeon was corrected from null to its default, 0.06. 
[29Mar2026 02:51:29.517] [modloading-worker-0/WARN] [net.minecraftforge.common.ForgeConfigSpec/CORE]: Incorrect key Mod Compatibility Options.Resourceful Bees Options.RBOreHoneycombSpawnRateSpiderBeeDungeon was corrected from null to its default, 0.12. 
[29Mar2026 02:51:29.517] [modloading-worker-0/WARN] [net.minecraftforge.common.ForgeConfigSpec/CORE]: Incorrect key Mod Compatibility Options.Resourceful Bees Options.spawnResourcefulBeesHoneycombVeins was corrected from null to its default, true. 
[29Mar2026 02:51:29.520] [modloading-worker-0/WARN] [net.minecraftforge.common.ForgeConfigSpec/CORE]: Incorrect key Mod Compatibility Options.Resourceful Bees Options.allowResourcefulBeesBeeJarRevivingEmptyBroodBlock was corrected from null to its default, true. 
[29Mar2026 02:51:29.521] [modloading-worker-0/WARN] [net.minecraftforge.common.ForgeConfigSpec/CORE]: Incorrect key Mod Compatibility Options.Resourceful Bees Options.allowResourcefulBeesSpawnFromDispenserFedBroodBlock was corrected from null to its default, true. 
[29Mar2026 02:51:29.522] [modloading-worker-0/WARN] [net.minecraftforge.common.ForgeConfigSpec/CORE]: Incorrect key Mod Compatibility Options.Productive Bees Options was corrected from null to its default, SimpleCommentedConfig:{}. 
[29Mar2026 02:51:29.522] [modloading-worker-0/WARN] [net.minecraftforge.common.ForgeConfigSpec/CORE]: Incorrect key Mod Compatibility Options.Productive Bees Options.spawnProductiveBeesBeesMob was corrected from null to its default, true. 
[29Mar2026 02:51:29.522] [modloading-worker-0/WARN] [net.minecraftforge.common.ForgeConfigSpec/CORE]: Incorrect key Mod Compatibility Options.Productive Bees Options.spawnrateOfProductiveBeesMobs was corrected from null to its default, 0.03. 
[29Mar2026 02:51:29.522] [modloading-worker-0/WARN] [net.minecraftforge.common.ForgeConfigSpec/CORE]: Incorrect key Mod Compatibility Options.Productive Bees Options.spawnProductiveBeesHoneycombVariants was corrected from null to its default, true. 
[29Mar2026 02:51:29.523] [modloading-worker-0/WARN] [net.minecraftforge.common.ForgeConfigSpec/CORE]: Incorrect key Mod Compatibility Options.Productive Bees Options.allowedCombsForDungeons was corrected from null to its default, [productivebees:diamond, productivebees:iron, productivebees:coal, productivebees:redstone, productivebees:copper, productivebees:lapis, productivebees:gold, productivebees:emerald, productivebees:obsidian, productivebees:experience, productivebees:magmatic, productivebees:amethyst, productivebees:prismarine, productivebees:crystalline, productivebees:sugarbag, productivebees:glowing, productivebees:frosty, productivebees:slimy, productivebees:silky, productivebees:blazing, productivebees:ender, productivebees:skeletal, productivebees:ghostly, productivebees:zombie]. 
[29Mar2026 02:51:29.525] [modloading-worker-0/WARN] [net.minecraftforge.common.ForgeConfigSpec/CORE]: Incorrect key Mod Compatibility Options.Productive Bees Options.allowedBees was corrected from null to its default, [productivebees:iron, productivebees:coal, productivebees:redstone, productivebees:copper, productivebees:lapis, productivebees:gold, productivebees:emerald, productivebees:obsidian, productivebees:experience, productivebees:magmatic, productivebees:amethyst, productivebees:prismarine, productivebees:crystalline, productivebees:sugarbag, productivebees:glowing, productivebees:frosty, productivebees:slimy, productivebees:silky, productivebees:blazing, productivebees:ender, productivebees:skeletal, productivebees:ghostly, productivebees:zombie]. 
[29Mar2026 02:51:29.529] [modloading-worker-0/WARN] [net.minecraftforge.common.ForgeConfigSpec/CORE]: Incorrect key Mod Compatibility Options.Productive Bees Options.allowProductiveBeesBeeCageRevivingEmptyBroodBlock was corrected from null to its default, true. 
[29Mar2026 02:51:29.529] [modloading-worker-0/WARN] [net.minecraftforge.common.ForgeConfigSpec/CORE]: Incorrect key Mod Compatibility Options.Productive Bees Options.allowProductiveBeesSpawnFromDispenserFedBroodBlock was corrected from null to its default, true. 
[29Mar2026 02:51:29.529] [modloading-worker-0/WARN] [net.minecraftforge.common.ForgeConfigSpec/CORE]: Incorrect key Mod Compatibility Options.Productive Bees Options.PBOreHoneycombSpawnRateBeeDungeon was corrected from null to its default, 0.125. 
[29Mar2026 02:51:29.529] [modloading-worker-0/WARN] [net.minecraftforge.common.ForgeConfigSpec/CORE]: Incorrect key Mod Compatibility Options.Productive Bees Options.PBOreHoneycombSpawnRateSpiderBeeDungeon was corrected from null to its default, 0.25. 
[29Mar2026 02:51:29.530] [modloading-worker-0/WARN] [net.minecraftforge.common.ForgeConfigSpec/CORE]: Incorrect key Mod Compatibility Options.Friends and Foes Options was corrected from null to its default, SimpleCommentedConfig:{}. 
[29Mar2026 02:51:29.530] [modloading-worker-0/WARN] [net.minecraftforge.common.ForgeConfigSpec/CORE]: Incorrect key Mod Compatibility Options.Friends and Foes Options.allowFriendsAndFoesBeekeeperTradesCompat was corrected from null to its default, true. 
[29Mar2026 02:51:29.530] [modloading-worker-0/WARN] [net.minecraftforge.common.ForgeConfigSpec/CORE]: Incorrect key Mod Compatibility Options.Quark Options was corrected from null to its default, SimpleCommentedConfig:{}. 
[29Mar2026 02:51:29.530] [modloading-worker-0/WARN] [net.minecraftforge.common.ForgeConfigSpec/CORE]: Incorrect key Mod Compatibility Options.Quark Options.injectBzItemsIntoQuarkEnchantmentTooltipsCompat was corrected from null to its default, true. 
[29Mar2026 02:51:29.530] [modloading-worker-0/WARN] [net.minecraftforge.common.ForgeConfigSpec/CORE]: Incorrect key Mod Compatibility Options.Buzzier Bees Options was corrected from null to its default, SimpleCommentedConfig:{}. 
[29Mar2026 02:51:29.530] [modloading-worker-0/WARN] [net.minecraftforge.common.ForgeConfigSpec/CORE]: Incorrect key Mod Compatibility Options.Buzzier Bees Options.allowBeeBottleRevivingEmptyBroodBlock was corrected from null to its default, true. 
[29Mar2026 02:51:29.531] [modloading-worker-0/WARN] [net.minecraftforge.common.ForgeConfigSpec/CORE]: Incorrect key Mod Compatibility Options.Forbidden Arcanus Options was corrected from null to its default, SimpleCommentedConfig:{}. 
[29Mar2026 02:51:29.531] [modloading-worker-0/WARN] [net.minecraftforge.common.ForgeConfigSpec/CORE]: Incorrect key Mod Compatibility Options.Forbidden Arcanus Options.allowBeeBucketRevivingEmptyBroodBlock was corrected from null to its default, true. 
[29Mar2026 02:51:29.531] [modloading-worker-0/WARN] [net.minecraftforge.common.ForgeConfigSpec/CORE]: Incorrect key Mod Compatibility Options.Potion of Bees Options was corrected from null to its default, SimpleCommentedConfig:{}. 
[29Mar2026 02:51:29.537] [modloading-worker-0/WARN] [net.minecraftforge.common.ForgeConfigSpec/CORE]: Incorrect key Mod Compatibility Options.Potion of Bees Options.allowPotionOfBeesRevivingEmptyBroodBlock was corrected from null to its default, true. 
[29Mar2026 02:51:29.537] [modloading-worker-0/WARN] [net.minecraftforge.common.ForgeConfigSpec/CORE]: Incorrect key Mod Compatibility Options.Goodall Options was corrected from null to its default, SimpleCommentedConfig:{}. 
[29Mar2026 02:51:29.537] [modloading-worker-0/WARN] [net.minecraftforge.common.ForgeConfigSpec/CORE]: Incorrect key Mod Compatibility Options.Goodall Options.allowGoodallBottledBeesRevivingEmptyBroodBlock was corrected from null to its default, true. 
[29Mar2026 02:51:29.537] [modloading-worker-0/WARN] [net.minecraftforge.common.ForgeConfigSpec/CORE]: Incorrect key Mod Compatibility Options.Beekeeper Options was corrected from null to its default, SimpleCommentedConfig:{}. 
[29Mar2026 02:51:29.537] [modloading-worker-0/WARN] [net.minecraftforge.common.ForgeConfigSpec/CORE]: Incorrect key Mod Compatibility Options.Beekeeper Options.allowBeekeeperTradesCompat was corrected from null to its default, true. 
[29Mar2026 02:51:29.537] [modloading-worker-0/WARN] [net.minecraftforge.common.ForgeConfigSpec/CORE]: Incorrect key Mod Compatibility Options.Lootr Options was corrected from null to its default, SimpleCommentedConfig:{}. 
[29Mar2026 02:51:29.537] [modloading-worker-0/WARN] [net.minecraftforge.common.ForgeConfigSpec/CORE]: Incorrect key Mod Compatibility Options.Lootr Options.allowLootrCompat was corrected from null to its default, true. 
[29Mar2026 02:51:29.537] [modloading-worker-0/WARN] [net.minecraftforge.common.ForgeConfigSpec/CORE]: Incorrect key Mod Compatibility Options.Create Compat was corrected from null to its default, SimpleCommentedConfig:{}. 
[29Mar2026 02:51:29.537] [modloading-worker-0/WARN] [net.minecraftforge.common.ForgeConfigSpec/CORE]: Incorrect key Mod Compatibility Options.Create Compat.allowCreateLimestoneForHoneyLavaCompat was corrected from null to its default, true. 
[29Mar2026 02:51:29.745] [modloading-worker-0/INFO] [be.florens.expandability.ExpandAbility/]: ExpandAbility here, who dis?
[29Mar2026 02:51:31.056] [main/WARN] [net.minecraftforge.registries.ForgeRegistry/REGISTRIES]: Registry minecraft:sound_event: The object net.minecraft.sounds.SoundEvent@5d388611 has been registered twice for the same name treechop:chop_wood.
[29Mar2026 02:51:41.463] [main/WARN] [dev.architectury.registry.registries.forge.RegistrarManagerImpl/]: Registry entry listened Registry Entry [minecraft:entity_type / bakery:wandering_baker] was not realized!
[29Mar2026 02:51:41.464] [main/WARN] [dev.architectury.registry.registries.forge.RegistrarManagerImpl/]: Registry entry listened Registry Entry [minecraft:entity_type / vinery:wandering_winemaker] was not realized!
[29Mar2026 02:51:41.464] [main/WARN] [dev.architectury.registry.registries.forge.RegistrarManagerImpl/]: Registry entry listened Registry Entry [minecraft:entity_type / vinery:mule] was not realized!
[29Mar2026 02:51:41.940] [main/WARN] [dev.architectury.registry.registries.forge.RegistrarManagerImpl/]: Registry entry listened Registry Entry [minecraft:entity_type / bakery:wandering_baker] was not realized!
[29Mar2026 02:51:41.940] [main/WARN] [dev.architectury.registry.registries.forge.RegistrarManagerImpl/]: Registry entry listened Registry Entry [minecraft:entity_type / vinery:wandering_winemaker] was not realized!
[29Mar2026 02:51:41.941] [main/WARN] [dev.architectury.registry.registries.forge.RegistrarManagerImpl/]: Registry entry listened Registry Entry [minecraft:entity_type / vinery:mule] was not realized!
[29Mar2026 02:51:41.942] [main/WARN] [dev.architectury.registry.registries.forge.RegistrarManagerImpl/]: Registry entry listened Registry Entry [minecraft:entity_type / bakery:wandering_baker] was not realized!
[29Mar2026 02:51:41.942] [main/WARN] [dev.architectury.registry.registries.forge.RegistrarManagerImpl/]: Registry entry listened Registry Entry [minecraft:entity_type / vinery:wandering_winemaker] was not realized!
[29Mar2026 02:51:41.943] [main/WARN] [dev.architectury.registry.registries.forge.RegistrarManagerImpl/]: Registry entry listened Registry Entry [minecraft:entity_type / vinery:mule] was not realized!
[29Mar2026 02:51:41.946] [main/WARN] [dev.architectury.registry.registries.forge.RegistrarManagerImpl/]: Registry entry listened Registry Entry [minecraft:entity_type / bakery:wandering_baker] was not realized!
[29Mar2026 02:51:41.946] [main/WARN] [dev.architectury.registry.registries.forge.RegistrarManagerImpl/]: Registry entry listened Registry Entry [minecraft:entity_type / vinery:wandering_winemaker] was not realized!
[29Mar2026 02:51:41.946] [main/WARN] [dev.architectury.registry.registries.forge.RegistrarManagerImpl/]: Registry entry listened Registry Entry [minecraft:entity_type / vinery:mule] was not realized!
[29Mar2026 02:51:41.948] [main/WARN] [dev.architectury.registry.registries.forge.RegistrarManagerImpl/]: Registry entry listened Registry Entry [minecraft:entity_type / vinery:wandering_winemaker] was not realized!
[29Mar2026 02:51:41.948] [main/WARN] [dev.architectury.registry.registries.forge.RegistrarManagerImpl/]: Registry entry listened Registry Entry [minecraft:entity_type / vinery:mule] was not realized!
[29Mar2026 02:51:42.852] [main/WARN] [Easy NPC/]: [Custom Entity Data] Please define a custom index instead of using the auto-generated.
[29Mar2026 02:51:42.857] [main/INFO] [Easy NPC/]: Register data serializers ...
[29Mar2026 02:51:42.858] [main/INFO] [Easy NPC/]: - Registering Synched Attack Data for EasyNPCBaseEntity.
[29Mar2026 02:51:42.858] [main/WARN] [net.minecraft.network.syncher.SynchedEntityData/]: defineId called for: class de.markusbordihn.easynpc.entity.EasyNPCBaseEntity from interface de.markusbordihn.easynpc.entity.easynpc.data.AttackData
[29Mar2026 02:51:42.858] [main/WARN] [net.minecraft.network.syncher.SynchedEntityData/]: defineId called for: class de.markusbordihn.easynpc.entity.EasyNPCBaseEntity from interface de.markusbordihn.easynpc.entity.easynpc.data.AttackData
[29Mar2026 02:51:42.858] [main/INFO] [Easy NPC/]: - Registering Synched Attribute Data for EasyNPCBaseEntity.
[29Mar2026 02:51:42.859] [main/WARN] [net.minecraft.network.syncher.SynchedEntityData/]: defineId called for: class de.markusbordihn.easynpc.entity.EasyNPCBaseEntity from interface de.markusbordihn.easynpc.entity.easynpc.data.AttributeData
[29Mar2026 02:51:42.859] [main/WARN] [net.minecraft.network.syncher.SynchedEntityData/]: defineId called for: class de.markusbordihn.easynpc.entity.EasyNPCBaseEntity from interface de.markusbordihn.easynpc.entity.easynpc.data.AttributeData
[29Mar2026 02:51:42.859] [main/WARN] [net.minecraft.network.syncher.SynchedEntityData/]: defineId called for: class de.markusbordihn.easynpc.entity.EasyNPCBaseEntity from interface de.markusbordihn.easynpc.entity.easynpc.data.AttributeData
[29Mar2026 02:51:42.859] [main/WARN] [net.minecraft.network.syncher.SynchedEntityData/]: defineId called for: class de.markusbordihn.easynpc.entity.EasyNPCBaseEntity from interface de.markusbordihn.easynpc.entity.easynpc.data.AttributeData
[29Mar2026 02:51:42.859] [main/WARN] [net.minecraft.network.syncher.SynchedEntityData/]: defineId called for: class de.markusbordihn.easynpc.entity.EasyNPCBaseEntity from interface de.markusbordihn.easynpc.entity.easynpc.data.AttributeData
[29Mar2026 02:51:42.859] [main/WARN] [net.minecraft.network.syncher.SynchedEntityData/]: defineId called for: class de.markusbordihn.easynpc.entity.EasyNPCBaseEntity from interface de.markusbordihn.easynpc.entity.easynpc.data.AttributeData
[29Mar2026 02:51:42.859] [main/WARN] [net.minecraft.network.syncher.SynchedEntityData/]: defineId called for: class de.markusbordihn.easynpc.entity.EasyNPCBaseEntity from interface de.markusbordihn.easynpc.entity.easynpc.data.AttributeData
[29Mar2026 02:51:42.860] [main/WARN] [net.minecraft.network.syncher.SynchedEntityData/]: defineId called for: class de.markusbordihn.easynpc.entity.EasyNPCBaseEntity from interface de.markusbordihn.easynpc.entity.easynpc.data.AttributeData
[29Mar2026 02:51:42.860] [main/WARN] [net.minecraft.network.syncher.SynchedEntityData/]: defineId called for: class de.markusbordihn.easynpc.entity.EasyNPCBaseEntity from interface de.markusbordihn.easynpc.entity.easynpc.data.AttributeData
[29Mar2026 02:51:42.860] [main/WARN] [net.minecraft.network.syncher.SynchedEntityData/]: defineId called for: class de.markusbordihn.easynpc.entity.EasyNPCBaseEntity from interface de.markusbordihn.easynpc.entity.easynpc.data.AttributeData
[29Mar2026 02:51:42.860] [main/WARN] [net.minecraft.network.syncher.SynchedEntityData/]: defineId called for: class de.markusbordihn.easynpc.entity.EasyNPCBaseEntity from interface de.markusbordihn.easynpc.entity.easynpc.data.AttributeData
[29Mar2026 02:51:42.860] [main/WARN] [net.minecraft.network.syncher.SynchedEntityData/]: defineId called for: class de.markusbordihn.easynpc.entity.EasyNPCBaseEntity from interface de.markusbordihn.easynpc.entity.easynpc.data.AttributeData
[29Mar2026 02:51:42.860] [main/INFO] [Easy NPC/]: - Registering Synched Navigation Data for EasyNPCBaseEntity.
[29Mar2026 02:51:42.860] [main/WARN] [net.minecraft.network.syncher.SynchedEntityData/]: defineId called for: class de.markusbordihn.easynpc.entity.EasyNPCBaseEntity from interface de.markusbordihn.easynpc.entity.easynpc.data.NavigationData
[29Mar2026 02:51:42.860] [main/INFO] [Easy NPC/]: - Registering Synched Owner Data for EasyNPCBaseEntity.
[29Mar2026 02:51:42.860] [main/WARN] [net.minecraft.network.syncher.SynchedEntityData/]: defineId called for: class de.markusbordihn.easynpc.entity.EasyNPCBaseEntity from interface de.markusbordihn.easynpc.entity.easynpc.data.OwnerData
[29Mar2026 02:51:42.861] [main/INFO] [Easy NPC/]: - Registering Synched Profession Data for EasyNPCBaseEntity.
[29Mar2026 02:51:42.861] [main/WARN] [net.minecraft.network.syncher.SynchedEntityData/]: defineId called for: class de.markusbordihn.easynpc.entity.EasyNPCBaseEntity from interface de.markusbordihn.easynpc.entity.easynpc.data.ProfessionData
[29Mar2026 02:51:42.861] [main/INFO] [Easy NPC/]: - Registering Synched Render Data for EasyNPCBaseEntity.
[29Mar2026 02:51:42.861] [main/WARN] [net.minecraft.network.syncher.SynchedEntityData/]: defineId called for: class de.markusbordihn.easynpc.entity.EasyNPCBaseEntity from interface de.markusbordihn.easynpc.entity.easynpc.data.RenderData
[29Mar2026 02:51:42.861] [main/INFO] [Easy NPC/]: - Registering Synched Skin Data for EasyNPCBaseEntity.
[29Mar2026 02:51:42.861] [main/WARN] [net.minecraft.network.syncher.SynchedEntityData/]: defineId called for: class de.markusbordihn.easynpc.entity.EasyNPCBaseEntity from interface de.markusbordihn.easynpc.entity.easynpc.data.SkinData
[29Mar2026 02:51:42.861] [main/WARN] [net.minecraft.network.syncher.SynchedEntityData/]: defineId called for: class de.markusbordihn.easynpc.entity.EasyNPCBaseEntity from interface de.markusbordihn.easynpc.entity.easynpc.data.SkinData
[29Mar2026 02:51:42.861] [main/WARN] [net.minecraft.network.syncher.SynchedEntityData/]: defineId called for: class de.markusbordihn.easynpc.entity.EasyNPCBaseEntity from interface de.markusbordihn.easynpc.entity.easynpc.data.SkinData
[29Mar2026 02:51:42.862] [main/WARN] [net.minecraft.network.syncher.SynchedEntityData/]: defineId called for: class de.markusbordihn.easynpc.entity.EasyNPCBaseEntity from interface de.markusbordihn.easynpc.entity.easynpc.data.SkinData
[29Mar2026 02:51:42.862] [main/INFO] [Easy NPC/]: - Registering Synched Sound Data for EasyNPCBaseEntity.
[29Mar2026 02:51:42.862] [main/WARN] [net.minecraft.network.syncher.SynchedEntityData/]: defineId called for: class de.markusbordihn.easynpc.entity.EasyNPCBaseEntity from interface de.markusbordihn.easynpc.entity.easynpc.data.SoundData
[29Mar2026 02:51:42.862] [main/INFO] [Easy NPC/]: - Registering Synched Trading Data for EasyNPCBaseEntity.
[29Mar2026 02:51:42.862] [main/WARN] [net.minecraft.network.syncher.SynchedEntityData/]: defineId called for: class de.markusbordihn.easynpc.entity.EasyNPCBaseEntity from interface de.markusbordihn.easynpc.entity.easynpc.data.TradingData
[29Mar2026 02:51:42.862] [main/WARN] [net.minecraft.network.syncher.SynchedEntityData/]: defineId called for: class de.markusbordihn.easynpc.entity.EasyNPCBaseEntity from interface de.markusbordihn.easynpc.entity.easynpc.data.TradingData
[29Mar2026 02:51:42.863] [main/WARN] [net.minecraft.network.syncher.SynchedEntityData/]: defineId called for: class de.markusbordihn.easynpc.entity.EasyNPCBaseEntity from interface de.markusbordihn.easynpc.entity.easynpc.data.TradingData
[29Mar2026 02:51:42.863] [main/WARN] [net.minecraft.network.syncher.SynchedEntityData/]: defineId called for: class de.markusbordihn.easynpc.entity.EasyNPCBaseEntity from interface de.markusbordihn.easynpc.entity.easynpc.data.TradingData
[29Mar2026 02:51:42.863] [main/WARN] [net.minecraft.network.syncher.SynchedEntityData/]: defineId called for: class de.markusbordihn.easynpc.entity.EasyNPCBaseEntity from interface de.markusbordihn.easynpc.entity.easynpc.data.TradingData
[29Mar2026 02:51:42.863] [main/WARN] [net.minecraft.network.syncher.SynchedEntityData/]: defineId called for: class de.markusbordihn.easynpc.entity.EasyNPCBaseEntity from interface de.markusbordihn.easynpc.entity.easynpc.data.TradingData
[29Mar2026 02:51:42.863] [main/INFO] [Easy NPC/]: - Registering Synched Variant Data for EasyNPCBaseEntity.
[29Mar2026 02:51:42.863] [main/WARN] [net.minecraft.network.syncher.SynchedEntityData/]: defineId called for: class de.markusbordihn.easynpc.entity.EasyNPCBaseEntity from interface de.markusbordihn.easynpc.entity.easynpc.data.VariantData
[29Mar2026 02:51:42.883] [main/INFO] [Easy NPC/]: Register model data serializers for ...
[29Mar2026 02:51:42.883] [main/INFO] [Easy NPC/]: - Registering Synched Model Data for EasyNPCBaseModelEntity.
[29Mar2026 02:51:42.884] [main/WARN] [net.minecraft.network.syncher.SynchedEntityData/]: defineId called for: class de.markusbordihn.easynpc.entity.EasyNPCBaseModelEntity from interface de.markusbordihn.easynpc.entity.easynpc.data.ModelData
[29Mar2026 02:51:42.884] [main/WARN] [net.minecraft.network.syncher.SynchedEntityData/]: defineId called for: class de.markusbordihn.easynpc.entity.EasyNPCBaseModelEntity from interface de.markusbordihn.easynpc.entity.easynpc.data.ModelData
[29Mar2026 02:51:42.884] [main/WARN] [net.minecraft.network.syncher.SynchedEntityData/]: defineId called for: class de.markusbordihn.easynpc.entity.EasyNPCBaseModelEntity from interface de.markusbordihn.easynpc.entity.easynpc.data.ModelData
[29Mar2026 02:51:42.884] [main/WARN] [net.minecraft.network.syncher.SynchedEntityData/]: defineId called for: class de.markusbordihn.easynpc.entity.EasyNPCBaseModelEntity from interface de.markusbordihn.easynpc.entity.easynpc.data.ModelData
[29Mar2026 02:51:42.884] [main/WARN] [net.minecraft.network.syncher.SynchedEntityData/]: defineId called for: class de.markusbordihn.easynpc.entity.EasyNPCBaseModelEntity from interface de.markusbordihn.easynpc.entity.easynpc.data.ModelData
[29Mar2026 02:51:42.884] [main/WARN] [net.minecraft.network.syncher.SynchedEntityData/]: defineId called for: class de.markusbordihn.easynpc.entity.EasyNPCBaseModelEntity from interface de.markusbordihn.easynpc.entity.easynpc.data.ModelData
[29Mar2026 02:51:42.884] [main/WARN] [net.minecraft.network.syncher.SynchedEntityData/]: defineId called for: class de.markusbordihn.easynpc.entity.EasyNPCBaseModelEntity from interface de.markusbordihn.easynpc.entity.easynpc.data.ModelData
[29Mar2026 02:51:42.885] [main/WARN] [net.minecraft.network.syncher.SynchedEntityData/]: defineId called for: class de.markusbordihn.easynpc.entity.EasyNPCBaseModelEntity from interface de.markusbordihn.easynpc.entity.easynpc.data.ModelData
[29Mar2026 02:51:42.885] [main/WARN] [net.minecraft.network.syncher.SynchedEntityData/]: defineId called for: class de.markusbordihn.easynpc.entity.EasyNPCBaseModelEntity from interface de.markusbordihn.easynpc.entity.easynpc.data.ModelData
[29Mar2026 02:51:42.885] [main/INFO] [Easy NPC/]: - Registering Synched Model Position Data for EasyNPCBaseModelEntity.
[29Mar2026 02:51:42.885] [main/WARN] [net.minecraft.network.syncher.SynchedEntityData/]: defineId called for: class de.markusbordihn.easynpc.entity.EasyNPCBaseModelEntity from interface de.markusbordihn.easynpc.entity.easynpc.data.ModelPositionData
[29Mar2026 02:51:42.885] [main/WARN] [net.minecraft.network.syncher.SynchedEntityData/]: defineId called for: class de.markusbordihn.easynpc.entity.EasyNPCBaseModelEntity from interface de.markusbordihn.easynpc.entity.easynpc.data.ModelPositionData
[29Mar2026 02:51:42.885] [main/WARN] [net.minecraft.network.syncher.SynchedEntityData/]: defineId called for: class de.markusbordihn.easynpc.entity.EasyNPCBaseModelEntity from interface de.markusbordihn.easynpc.entity.easynpc.data.ModelPositionData
[29Mar2026 02:51:42.885] [main/WARN] [net.minecraft.network.syncher.SynchedEntityData/]: defineId called for: class de.markusbordihn.easynpc.entity.EasyNPCBaseModelEntity from interface de.markusbordihn.easynpc.entity.easynpc.data.ModelPositionData
[29Mar2026 02:51:42.885] [main/WARN] [net.minecraft.network.syncher.SynchedEntityData/]: defineId called for: class de.markusbordihn.easynpc.entity.EasyNPCBaseModelEntity from interface de.markusbordihn.easynpc.entity.easynpc.data.ModelPositionData
[29Mar2026 02:51:42.886] [main/WARN] [net.minecraft.network.syncher.SynchedEntityData/]: defineId called for: class de.markusbordihn.easynpc.entity.EasyNPCBaseModelEntity from interface de.markusbordihn.easynpc.entity.easynpc.data.ModelPositionData
[29Mar2026 02:51:42.886] [main/WARN] [net.minecraft.network.syncher.SynchedEntityData/]: defineId called for: class de.markusbordihn.easynpc.entity.EasyNPCBaseModelEntity from interface de.markusbordihn.easynpc.entity.easynpc.data.ModelPositionData
[29Mar2026 02:51:42.886] [main/INFO] [Easy NPC/]: - Registering Synched Model Rotation Data for EasyNPCBaseModelEntity.
[29Mar2026 02:51:42.886] [main/WARN] [net.minecraft.network.syncher.SynchedEntityData/]: defineId called for: class de.markusbordihn.easynpc.entity.EasyNPCBaseModelEntity from interface de.markusbordihn.easynpc.entity.easynpc.data.ModelRotationData
[29Mar2026 02:51:42.886] [main/WARN] [net.minecraft.network.syncher.SynchedEntityData/]: defineId called for: class de.markusbordihn.easynpc.entity.EasyNPCBaseModelEntity from interface de.markusbordihn.easynpc.entity.easynpc.data.ModelRotationData
[29Mar2026 02:51:42.886] [main/WARN] [net.minecraft.network.syncher.SynchedEntityData/]: defineId called for: class de.markusbordihn.easynpc.entity.EasyNPCBaseModelEntity from interface de.markusbordihn.easynpc.entity.easynpc.data.ModelRotationData
[29Mar2026 02:51:42.886] [main/WARN] [net.minecraft.network.syncher.SynchedEntityData/]: defineId called for: class de.markusbordihn.easynpc.entity.EasyNPCBaseModelEntity from interface de.markusbordihn.easynpc.entity.easynpc.data.ModelRotationData
[29Mar2026 02:51:42.886] [main/WARN] [net.minecraft.network.syncher.SynchedEntityData/]: defineId called for: class de.markusbordihn.easynpc.entity.EasyNPCBaseModelEntity from interface de.markusbordihn.easynpc.entity.easynpc.data.ModelRotationData
[29Mar2026 02:51:42.887] [main/WARN] [net.minecraft.network.syncher.SynchedEntityData/]: defineId called for: class de.markusbordihn.easynpc.entity.EasyNPCBaseModelEntity from interface de.markusbordihn.easynpc.entity.easynpc.data.ModelRotationData
[29Mar2026 02:51:42.887] [main/WARN] [net.minecraft.network.syncher.SynchedEntityData/]: defineId called for: class de.markusbordihn.easynpc.entity.EasyNPCBaseModelEntity from interface de.markusbordihn.easynpc.entity.easynpc.data.ModelRotationData
[29Mar2026 02:51:42.887] [main/WARN] [net.minecraft.network.syncher.SynchedEntityData/]: defineId called for: class de.markusbordihn.easynpc.entity.EasyNPCBaseModelEntity from interface de.markusbordihn.easynpc.entity.easynpc.data.ModelRotationData
[29Mar2026 02:51:42.887] [main/WARN] [net.minecraft.network.syncher.SynchedEntityData/]: defineId called for: class de.markusbordihn.easynpc.entity.EasyNPCBaseModelEntity from interface de.markusbordihn.easynpc.entity.easynpc.data.ModelRotationData
[29Mar2026 02:51:42.887] [main/INFO] [Easy NPC/]: - Registering Synched Model Visibility Data for EasyNPCBaseModelEntity.
[29Mar2026 02:51:42.887] [main/WARN] [net.minecraft.network.syncher.SynchedEntityData/]: defineId called for: class de.markusbordihn.easynpc.entity.EasyNPCBaseModelEntity from interface de.markusbordihn.easynpc.entity.easynpc.data.ModelVisibilityData
[29Mar2026 02:51:42.887] [main/WARN] [net.minecraft.network.syncher.SynchedEntityData/]: defineId called for: class de.markusbordihn.easynpc.entity.EasyNPCBaseModelEntity from interface de.markusbordihn.easynpc.entity.easynpc.data.ModelVisibilityData
[29Mar2026 02:51:42.888] [main/WARN] [net.minecraft.network.syncher.SynchedEntityData/]: defineId called for: class de.markusbordihn.easynpc.entity.EasyNPCBaseModelEntity from interface de.markusbordihn.easynpc.entity.easynpc.data.ModelVisibilityData
[29Mar2026 02:51:42.888] [main/WARN] [net.minecraft.network.syncher.SynchedEntityData/]: defineId called for: class de.markusbordihn.easynpc.entity.EasyNPCBaseModelEntity from interface de.markusbordihn.easynpc.entity.easynpc.data.ModelVisibilityData
[29Mar2026 02:51:42.888] [main/WARN] [net.minecraft.network.syncher.SynchedEntityData/]: defineId called for: class de.markusbordihn.easynpc.entity.EasyNPCBaseModelEntity from interface de.markusbordihn.easynpc.entity.easynpc.data.ModelVisibilityData
[29Mar2026 02:51:42.888] [main/WARN] [net.minecraft.network.syncher.SynchedEntityData/]: defineId called for: class de.markusbordihn.easynpc.entity.EasyNPCBaseModelEntity from interface de.markusbordihn.easynpc.entity.easynpc.data.ModelVisibilityData
[29Mar2026 02:51:42.888] [main/WARN] [net.minecraft.network.syncher.SynchedEntityData/]: defineId called for: class de.markusbordihn.easynpc.entity.EasyNPCBaseModelEntity from interface de.markusbordihn.easynpc.entity.easynpc.data.ModelVisibilityData
[29Mar2026 02:51:42.888] [main/WARN] [net.minecraft.network.syncher.SynchedEntityData/]: defineId called for: class de.markusbordihn.easynpc.entity.EasyNPCBaseModelEntity from interface de.markusbordihn.easynpc.entity.easynpc.data.ModelVisibilityData
[29Mar2026 02:51:42.888] [main/WARN] [net.minecraft.network.syncher.SynchedEntityData/]: defineId called for: class de.markusbordihn.easynpc.entity.EasyNPCBaseModelEntity from interface de.markusbordihn.easynpc.entity.easynpc.data.ModelVisibilityData
[29Mar2026 02:51:42.888] [main/WARN] [net.minecraft.network.syncher.SynchedEntityData/]: defineId called for: class de.markusbordihn.easynpc.entity.EasyNPCBaseModelEntity from interface de.markusbordihn.easynpc.entity.easynpc.data.ModelVisibilityData
[29Mar2026 02:51:42.889] [main/WARN] [net.minecraft.network.syncher.SynchedEntityData/]: defineId called for: class de.markusbordihn.easynpc.entity.EasyNPCBaseModelEntity from interface de.markusbordihn.easynpc.entity.easynpc.data.ModelVisibilityData
[29Mar2026 02:51:42.889] [main/INFO] [Easy NPC/]: - Registering Synched Scale Data for EasyNPCBaseModelEntity.
[29Mar2026 02:51:42.889] [main/WARN] [net.minecraft.network.syncher.SynchedEntityData/]: defineId called for: class de.markusbordihn.easynpc.entity.EasyNPCBaseModelEntity from interface de.markusbordihn.easynpc.entity.easynpc.data.ScaleData
[29Mar2026 02:51:42.889] [main/WARN] [net.minecraft.network.syncher.SynchedEntityData/]: defineId called for: class de.markusbordihn.easynpc.entity.EasyNPCBaseModelEntity from interface de.markusbordihn.easynpc.entity.easynpc.data.ScaleData
[29Mar2026 02:51:42.889] [main/WARN] [net.minecraft.network.syncher.SynchedEntityData/]: defineId called for: class de.markusbordihn.easynpc.entity.EasyNPCBaseModelEntity from interface de.markusbordihn.easynpc.entity.easynpc.data.ScaleData
[29Mar2026 02:51:42.935] [main/WARN] [net.minecraft.network.syncher.SynchedEntityData/]: defineId called for: class com.github.alexmodguy.alexscaves.server.entity.living.TremorzillaEntity from class com.github.alexmodguy.alexscaves.server.entity.living.LicowitchEntity
[29Mar2026 02:51:43.004] [main/WARN] [net.minecraftforge.common.ForgeConfigSpec/CORE]: Configuration file /workspaces/MC_Tomate/servidor_minecraft/config/treechop-common.toml is not correct. Correcting
[29Mar2026 02:51:43.004] [main/WARN] [net.minecraftforge.common.ForgeConfigSpec/CORE]: Incorrect key mod was corrected from null to its default, SimpleCommentedConfig:{}. 
[29Mar2026 02:51:43.004] [main/WARN] [net.minecraftforge.common.ForgeConfigSpec/CORE]: Incorrect key mod.enabled was corrected from null to its default, true. 
[29Mar2026 02:51:43.004] [main/WARN] [net.minecraftforge.common.ForgeConfigSpec/CORE]: Incorrect key mod.printDebugInfo was corrected from null to its default, true. 
[29Mar2026 02:51:43.005] [main/WARN] [net.minecraftforge.common.ForgeConfigSpec/CORE]: Incorrect key permissions was corrected from null to its default, SimpleCommentedConfig:{}. 
[29Mar2026 02:51:43.005] [main/WARN] [net.minecraftforge.common.ForgeConfigSpec/CORE]: Incorrect key permissions.choppingEnabled was corrected from null to its default, SimpleCommentedConfig:{}. 
[29Mar2026 02:51:43.005] [main/WARN] [net.minecraftforge.common.ForgeConfigSpec/CORE]: Incorrect key permissions.choppingEnabled.canBeFalse was corrected from null to its default, true. 
[29Mar2026 02:51:43.005] [main/WARN] [net.minecraftforge.common.ForgeConfigSpec/CORE]: Incorrect key permissions.choppingEnabled.canBeTrue was corrected from null to its default, true. 
[29Mar2026 02:51:43.005] [main/WARN] [net.minecraftforge.common.ForgeConfigSpec/CORE]: Incorrect key permissions.fellingEnabled was corrected from null to its default, SimpleCommentedConfig:{}. 
[29Mar2026 02:51:43.005] [main/WARN] [net.minecraftforge.common.ForgeConfigSpec/CORE]: Incorrect key permissions.fellingEnabled.canBeFalse was corrected from null to its default, true. 
[29Mar2026 02:51:43.005] [main/WARN] [net.minecraftforge.common.ForgeConfigSpec/CORE]: Incorrect key permissions.fellingEnabled.canBeTrue was corrected from null to its default, true. 
[29Mar2026 02:51:43.005] [main/WARN] [net.minecraftforge.common.ForgeConfigSpec/CORE]: Incorrect key permissions.sneakBehavior was corrected from null to its default, SimpleCommentedConfig:{}. 
[29Mar2026 02:51:43.005] [main/WARN] [net.minecraftforge.common.ForgeConfigSpec/CORE]: Incorrect key permissions.sneakBehavior.canBeInvertFelling was corrected from null to its default, true. 
[29Mar2026 02:51:43.006] [main/WARN] [net.minecraftforge.common.ForgeConfigSpec/CORE]: Incorrect key permissions.sneakBehavior.canBeInvertChopping was corrected from null to its default, true. 
[29Mar2026 02:51:43.006] [main/WARN] [net.minecraftforge.common.ForgeConfigSpec/CORE]: Incorrect key permissions.sneakBehavior.canBeNone was corrected from null to its default, true. 
[29Mar2026 02:51:43.006] [main/WARN] [net.minecraftforge.common.ForgeConfigSpec/CORE]: Incorrect key permissions.treeMustHaveLeaves was corrected from null to its default, SimpleCommentedConfig:{}. 
[29Mar2026 02:51:43.006] [main/WARN] [net.minecraftforge.common.ForgeConfigSpec/CORE]: Incorrect key permissions.treeMustHaveLeaves.canBeFalse was corrected from null to its default, true. 
[29Mar2026 02:51:43.006] [main/WARN] [net.minecraftforge.common.ForgeConfigSpec/CORE]: Incorrect key permissions.treeMustHaveLeaves.canBeTrue was corrected from null to its default, true. 
[29Mar2026 02:51:43.006] [main/WARN] [net.minecraftforge.common.ForgeConfigSpec/CORE]: Incorrect key permissions.chopInCreativeMode was corrected from null to its default, SimpleCommentedConfig:{}. 
[29Mar2026 02:51:43.006] [main/WARN] [net.minecraftforge.common.ForgeConfigSpec/CORE]: Incorrect key permissions.chopInCreativeMode.canBeFalse was corrected from null to its default, true. 
[29Mar2026 02:51:43.006] [main/WARN] [net.minecraftforge.common.ForgeConfigSpec/CORE]: Incorrect key permissions.chopInCreativeMode.canBeTrue was corrected from null to its default, true. 
[29Mar2026 02:51:43.006] [main/WARN] [net.minecraftforge.common.ForgeConfigSpec/CORE]: Incorrect key general was corrected from null to its default, SimpleCommentedConfig:{}. 
[29Mar2026 02:51:43.007] [main/WARN] [net.minecraftforge.common.ForgeConfigSpec/CORE]: Incorrect key general.dropLootForChoppedBlocks was corrected from null to its default, true. 
[29Mar2026 02:51:43.007] [main/WARN] [net.minecraftforge.common.ForgeConfigSpec/CORE]: Incorrect key general.dropLootOnFirstChop was corrected from null to its default, false. 
[29Mar2026 02:51:43.007] [main/WARN] [net.minecraftforge.common.ForgeConfigSpec/CORE]: Incorrect key treeDetection was corrected from null to its default, SimpleCommentedConfig:{}. 
[29Mar2026 02:51:43.007] [main/WARN] [net.minecraftforge.common.ForgeConfigSpec/CORE]: Incorrect key treeDetection.maxTreeBlocks was corrected from null to its default, 1024. 
[29Mar2026 02:51:43.007] [main/WARN] [net.minecraftforge.common.ForgeConfigSpec/CORE]: Incorrect key treeDetection.maxLeavesBlocks was corrected from null to its default, 1024. 
[29Mar2026 02:51:43.007] [main/WARN] [net.minecraftforge.common.ForgeConfigSpec/CORE]: Incorrect key treeDetection.breakLeaves was corrected from null to its default, true. 
[29Mar2026 02:51:43.007] [main/WARN] [net.minecraftforge.common.ForgeConfigSpec/CORE]: Incorrect key treeDetection.ignorePersistentLeaves was corrected from null to its default, true. 
[29Mar2026 02:51:43.007] [main/WARN] [net.minecraftforge.common.ForgeConfigSpec/CORE]: Incorrect key treeDetection.maxBreakLeavesDistance was corrected from null to its default, 7. 
[29Mar2026 02:51:43.008] [main/WARN] [net.minecraftforge.common.ForgeConfigSpec/CORE]: Incorrect key treeDetection.logs was corrected from null to its default, SimpleCommentedConfig:{}. 
[29Mar2026 02:51:43.008] [main/WARN] [net.minecraftforge.common.ForgeConfigSpec/CORE]: Incorrect key treeDetection.logs.blocks was corrected from null to its default, [#treechop:choppables, #minecraft:logs]. 
[29Mar2026 02:51:43.008] [main/WARN] [net.minecraftforge.common.ForgeConfigSpec/CORE]: Incorrect key treeDetection.logs.exceptions was corrected from null to its default, [minecraft:bamboo, #dynamictrees:branches, dynamictrees:trunk_shell]. 
[29Mar2026 02:51:43.008] [main/WARN] [net.minecraftforge.common.ForgeConfigSpec/CORE]: Incorrect key treeDetection.leaves was corrected from null to its default, SimpleCommentedConfig:{}. 
[29Mar2026 02:51:43.008] [main/WARN] [net.minecraftforge.common.ForgeConfigSpec/CORE]: Incorrect key treeDetection.leaves.blocks was corrected from null to its default, [#treechop:leaves_like, #minecraft:leaves, pamhc2trees:pam[a-z]+]. 
[29Mar2026 02:51:43.008] [main/WARN] [net.minecraftforge.common.ForgeConfigSpec/CORE]: Incorrect key treeDetection.leaves.exceptions was corrected from null to its default, []. 
[29Mar2026 02:51:43.009] [main/WARN] [net.minecraftforge.common.ForgeConfigSpec/CORE]: Incorrect key chopCounting was corrected from null to its default, SimpleCommentedConfig:{}. 
[29Mar2026 02:51:43.009] [main/WARN] [net.minecraftforge.common.ForgeConfigSpec/CORE]: Incorrect key chopCounting.algorithm was corrected from null to its default, LOGARITHMIC. 
[29Mar2026 02:51:43.009] [main/WARN] [net.minecraftforge.common.ForgeConfigSpec/CORE]: Incorrect key chopCounting.rounding was corrected from null to its default, NEAREST. 
[29Mar2026 02:51:43.009] [main/WARN] [net.minecraftforge.common.ForgeConfigSpec/CORE]: Incorrect key chopCounting.canRequireMoreChopsThanBlocks was corrected from null to its default, false. 
[29Mar2026 02:51:43.009] [main/WARN] [net.minecraftforge.common.ForgeConfigSpec/CORE]: Incorrect key chopCounting.logarithmic was corrected from null to its default, SimpleCommentedConfig:{}. 
[29Mar2026 02:51:43.009] [main/WARN] [net.minecraftforge.common.ForgeConfigSpec/CORE]: Incorrect key chopCounting.logarithmic.a was corrected from null to its default, 10.0. 
[29Mar2026 02:51:43.010] [main/WARN] [net.minecraftforge.common.ForgeConfigSpec/CORE]: Incorrect key chopCounting.linear was corrected from null to its default, SimpleCommentedConfig:{}. 
[29Mar2026 02:51:43.010] [main/WARN] [net.minecraftforge.common.ForgeConfigSpec/CORE]: Incorrect key chopCounting.linear.chopsPerBlock was corrected from null to its default, 1.0. 
[29Mar2026 02:51:43.010] [main/WARN] [net.minecraftforge.common.ForgeConfigSpec/CORE]: Incorrect key chopCounting.linear.baseNumChops was corrected from null to its default, 0.0. 
[29Mar2026 02:51:43.012] [main/WARN] [net.minecraftforge.common.ForgeConfigSpec/CORE]: Incorrect key compatibility was corrected from null to its default, SimpleCommentedConfig:{}. 
[29Mar2026 02:51:43.012] [main/WARN] [net.minecraftforge.common.ForgeConfigSpec/CORE]: Incorrect key compatibility.general was corrected from null to its default, SimpleCommentedConfig:{}. 
[29Mar2026 02:51:43.012] [main/WARN] [net.minecraftforge.common.ForgeConfigSpec/CORE]: Incorrect key compatibility.general.choppingRequiresCorrectToolForDrops was corrected from null to its default, true. 
[29Mar2026 02:51:43.013] [main/WARN] [net.minecraftforge.common.ForgeConfigSpec/CORE]: Incorrect key compatibility.general.choppingRequiresFastBreakingTool was corrected from null to its default, false. 
[29Mar2026 02:51:43.013] [main/WARN] [net.minecraftforge.common.ForgeConfigSpec/CORE]: Incorrect key compatibility.general.preventChoppingOnRightClick was corrected from null to its default, false. 
[29Mar2026 02:51:43.013] [main/WARN] [net.minecraftforge.common.ForgeConfigSpec/CORE]: Incorrect key compatibility.general.preventChopRecursion was corrected from null to its default, true. 
[29Mar2026 02:51:43.013] [main/WARN] [net.minecraftforge.common.ForgeConfigSpec/CORE]: Incorrect key compatibility.general.blacklist was corrected from null to its default, SimpleCommentedConfig:{}. 
[29Mar2026 02:51:43.013] [main/WARN] [net.minecraftforge.common.ForgeConfigSpec/CORE]: Incorrect key compatibility.general.blacklist.blacklistOrWhitelist was corrected from null to its default, BLACKLIST. 
[29Mar2026 02:51:43.013] [main/WARN] [net.minecraftforge.common.ForgeConfigSpec/CORE]: Incorrect key compatibility.general.blacklist.items was corrected from null to its default, [botania:terra_axe, @lumberjack, mekanism:atomic_disassembler, practicaltools:diamond_greataxe, practicaltools:golden_greataxe, practicaltools:iron_greataxe, practicaltools:netherite_greataxe, twilightforest:giant_pickaxe]. 
[29Mar2026 02:51:43.013] [main/WARN] [net.minecraftforge.common.ForgeConfigSpec/CORE]: Incorrect key compatibility.general.fakePlayerChopSettings was corrected from null to its default, SimpleCommentedConfig:{}. 
[29Mar2026 02:51:43.014] [main/WARN] [net.minecraftforge.common.ForgeConfigSpec/CORE]: Incorrect key compatibility.general.fakePlayerChopSettings.choppingEnabled was corrected from null to its default, false. 
[29Mar2026 02:51:43.014] [main/WARN] [net.minecraftforge.common.ForgeConfigSpec/CORE]: Incorrect key compatibility.general.fakePlayerChopSettings.fellingEnabled was corrected from null to its default, true. 
[29Mar2026 02:51:43.014] [main/WARN] [net.minecraftforge.common.ForgeConfigSpec/CORE]: Incorrect key compatibility.general.fakePlayerChopSettings.treesMustHaveLeaves was corrected from null to its default, true. 
[29Mar2026 02:51:43.014] [main/WARN] [net.minecraftforge.common.ForgeConfigSpec/CORE]: Incorrect key compatibility.trees was corrected from null to its default, SimpleCommentedConfig:{}. 
[29Mar2026 02:51:43.014] [main/WARN] [net.minecraftforge.common.ForgeConfigSpec/CORE]: Incorrect key compatibility.trees.hugeMushrooms was corrected from null to its default, SimpleCommentedConfig:{}. 
[29Mar2026 02:51:43.014] [main/WARN] [net.minecraftforge.common.ForgeConfigSpec/CORE]: Incorrect key compatibility.trees.hugeMushrooms.logs was corrected from null to its default, [#forge:mushroom_stems]. 
[29Mar2026 02:51:43.014] [main/WARN] [net.minecraftforge.common.ForgeConfigSpec/CORE]: Incorrect key compatibility.trees.hugeMushrooms.leaves was corrected from null to its default, [#forge:mushroom_caps]. 
[29Mar2026 02:51:43.014] [main/WARN] [net.minecraftforge.common.ForgeConfigSpec/CORE]: Incorrect key compatibility.trees.hugeFungi was corrected from null to its default, SimpleCommentedConfig:{}. 
[29Mar2026 02:51:43.014] [main/WARN] [net.minecraftforge.common.ForgeConfigSpec/CORE]: Incorrect key compatibility.trees.hugeFungi.logs was corrected from null to its default, [#minecraft:crimson_stems, #minecraft:warped_stems]. 
[29Mar2026 02:51:43.014] [main/WARN] [net.minecraftforge.common.ForgeConfigSpec/CORE]: Incorrect key compatibility.trees.hugeFungi.leaves was corrected from null to its default, [#minecraft:wart_blocks, minecraft:shroomlight]. 
[29Mar2026 02:51:43.015] [main/WARN] [net.minecraftforge.common.ForgeConfigSpec/CORE]: Incorrect key compatibility.trees.problematicLeavesTrees was corrected from null to its default, SimpleCommentedConfig:{}. 
[29Mar2026 02:51:43.015] [main/WARN] [net.minecraftforge.common.ForgeConfigSpec/CORE]: Incorrect key compatibility.trees.problematicLeavesTrees.logs was corrected from null to its default, [tropicraft:.*_log(_.*)?, mysticbiomes:.*_log, betternether:.*_bark, betternether:.*_log, alexscaves:.*_log, alexscaves:pewen_wood]. 
[29Mar2026 02:51:43.015] [main/WARN] [net.minecraftforge.common.ForgeConfigSpec/CORE]: Incorrect key compatibility.trees.problematicLeavesTrees.leaves was corrected from null to its default, [tropicraft:.*_leaves(_.*)?, betternether:.*_leaves, regions_unexplored:brimwood_leaves, alexscaves:.*_branch, alexscaves:pewen_pines]. 
[29Mar2026 02:51:43.015] [main/WARN] [net.minecraftforge.common.ForgeConfigSpec/CORE]: Incorrect key compatibility.carryOn was corrected from null to its default, true. 
[29Mar2026 02:51:43.016] [main/WARN] [net.minecraftforge.common.ForgeConfigSpec/CORE]: Incorrect key compatibility.projectMMO was corrected from null to its default, true. 
[29Mar2026 02:51:43.016] [main/WARN] [net.minecraftforge.common.ForgeConfigSpec/CORE]: Incorrect key compatibility.theOneProbe was corrected from null to its default, true. 
[29Mar2026 02:51:43.016] [main/WARN] [net.minecraftforge.common.ForgeConfigSpec/CORE]: Incorrect key compatibility.terraformers was corrected from null to its default, true. 
[29Mar2026 02:51:43.017] [main/WARN] [net.minecraftforge.common.ForgeConfigSpec/CORE]: Incorrect key compatibility.multiMine was corrected from null to its default, true. 
[29Mar2026 02:51:43.017] [main/WARN] [net.minecraftforge.common.ForgeConfigSpec/CORE]: Incorrect key compatibility.apotheosis was corrected from null to its default, true. 
[29Mar2026 02:51:43.017] [main/WARN] [net.minecraftforge.common.ForgeConfigSpec/CORE]: Incorrect key compatibility.silentgear was corrected from null to its default, SimpleCommentedConfig:{}. 
[29Mar2026 02:51:43.017] [main/WARN] [net.minecraftforge.common.ForgeConfigSpec/CORE]: Incorrect key compatibility.silentgear.enabled was corrected from null to its default, true. 
[29Mar2026 02:51:43.018] [main/WARN] [net.minecraftforge.common.ForgeConfigSpec/CORE]: Incorrect key compatibility.silentgear.sawChops was corrected from null to its default, 5. 
[29Mar2026 02:51:43.018] [main/WARN] [net.minecraftforge.common.ForgeConfigSpec/CORE]: Incorrect key compatibility.tinkersConstruct was corrected from null to its default, SimpleCommentedConfig:{}. 
[29Mar2026 02:51:43.018] [main/WARN] [net.minecraftforge.common.ForgeConfigSpec/CORE]: Incorrect key compatibility.tinkersConstruct.enabled was corrected from null to its default, true. 
[29Mar2026 02:51:43.019] [main/WARN] [net.minecraftforge.common.ForgeConfigSpec/CORE]: Incorrect key compatibility.tinkersConstruct.treeBreakingTools was corrected from null to its default, 5. 
[29Mar2026 02:51:43.019] [main/WARN] [net.minecraftforge.common.ForgeConfigSpec/CORE]: Incorrect key compatibility.tinkersConstruct.woodBreakingTools was corrected from null to its default, 1. 
[29Mar2026 02:51:43.019] [main/WARN] [net.minecraftforge.common.ForgeConfigSpec/CORE]: Incorrect key compatibility.tinkersConstruct.expandedMultiplier was corrected from null to its default, 2.0. 
[29Mar2026 02:51:43.020] [main/WARN] [net.minecraftforge.common.ForgeConfigSpec/CORE]: Incorrect key compatibility.API was corrected from null to its default, SimpleCommentedConfig:{}. 
[29Mar2026 02:51:43.020] [main/WARN] [net.minecraftforge.common.ForgeConfigSpec/CORE]: Incorrect key compatibility.API.verbose was corrected from null to its default, false. 
[29Mar2026 02:51:43.027] [main/WARN] [net.minecraftforge.common.ForgeConfigSpec/CORE]: Configuration file /workspaces/MC_Tomate/servidor_minecraft/config/easy_npc/easy_npc-common.toml is not correct. Correcting
[29Mar2026 02:51:43.027] [main/WARN] [net.minecraftforge.common.ForgeConfigSpec/CORE]: Incorrect key [Main Configuration] was corrected from null to its default, SimpleCommentedConfig:{}. 
[29Mar2026 02:51:43.027] [main/WARN] [net.minecraftforge.common.ForgeConfigSpec/CORE]: Incorrect key [Main Configuration].mainConfigurationEnabled was corrected from null to its default, true. 
[29Mar2026 02:51:43.027] [main/WARN] [net.minecraftforge.common.ForgeConfigSpec/CORE]: Incorrect key [Main Configuration].mainConfigurationAllowInCreative was corrected from null to its default, true. 
[29Mar2026 02:51:43.027] [main/WARN] [net.minecraftforge.common.ForgeConfigSpec/CORE]: Incorrect key [Main Configuration].mainConfigurationPermissionLevel was corrected from null to its default, 0. 
[29Mar2026 02:51:43.028] [main/WARN] [net.minecraftforge.common.ForgeConfigSpec/CORE]: Incorrect key [Action Configuration] Basic Action was corrected from null to its default, SimpleCommentedConfig:{}. 
[29Mar2026 02:51:43.028] [main/WARN] [net.minecraftforge.common.ForgeConfigSpec/CORE]: Incorrect key [Action Configuration] Basic Action.basicActionConfigurationEnabled was corrected from null to its default, true. 
[29Mar2026 02:51:43.028] [main/WARN] [net.minecraftforge.common.ForgeConfigSpec/CORE]: Incorrect key [Action Configuration] Basic Action.basicActionConfigurationAllowInCreative was corrected from null to its default, true. 
[29Mar2026 02:51:43.028] [main/WARN] [net.minecraftforge.common.ForgeConfigSpec/CORE]: Incorrect key [Action Configuration] Basic Action.basicActionConfigurationPermissionLevel was corrected from null to its default, 1. 
[29Mar2026 02:51:43.028] [main/WARN] [net.minecraftforge.common.ForgeConfigSpec/CORE]: Incorrect key [Action Configuration] Dialog Action was corrected from null to its default, SimpleCommentedConfig:{}. 
[29Mar2026 02:51:43.028] [main/WARN] [net.minecraftforge.common.ForgeConfigSpec/CORE]: Incorrect key [Action Configuration] Dialog Action.dialogActionConfigurationEnabled was corrected from null to its default, true. 
[29Mar2026 02:51:43.028] [main/WARN] [net.minecraftforge.common.ForgeConfigSpec/CORE]: Incorrect key [Action Configuration] Dialog Action.dialogActionConfigurationAllowInCreative was corrected from null to its default, true. 
[29Mar2026 02:51:43.028] [main/WARN] [net.minecraftforge.common.ForgeConfigSpec/CORE]: Incorrect key [Action Configuration] Dialog Action.dialogActionConfigurationPermissionLevel was corrected from null to its default, 1. 
[29Mar2026 02:51:43.029] [main/WARN] [net.minecraftforge.common.ForgeConfigSpec/CORE]: Incorrect key [Action Configuration] Distance Action was corrected from null to its default, SimpleCommentedConfig:{}. 
[29Mar2026 02:51:43.029] [main/WARN] [net.minecraftforge.common.ForgeConfigSpec/CORE]: Incorrect key [Action Configuration] Distance Action.distanceActionConfigurationEnabled was corrected from null to its default, true. 
[29Mar2026 02:51:43.029] [main/WARN] [net.minecraftforge.common.ForgeConfigSpec/CORE]: Incorrect key [Action Configuration] Distance Action.distanceActionConfigurationAllowInCreative was corrected from null to its default, true. 
[29Mar2026 02:51:43.029] [main/WARN] [net.minecraftforge.common.ForgeConfigSpec/CORE]: Incorrect key [Action Configuration] Distance Action.distanceActionConfigurationPermissionLevel was corrected from null to its default, 1. 
[29Mar2026 02:51:43.029] [main/WARN] [net.minecraftforge.common.ForgeConfigSpec/CORE]: Incorrect key [Attribute Configuration] Abilities Attribute was corrected from null to its default, SimpleCommentedConfig:{}. 
[29Mar2026 02:51:43.029] [main/WARN] [net.minecraftforge.common.ForgeConfigSpec/CORE]: Incorrect key [Attribute Configuration] Abilities Attribute.abilitiesAttributeConfigurationEnabled was corrected from null to its default, true. 
[29Mar2026 02:51:43.029] [main/WARN] [net.minecraftforge.common.ForgeConfigSpec/CORE]: Incorrect key [Attribute Configuration] Abilities Attribute.abilitiesAttributeConfigurationAllowInCreative was corrected from null to its default, true. 
[29Mar2026 02:51:43.030] [main/WARN] [net.minecraftforge.common.ForgeConfigSpec/CORE]: Incorrect key [Attribute Configuration] Abilities Attribute.abilitiesAttributeConfigurationPermissionLevel was corrected from null to its default, 0. 
[29Mar2026 02:51:43.031] [main/WARN] [net.minecraftforge.common.ForgeConfigSpec/CORE]: Incorrect key [Attribute Configuration] Base Attribute was corrected from null to its default, SimpleCommentedConfig:{}. 
[29Mar2026 02:51:43.031] [main/WARN] [net.minecraftforge.common.ForgeConfigSpec/CORE]: Incorrect key [Attribute Configuration] Base Attribute.baseAttributeConfigurationEnabled was corrected from null to its default, true. 
[29Mar2026 02:51:43.031] [main/WARN] [net.minecraftforge.common.ForgeConfigSpec/CORE]: Incorrect key [Attribute Configuration] Base Attribute.baseAttributeConfigurationAllowInCreative was corrected from null to its default, true. 
[29Mar2026 02:51:43.031] [main/WARN] [net.minecraftforge.common.ForgeConfigSpec/CORE]: Incorrect key [Attribute Configuration] Base Attribute.baseAttributeConfigurationPermissionLevel was corrected from null to its default, 1. 
[29Mar2026 02:51:43.032] [main/WARN] [net.minecraftforge.common.ForgeConfigSpec/CORE]: Incorrect key [Attribute Configuration] Display Attribute was corrected from null to its default, SimpleCommentedConfig:{}. 
[29Mar2026 02:51:43.032] [main/WARN] [net.minecraftforge.common.ForgeConfigSpec/CORE]: Incorrect key [Attribute Configuration] Display Attribute.displayAttributeConfigurationEnabled was corrected from null to its default, true. 
[29Mar2026 02:51:43.032] [main/WARN] [net.minecraftforge.common.ForgeConfigSpec/CORE]: Incorrect key [Attribute Configuration] Display Attribute.displayAttributeConfigurationAllowInCreative was corrected from null to its default, true. 
[29Mar2026 02:51:43.032] [main/WARN] [net.minecraftforge.common.ForgeConfigSpec/CORE]: Incorrect key [Attribute Configuration] Display Attribute.displayAttributeConfigurationPermissionLevel was corrected from null to its default, 1. 
[29Mar2026 02:51:43.033] [main/WARN] [net.minecraftforge.common.ForgeConfigSpec/CORE]: Incorrect key [Dialog Configuration] None Dialog was corrected from null to its default, SimpleCommentedConfig:{}. 
[29Mar2026 02:51:43.033] [main/WARN] [net.minecraftforge.common.ForgeConfigSpec/CORE]: Incorrect key [Dialog Configuration] None Dialog.noneDialogConfigurationEnabled was corrected from null to its default, true. 
[29Mar2026 02:51:43.033] [main/WARN] [net.minecraftforge.common.ForgeConfigSpec/CORE]: Incorrect key [Dialog Configuration] None Dialog.noneDialogConfigurationAllowInCreative was corrected from null to its default, true. 
[29Mar2026 02:51:43.033] [main/WARN] [net.minecraftforge.common.ForgeConfigSpec/CORE]: Incorrect key [Dialog Configuration] None Dialog.noneDialogConfigurationPermissionLevel was corrected from null to its default, 0. 
[29Mar2026 02:51:43.034] [main/WARN] [net.minecraftforge.common.ForgeConfigSpec/CORE]: Incorrect key [Dialog Configuration] Basic Dialog was corrected from null to its default, SimpleCommentedConfig:{}. 
[29Mar2026 02:51:43.034] [main/WARN] [net.minecraftforge.common.ForgeConfigSpec/CORE]: Incorrect key [Dialog Configuration] Basic Dialog.basicDialogConfigurationEnabled was corrected from null to its default, true. 
[29Mar2026 02:51:43.034] [main/WARN] [net.minecraftforge.common.ForgeConfigSpec/CORE]: Incorrect key [Dialog Configuration] Basic Dialog.basicDialogConfigurationAllowInCreative was corrected from null to its default, true. 
[29Mar2026 02:51:43.035] [main/WARN] [net.minecraftforge.common.ForgeConfigSpec/CORE]: Incorrect key [Dialog Configuration] Basic Dialog.basicDialogConfigurationPermissionLevel was corrected from null to its default, 0. 
[29Mar2026 02:51:43.035] [main/WARN] [net.minecraftforge.common.ForgeConfigSpec/CORE]: Incorrect key [Dialog Configuration] Yes/No Dialog was corrected from null to its default, SimpleCommentedConfig:{}. 
[29Mar2026 02:51:43.035] [main/WARN] [net.minecraftforge.common.ForgeConfigSpec/CORE]: Incorrect key [Dialog Configuration] Yes/No Dialog.yesNoDialogConfigurationEnabled was corrected from null to its default, true. 
[29Mar2026 02:51:43.036] [main/WARN] [net.minecraftforge.common.ForgeConfigSpec/CORE]: Incorrect key [Dialog Configuration] Yes/No Dialog.yesNoDialogConfigurationAllowInCreative was corrected from null to its default, true. 
[29Mar2026 02:51:43.036] [main/WARN] [net.minecraftforge.common.ForgeConfigSpec/CORE]: Incorrect key [Dialog Configuration] Yes/No Dialog.yesNoDialogConfigurationPermissionLevel was corrected from null to its default, 0. 
[29Mar2026 02:51:43.037] [main/WARN] [net.minecraftforge.common.ForgeConfigSpec/CORE]: Incorrect key [Dialog Configuration] Advanced Dialog was corrected from null to its default, SimpleCommentedConfig:{}. 
[29Mar2026 02:51:43.037] [main/WARN] [net.minecraftforge.common.ForgeConfigSpec/CORE]: Incorrect key [Dialog Configuration] Advanced Dialog.advancedDialogConfigurationEnabled was corrected from null to its default, true. 
[29Mar2026 02:51:43.037] [main/WARN] [net.minecraftforge.common.ForgeConfigSpec/CORE]: Incorrect key [Dialog Configuration] Advanced Dialog.advancedDialogConfigurationAllowInCreative was corrected from null to its default, true. 
[29Mar2026 02:51:43.037] [main/WARN] [net.minecraftforge.common.ForgeConfigSpec/CORE]: Incorrect key [Dialog Configuration] Advanced Dialog.advancedDialogConfigurationPermissionLevel was corrected from null to its default, 0. 
[29Mar2026 02:51:43.038] [main/WARN] [net.minecraftforge.common.ForgeConfigSpec/CORE]: Incorrect key [Skin Configuration] None Skin was corrected from null to its default, SimpleCommentedConfig:{}. 
[29Mar2026 02:51:43.038] [main/WARN] [net.minecraftforge.common.ForgeConfigSpec/CORE]: Incorrect key [Skin Configuration] None Skin.noneSkinConfigurationEnabled was corrected from null to its default, true. 
[29Mar2026 02:51:43.038] [main/WARN] [net.minecraftforge.common.ForgeConfigSpec/CORE]: Incorrect key [Skin Configuration] None Skin.noneSkinConfigurationAllowInCreative was corrected from null to its default, true. 
[29Mar2026 02:51:43.039] [main/WARN] [net.minecraftforge.common.ForgeConfigSpec/CORE]: Incorrect key [Skin Configuration] None Skin.noneSkinConfigurationPermissionLevel was corrected from null to its default, 0. 
[29Mar2026 02:51:43.040] [main/WARN] [net.minecraftforge.common.ForgeConfigSpec/CORE]: Incorrect key [Skin Configuration] Default Skin was corrected from null to its default, SimpleCommentedConfig:{}. 
[29Mar2026 02:51:43.040] [main/WARN] [net.minecraftforge.common.ForgeConfigSpec/CORE]: Incorrect key [Skin Configuration] Default Skin.defaultSkinConfigurationEnabled was corrected from null to its default, true. 
[29Mar2026 02:51:43.040] [main/WARN] [net.minecraftforge.common.ForgeConfigSpec/CORE]: Incorrect key [Skin Configuration] Default Skin.defaultSkinConfigurationAllowInCreative was corrected from null to its default, true. 
[29Mar2026 02:51:43.040] [main/WARN] [net.minecraftforge.common.ForgeConfigSpec/CORE]: Incorrect key [Skin Configuration] Default Skin.defaultSkinConfigurationPermissionLevel was corrected from null to its default, 0. 
[29Mar2026 02:51:43.040] [main/WARN] [net.minecraftforge.common.ForgeConfigSpec/CORE]: Incorrect key [Skin Configuration] Player Skin was corrected from null to its default, SimpleCommentedConfig:{}. 
[29Mar2026 02:51:43.040] [main/WARN] [net.minecraftforge.common.ForgeConfigSpec/CORE]: Incorrect key [Skin Configuration] Player Skin.playerSkinConfigurationEnabled was corrected from null to its default, true. 
[29Mar2026 02:51:43.041] [main/WARN] [net.minecraftforge.common.ForgeConfigSpec/CORE]: Incorrect key [Skin Configuration] Player Skin.playerSkinConfigurationAllowInCreative was corrected from null to its default, true. 
[29Mar2026 02:51:43.041] [main/WARN] [net.minecraftforge.common.ForgeConfigSpec/CORE]: Incorrect key [Skin Configuration] Player Skin.playerSkinConfigurationPermissionLevel was corrected from null to its default, 1. 
[29Mar2026 02:51:43.041] [main/WARN] [net.minecraftforge.common.ForgeConfigSpec/CORE]: Incorrect key [Skin Configuration] URL Skin was corrected from null to its default, SimpleCommentedConfig:{}. 
[29Mar2026 02:51:43.042] [main/WARN] [net.minecraftforge.common.ForgeConfigSpec/CORE]: Incorrect key [Skin Configuration] URL Skin.urlSkinConfigurationEnabled was corrected from null to its default, true. 
[29Mar2026 02:51:43.042] [main/WARN] [net.minecraftforge.common.ForgeConfigSpec/CORE]: Incorrect key [Skin Configuration] URL Skin.urlSkinConfigurationAllowInCreative was corrected from null to its default, true. 
[29Mar2026 02:51:43.042] [main/WARN] [net.minecraftforge.common.ForgeConfigSpec/CORE]: Incorrect key [Skin Configuration] URL Skin.urlSkinConfigurationPermissionLevel was corrected from null to its default, 1. 
[29Mar2026 02:51:43.043] [main/WARN] [net.minecraftforge.common.ForgeConfigSpec/CORE]: Incorrect key [Skin Configuration] Custom Skin was corrected from null to its default, SimpleCommentedConfig:{}. 
[29Mar2026 02:51:43.043] [main/WARN] [net.minecraftforge.common.ForgeConfigSpec/CORE]: Incorrect key [Skin Configuration] Custom Skin.customSkinConfigurationEnabled was corrected from null to its default, true. 
[29Mar2026 02:51:43.043] [main/WARN] [net.minecraftforge.common.ForgeConfigSpec/CORE]: Incorrect key [Skin Configuration] Custom Skin.customSkinConfigurationAllowInCreative was corrected from null to its default, true. 
[29Mar2026 02:51:43.043] [main/WARN] [net.minecraftforge.common.ForgeConfigSpec/CORE]: Incorrect key [Skin Configuration] Custom Skin.customSkinConfigurationPermissionLevel was corrected from null to its default, 2. 
[29Mar2026 02:51:43.044] [main/WARN] [net.minecraftforge.common.ForgeConfigSpec/CORE]: Incorrect key [Pose Configuration] Default Pose was corrected from null to its default, SimpleCommentedConfig:{}. 
[29Mar2026 02:51:43.044] [main/WARN] [net.minecraftforge.common.ForgeConfigSpec/CORE]: Incorrect key [Pose Configuration] Default Pose.defaultPoseConfigurationEnabled was corrected from null to its default, true. 
[29Mar2026 02:51:43.044] [main/WARN] [net.minecraftforge.common.ForgeConfigSpec/CORE]: Incorrect key [Pose Configuration] Default Pose.defaultPoseConfigurationAllowInCreative was corrected from null to its default, true. 
[29Mar2026 02:51:43.044] [main/WARN] [net.minecraftforge.common.ForgeConfigSpec/CORE]: Incorrect key [Pose Configuration] Default Pose.defaultPoseConfigurationPermissionLevel was corrected from null to its default, 0. 
[29Mar2026 02:51:43.045] [main/WARN] [net.minecraftforge.common.ForgeConfigSpec/CORE]: Incorrect key [Pose Configuration] Advanced Pose was corrected from null to its default, SimpleCommentedConfig:{}. 
[29Mar2026 02:51:43.045] [main/WARN] [net.minecraftforge.common.ForgeConfigSpec/CORE]: Incorrect key [Pose Configuration] Advanced Pose.advancedPoseConfigurationEnabled was corrected from null to its default, true. 
[29Mar2026 02:51:43.045] [main/WARN] [net.minecraftforge.common.ForgeConfigSpec/CORE]: Incorrect key [Pose Configuration] Advanced Pose.advancedPoseConfigurationAllowInCreative was corrected from null to its default, true. 
[29Mar2026 02:51:43.046] [main/WARN] [net.minecraftforge.common.ForgeConfigSpec/CORE]: Incorrect key [Pose Configuration] Advanced Pose.advancedPoseConfigurationPermissionLevel was corrected from null to its default, 0. 
[29Mar2026 02:51:43.046] [main/WARN] [net.minecraftforge.common.ForgeConfigSpec/CORE]: Incorrect key [Pose Configuration] Advanced Pose.[Pose Configuration] Custom Pose was corrected from null to its default, SimpleCommentedConfig:{}. 
[29Mar2026 02:51:43.046] [main/WARN] [net.minecraftforge.common.ForgeConfigSpec/CORE]: Incorrect key [Pose Configuration] Advanced Pose.[Pose Configuration] Custom Pose.customPoseConfigurationEnabled was corrected from null to its default, true. 
[29Mar2026 02:51:43.046] [main/WARN] [net.minecraftforge.common.ForgeConfigSpec/CORE]: Incorrect key [Pose Configuration] Advanced Pose.[Pose Configuration] Custom Pose.customPoseConfigurationAllowInCreative was corrected from null to its default, true. 
[29Mar2026 02:51:43.046] [main/WARN] [net.minecraftforge.common.ForgeConfigSpec/CORE]: Incorrect key [Pose Configuration] Advanced Pose.[Pose Configuration] Custom Pose.customPoseConfigurationPermissionLevel was corrected from null to its default, 0. 
[29Mar2026 02:51:43.046] [main/WARN] [net.minecraftforge.common.ForgeConfigSpec/CORE]: Incorrect key [Pose Configuration] Advanced Pose.[Equipment Configuration] was corrected from null to its default, SimpleCommentedConfig:{}. 
[29Mar2026 02:51:43.047] [main/WARN] [net.minecraftforge.common.ForgeConfigSpec/CORE]: Incorrect key [Pose Configuration] Advanced Pose.[Equipment Configuration].equipmentConfigurationEnabled was corrected from null to its default, true. 
[29Mar2026 02:51:43.047] [main/WARN] [net.minecraftforge.common.ForgeConfigSpec/CORE]: Incorrect key [Pose Configuration] Advanced Pose.[Equipment Configuration].equipmentConfigurationAllowInCreative was corrected from null to its default, true. 
[29Mar2026 02:51:43.047] [main/WARN] [net.minecraftforge.common.ForgeConfigSpec/CORE]: Incorrect key [Pose Configuration] Advanced Pose.[Equipment Configuration].equipmentConfigurationPermissionLevel was corrected from null to its default, 0. 
[29Mar2026 02:51:43.047] [main/WARN] [net.minecraftforge.common.ForgeConfigSpec/CORE]: Incorrect key [Pose Configuration] Advanced Pose.[Position Configuration] was corrected from null to its default, SimpleCommentedConfig:{}. 
[29Mar2026 02:51:43.047] [main/WARN] [net.minecraftforge.common.ForgeConfigSpec/CORE]: Incorrect key [Pose Configuration] Advanced Pose.[Position Configuration].defaultPositionConfigurationEnabled was corrected from null to its default, true. 
[29Mar2026 02:51:43.048] [main/WARN] [net.minecraftforge.common.ForgeConfigSpec/CORE]: Incorrect key [Pose Configuration] Advanced Pose.[Position Configuration].defaultPositionConfigurationAllowInCreative was corrected from null to its default, true. 
[29Mar2026 02:51:43.048] [main/WARN] [net.minecraftforge.common.ForgeConfigSpec/CORE]: Incorrect key [Pose Configuration] Advanced Pose.[Position Configuration].defaultPositionConfigurationPermissionLevel was corrected from null to its default, 0. 
[29Mar2026 02:51:43.048] [main/WARN] [net.minecraftforge.common.ForgeConfigSpec/CORE]: Incorrect key [Pose Configuration] Advanced Pose.[Rotation Configuration] was corrected from null to its default, SimpleCommentedConfig:{}. 
[29Mar2026 02:51:43.048] [main/WARN] [net.minecraftforge.common.ForgeConfigSpec/CORE]: Incorrect key [Pose Configuration] Advanced Pose.[Rotation Configuration].defaultRotationConfigurationEnabled was corrected from null to its default, true. 
[29Mar2026 02:51:43.048] [main/WARN] [net.minecraftforge.common.ForgeConfigSpec/CORE]: Incorrect key [Pose Configuration] Advanced Pose.[Rotation Configuration].defaultRotationConfigurationAllowInCreative was corrected from null to its default, true. 
[29Mar2026 02:51:43.049] [main/WARN] [net.minecraftforge.common.ForgeConfigSpec/CORE]: Incorrect key [Pose Configuration] Advanced Pose.[Rotation Configuration].defaultRotationConfigurationPermissionLevel was corrected from null to its default, 0. 
[29Mar2026 02:51:43.049] [main/WARN] [net.minecraftforge.common.ForgeConfigSpec/CORE]: Incorrect key [Pose Configuration] Advanced Pose.[Scale Configuration] was corrected from null to its default, SimpleCommentedConfig:{}. 
[29Mar2026 02:51:43.049] [main/WARN] [net.minecraftforge.common.ForgeConfigSpec/CORE]: Incorrect key [Pose Configuration] Advanced Pose.[Scale Configuration].scaleConfigurationEnabled was corrected from null to its default, true. 
[29Mar2026 02:51:43.049] [main/WARN] [net.minecraftforge.common.ForgeConfigSpec/CORE]: Incorrect key [Pose Configuration] Advanced Pose.[Scale Configuration].scaleConfigurationAllowInCreative was corrected from null to its default, true. 
[29Mar2026 02:51:43.049] [main/WARN] [net.minecraftforge.common.ForgeConfigSpec/CORE]: Incorrect key [Pose Configuration] Advanced Pose.[Scale Configuration].scaleConfigurationPermissionLevel was corrected from null to its default, 0. 
[29Mar2026 02:51:43.050] [main/WARN] [net.minecraftforge.common.ForgeConfigSpec/CORE]: Incorrect key [Pose Configuration] Advanced Pose.[Export Configuration] Export Custom Preset was corrected from null to its default, SimpleCommentedConfig:{}. 
[29Mar2026 02:51:43.050] [main/WARN] [net.minecraftforge.common.ForgeConfigSpec/CORE]: Incorrect key [Pose Configuration] Advanced Pose.[Export Configuration] Export Custom Preset.customExportPresetConfigurationEnabled was corrected from null to its default, true. 
[29Mar2026 02:51:43.050] [main/WARN] [net.minecraftforge.common.ForgeConfigSpec/CORE]: Incorrect key [Pose Configuration] Advanced Pose.[Export Configuration] Export Custom Preset.customExportPresetConfigurationAllowInCreative was corrected from null to its default, true. 
[29Mar2026 02:51:43.050] [main/WARN] [net.minecraftforge.common.ForgeConfigSpec/CORE]: Incorrect key [Pose Configuration] Advanced Pose.[Export Configuration] Export Custom Preset.customExportPresetConfigurationPermissionLevel was corrected from null to its default, 0. 
[29Mar2026 02:51:43.051] [main/WARN] [net.minecraftforge.common.ForgeConfigSpec/CORE]: Incorrect key [Pose Configuration] Advanced Pose.[Export Configuration] Export World Preset was corrected from null to its default, SimpleCommentedConfig:{}. 
[29Mar2026 02:51:43.051] [main/WARN] [net.minecraftforge.common.ForgeConfigSpec/CORE]: Incorrect key [Pose Configuration] Advanced Pose.[Export Configuration] Export World Preset.worldExportPresetConfigurationEnabled was corrected from null to its default, true. 
[29Mar2026 02:51:43.051] [main/WARN] [net.minecraftforge.common.ForgeConfigSpec/CORE]: Incorrect key [Pose Configuration] Advanced Pose.[Export Configuration] Export World Preset.worldExportPresetConfigurationAllowInCreative was corrected from null to its default, true. 
[29Mar2026 02:51:43.051] [main/WARN] [net.minecraftforge.common.ForgeConfigSpec/CORE]: Incorrect key [Pose Configuration] Advanced Pose.[Export Configuration] Export World Preset.worldExportPresetConfigurationPermissionLevel was corrected from null to its default, 0. 
[29Mar2026 02:51:43.052] [main/WARN] [net.minecraftforge.common.ForgeConfigSpec/CORE]: Incorrect key [Pose Configuration] Advanced Pose.[Import Configuration] Import Default Preset was corrected from null to its default, SimpleCommentedConfig:{}. 
[29Mar2026 02:51:43.052] [main/WARN] [net.minecraftforge.common.ForgeConfigSpec/CORE]: Incorrect key [Pose Configuration] Advanced Pose.[Import Configuration] Import Default Preset.defaultImportPresetConfigurationEnabled was corrected from null to its default, true. 
[29Mar2026 02:51:43.052] [main/WARN] [net.minecraftforge.common.ForgeConfigSpec/CORE]: Incorrect key [Pose Configuration] Advanced Pose.[Import Configuration] Import Default Preset.defaultImportPresetConfigurationAllowInCreative was corrected from null to its default, true. 
[29Mar2026 02:51:43.052] [main/WARN] [net.minecraftforge.common.ForgeConfigSpec/CORE]: Incorrect key [Pose Configuration] Advanced Pose.[Import Configuration] Import Default Preset.defaultImportPresetConfigurationPermissionLevel was corrected from null to its default, 0. 
[29Mar2026 02:51:43.052] [main/WARN] [net.minecraftforge.common.ForgeConfigSpec/CORE]: Incorrect key [Pose Configuration] Advanced Pose.[Import Configuration] Import Local Preset was corrected from null to its default, SimpleCommentedConfig:{}. 
[29Mar2026 02:51:43.053] [main/WARN] [net.minecraftforge.common.ForgeConfigSpec/CORE]: Incorrect key [Pose Configuration] Advanced Pose.[Import Configuration] Import Local Preset.localImportPresetConfigurationEnabled was corrected from null to its default, true. 
[29Mar2026 02:51:43.053] [main/WARN] [net.minecraftforge.common.ForgeConfigSpec/CORE]: Incorrect key [Pose Configuration] Advanced Pose.[Import Configuration] Import Local Preset.localImportPresetConfigurationAllowInCreative was corrected from null to its default, true. 
[29Mar2026 02:51:43.053] [main/WARN] [net.minecraftforge.common.ForgeConfigSpec/CORE]: Incorrect key [Pose Configuration] Advanced Pose.[Import Configuration] Import Local Preset.localImportPresetConfigurationPermissionLevel was corrected from null to its default, 0. 
[29Mar2026 02:51:43.053] [main/WARN] [net.minecraftforge.common.ForgeConfigSpec/CORE]: Incorrect key [Pose Configuration] Advanced Pose.[Import Configuration] Import Custom Preset was corrected from null to its default, SimpleCommentedConfig:{}. 
[29Mar2026 02:51:43.054] [main/WARN] [net.minecraftforge.common.ForgeConfigSpec/CORE]: Incorrect key [Pose Configuration] Advanced Pose.[Import Configuration] Import Custom Preset.customImportPresetConfigurationEnabled was corrected from null to its default, true. 
[29Mar2026 02:51:43.054] [main/WARN] [net.minecraftforge.common.ForgeConfigSpec/CORE]: Incorrect key [Pose Configuration] Advanced Pose.[Import Configuration] Import Custom Preset.customImportPresetConfigurationAllowInCreative was corrected from null to its default, true. 
[29Mar2026 02:51:43.054] [main/WARN] [net.minecraftforge.common.ForgeConfigSpec/CORE]: Incorrect key [Pose Configuration] Advanced Pose.[Import Configuration] Import Custom Preset.customImportPresetConfigurationPermissionLevel was corrected from null to its default, 0. 
[29Mar2026 02:51:43.054] [main/WARN] [net.minecraftforge.common.ForgeConfigSpec/CORE]: Incorrect key [Pose Configuration] Advanced Pose.[Import Configuration] Import Server Preset was corrected from null to its default, SimpleCommentedConfig:{}. 
[29Mar2026 02:51:43.055] [main/WARN] [net.minecraftforge.common.ForgeConfigSpec/CORE]: Incorrect key [Pose Configuration] Advanced Pose.[Import Configuration] Import Server Preset.worldImportPresetConfigurationEnabled was corrected from null to its default, true. 
[29Mar2026 02:51:43.055] [main/WARN] [net.minecraftforge.common.ForgeConfigSpec/CORE]: Incorrect key [Pose Configuration] Advanced Pose.[Import Configuration] Import Server Preset.worldImportPresetConfigurationAllowInCreative was corrected from null to its default, true. 
[29Mar2026 02:51:43.055] [main/WARN] [net.minecraftforge.common.ForgeConfigSpec/CORE]: Incorrect key [Pose Configuration] Advanced Pose.[Import Configuration] Import Server Preset.worldImportPresetConfigurationPermissionLevel was corrected from null to its default, 0. 
[29Mar2026 02:51:43.055] [main/WARN] [net.minecraftforge.common.ForgeConfigSpec/CORE]: Incorrect key [Pose Configuration] Advanced Pose.[Trading Configuration] Default Trading was corrected from null to its default, SimpleCommentedConfig:{}. 
[29Mar2026 02:51:43.056] [main/WARN] [net.minecraftforge.common.ForgeConfigSpec/CORE]: Incorrect key [Pose Configuration] Advanced Pose.[Trading Configuration] Default Trading.noneTradingConfigurationEnabled was corrected from null to its default, true. 
[29Mar2026 02:51:43.056] [main/WARN] [net.minecraftforge.common.ForgeConfigSpec/CORE]: Incorrect key [Pose Configuration] Advanced Pose.[Trading Configuration] Default Trading.noneTradingConfigurationAllowInCreative was corrected from null to its default, true. 
[29Mar2026 02:51:43.056] [main/WARN] [net.minecraftforge.common.ForgeConfigSpec/CORE]: Incorrect key [Pose Configuration] Advanced Pose.[Trading Configuration] Default Trading.noneTradingConfigurationPermissionLevel was corrected from null to its default, 0. 
[29Mar2026 02:51:43.056] [main/WARN] [net.minecraftforge.common.ForgeConfigSpec/CORE]: Incorrect key [Pose Configuration] Advanced Pose.[Trading Configuration] Basic Trading was corrected from null to its default, SimpleCommentedConfig:{}. 
[29Mar2026 02:51:43.056] [main/WARN] [net.minecraftforge.common.ForgeConfigSpec/CORE]: Incorrect key [Pose Configuration] Advanced Pose.[Trading Configuration] Basic Trading.basicTradingConfigurationEnabled was corrected from null to its default, true. 
[29Mar2026 02:51:43.057] [main/WARN] [net.minecraftforge.common.ForgeConfigSpec/CORE]: Incorrect key [Pose Configuration] Advanced Pose.[Trading Configuration] Basic Trading.basicTradingConfigurationAllowInCreative was corrected from null to its default, true. 
[29Mar2026 02:51:43.057] [main/WARN] [net.minecraftforge.common.ForgeConfigSpec/CORE]: Incorrect key [Pose Configuration] Advanced Pose.[Trading Configuration] Basic Trading.basicTradingConfigurationPermissionLevel was corrected from null to its default, 0. 
[29Mar2026 02:51:43.057] [main/WARN] [net.minecraftforge.common.ForgeConfigSpec/CORE]: Incorrect key [Pose Configuration] Advanced Pose.[Trading Configuration] Advanced Trading was corrected from null to its default, SimpleCommentedConfig:{}. 
[29Mar2026 02:51:43.057] [main/WARN] [net.minecraftforge.common.ForgeConfigSpec/CORE]: Incorrect key [Pose Configuration] Advanced Pose.[Trading Configuration] Advanced Trading.advancedTradingConfigurationEnabled was corrected from null to its default, true. 
[29Mar2026 02:51:43.057] [main/WARN] [net.minecraftforge.common.ForgeConfigSpec/CORE]: Incorrect key [Pose Configuration] Advanced Pose.[Trading Configuration] Advanced Trading.advancedTradingConfigurationAllowInCreative was corrected from null to its default, true. 
[29Mar2026 02:51:43.058] [main/WARN] [net.minecraftforge.common.ForgeConfigSpec/CORE]: Incorrect key [Pose Configuration] Advanced Pose.[Trading Configuration] Advanced Trading.advancedTradingConfigurationPermissionLevel was corrected from null to its default, 0. 
[29Mar2026 02:51:43.058] [main/WARN] [net.minecraftforge.common.ForgeConfigSpec/CORE]: Incorrect key [Pose Configuration] Advanced Pose.[Trading Configuration] Custom Trading was corrected from null to its default, SimpleCommentedConfig:{}. 
[29Mar2026 02:51:43.058] [main/WARN] [net.minecraftforge.common.ForgeConfigSpec/CORE]: Incorrect key [Pose Configuration] Advanced Pose.[Trading Configuration] Custom Trading.customTradingConfigurationEnabled was corrected from null to its default, true. 
[29Mar2026 02:51:43.058] [main/WARN] [net.minecraftforge.common.ForgeConfigSpec/CORE]: Incorrect key [Pose Configuration] Advanced Pose.[Trading Configuration] Custom Trading.customTradingConfigurationAllowInCreative was corrected from null to its default, true. 
[29Mar2026 02:51:43.058] [main/WARN] [net.minecraftforge.common.ForgeConfigSpec/CORE]: Incorrect key [Pose Configuration] Advanced Pose.[Trading Configuration] Custom Trading.customTradingConfigurationPermissionLevel was corrected from null to its default, 0. 
[29Mar2026 02:51:43.059] [main/WARN] [net.minecraftforge.common.ForgeConfigSpec/CORE]: Incorrect key [Pose Configuration] Advanced Pose.[Objective Configuration] Basic Objective was corrected from null to its default, SimpleCommentedConfig:{}. 
[29Mar2026 02:51:43.059] [main/WARN] [net.minecraftforge.common.ForgeConfigSpec/CORE]: Incorrect key [Pose Configuration] Advanced Pose.[Objective Configuration] Basic Objective.basicObjectiveConfigurationEnabled was corrected from null to its default, true. 
[29Mar2026 02:51:43.059] [main/WARN] [net.minecraftforge.common.ForgeConfigSpec/CORE]: Incorrect key [Pose Configuration] Advanced Pose.[Objective Configuration] Basic Objective.basicObjectiveConfigurationAllowInCreative was corrected from null to its default, true. 
[29Mar2026 02:51:43.059] [main/WARN] [net.minecraftforge.common.ForgeConfigSpec/CORE]: Incorrect key [Pose Configuration] Advanced Pose.[Objective Configuration] Basic Objective.basicObjectiveConfigurationPermissionLevel was corrected from null to its default, 0. 
[29Mar2026 02:51:43.059] [main/WARN] [net.minecraftforge.common.ForgeConfigSpec/CORE]: Incorrect key [Pose Configuration] Advanced Pose.[Objective Configuration] Attack Objective was corrected from null to its default, SimpleCommentedConfig:{}. 
[29Mar2026 02:51:43.059] [main/WARN] [net.minecraftforge.common.ForgeConfigSpec/CORE]: Incorrect key [Pose Configuration] Advanced Pose.[Objective Configuration] Attack Objective.attackObjectiveConfigurationEnabled was corrected from null to its default, true. 
[29Mar2026 02:51:43.060] [main/WARN] [net.minecraftforge.common.ForgeConfigSpec/CORE]: Incorrect key [Pose Configuration] Advanced Pose.[Objective Configuration] Attack Objective.attackObjectiveConfigurationAllowInCreative was corrected from null to its default, true. 
[29Mar2026 02:51:43.060] [main/WARN] [net.minecraftforge.common.ForgeConfigSpec/CORE]: Incorrect key [Pose Configuration] Advanced Pose.[Objective Configuration] Attack Objective.attackObjectiveConfigurationPermissionLevel was corrected from null to its default, 0. 
[29Mar2026 02:51:43.060] [main/WARN] [net.minecraftforge.common.ForgeConfigSpec/CORE]: Incorrect key [Pose Configuration] Advanced Pose.[Objective Configuration] Follow Objective was corrected from null to its default, SimpleCommentedConfig:{}. 
[29Mar2026 02:51:43.060] [main/WARN] [net.minecraftforge.common.ForgeConfigSpec/CORE]: Incorrect key [Pose Configuration] Advanced Pose.[Objective Configuration] Follow Objective.followObjectiveConfigurationEnabled was corrected from null to its default, true. 
[29Mar2026 02:51:43.060] [main/WARN] [net.minecraftforge.common.ForgeConfigSpec/CORE]: Incorrect key [Pose Configuration] Advanced Pose.[Objective Configuration] Follow Objective.followObjectiveConfigurationAllowInCreative was corrected from null to its default, true. 
[29Mar2026 02:51:43.060] [main/WARN] [net.minecraftforge.common.ForgeConfigSpec/CORE]: Incorrect key [Pose Configuration] Advanced Pose.[Objective Configuration] Follow Objective.followObjectiveConfigurationPermissionLevel was corrected from null to its default, 0. 
[29Mar2026 02:51:43.061] [main/WARN] [net.minecraftforge.common.ForgeConfigSpec/CORE]: Incorrect key [Pose Configuration] Advanced Pose.[Objective Configuration] Look Objective was corrected from null to its default, SimpleCommentedConfig:{}. 
[29Mar2026 02:51:43.061] [main/WARN] [net.minecraftforge.common.ForgeConfigSpec/CORE]: Incorrect key [Pose Configuration] Advanced Pose.[Objective Configuration] Look Objective.lookObjectiveConfigurationEnabled was corrected from null to its default, true. 
[29Mar2026 02:51:43.061] [main/WARN] [net.minecraftforge.common.ForgeConfigSpec/CORE]: Incorrect key [Pose Configuration] Advanced Pose.[Objective Configuration] Look Objective.lookObjectiveConfigurationAllowInCreative was corrected from null to its default, true. 
[29Mar2026 02:51:43.061] [main/WARN] [net.minecraftforge.common.ForgeConfigSpec/CORE]: Incorrect key [Pose Configuration] Advanced Pose.[Objective Configuration] Look Objective.lookObjectiveConfigurationPermissionLevel was corrected from null to its default, 0. 
[29Mar2026 02:51:43.065] [main/WARN] [net.minecraftforge.common.ForgeConfigSpec/CORE]: Configuration file /workspaces/MC_Tomate/servidor_minecraft/config/mowziesmobs-common.toml is not correct. Correcting
[29Mar2026 02:51:43.065] [main/WARN] [net.minecraftforge.common.ForgeConfigSpec/CORE]: Incorrect key tools_and_abilities was corrected from null to its default, SimpleCommentedConfig:{}. 
[29Mar2026 02:51:43.066] [main/WARN] [net.minecraftforge.common.ForgeConfigSpec/CORE]: Incorrect key tools_and_abilities.suns_blessing was corrected from null to its default, SimpleCommentedConfig:{}. 
[29Mar2026 02:51:43.066] [main/WARN] [net.minecraftforge.common.ForgeConfigSpec/CORE]: Incorrect key tools_and_abilities.suns_blessing.suns_blessing_duration was corrected from null to its default, 60. 
[29Mar2026 02:51:43.066] [main/WARN] [net.minecraftforge.common.ForgeConfigSpec/CORE]: Incorrect key tools_and_abilities.suns_blessing.suns_blessing_attack_multiplier was corrected from null to its default, 1.0. 
[29Mar2026 02:51:43.066] [main/WARN] [net.minecraftforge.common.ForgeConfigSpec/CORE]: Incorrect key tools_and_abilities.suns_blessing.solar_beam_cost was corrected from null to its default, 5. 
[29Mar2026 02:51:43.067] [main/WARN] [net.minecraftforge.common.ForgeConfigSpec/CORE]: Incorrect key tools_and_abilities.supernova_cost was corrected from null to its default, 60. 
[29Mar2026 02:51:43.067] [main/WARN] [net.minecraftforge.common.ForgeConfigSpec/CORE]: Incorrect key tools_and_abilities.wrought_helm was corrected from null to its default, SimpleCommentedConfig:{}. 
[29Mar2026 02:51:43.067] [main/WARN] [net.minecraftforge.common.ForgeConfigSpec/CORE]: Incorrect key tools_and_abilities.wrought_helm.armor_config was corrected from null to its default, SimpleCommentedConfig:{}. 
[29Mar2026 02:51:43.067] [main/WARN] [net.minecraftforge.common.ForgeConfigSpec/CORE]: Incorrect key tools_and_abilities.wrought_helm.armor_config.damage_reduction_multiplier was corrected from null to its default, 1.0. 
[29Mar2026 02:51:43.068] [main/WARN] [net.minecraftforge.common.ForgeConfigSpec/CORE]: Incorrect key tools_and_abilities.wrought_helm.armor_config.toughness_multiplier was corrected from null to its default, 1.0. 
[29Mar2026 02:51:43.068] [main/WARN] [net.minecraftforge.common.ForgeConfigSpec/CORE]: Incorrect key tools_and_abilities.wrought_helm.breakable was corrected from null to its default, false. 
[29Mar2026 02:51:43.068] [main/WARN] [net.minecraftforge.common.ForgeConfigSpec/CORE]: Incorrect key tools_and_abilities.axe_of_a_thousand_metals was corrected from null to its default, SimpleCommentedConfig:{}. 
[29Mar2026 02:51:43.068] [main/WARN] [net.minecraftforge.common.ForgeConfigSpec/CORE]: Incorrect key tools_and_abilities.axe_of_a_thousand_metals.tool_config was corrected from null to its default, SimpleCommentedConfig:{}. 
[29Mar2026 02:51:43.068] [main/WARN] [net.minecraftforge.common.ForgeConfigSpec/CORE]: Incorrect key tools_and_abilities.axe_of_a_thousand_metals.tool_config.attack_damage was corrected from null to its default, 9.0. 
[29Mar2026 02:51:43.069] [main/WARN] [net.minecraftforge.common.ForgeConfigSpec/CORE]: Incorrect key tools_and_abilities.axe_of_a_thousand_metals.tool_config.attack_speed was corrected from null to its default, 0.8999999761581421. 
[29Mar2026 02:51:43.069] [main/WARN] [net.minecraftforge.common.ForgeConfigSpec/CORE]: Incorrect key tools_and_abilities.axe_of_a_thousand_metals.breakable was corrected from null to its default, false. 
[29Mar2026 02:51:43.069] [main/WARN] [net.minecraftforge.common.ForgeConfigSpec/CORE]: Incorrect key tools_and_abilities.sol_visage was corrected from null to its default, SimpleCommentedConfig:{}. 
[29Mar2026 02:51:43.069] [main/WARN] [net.minecraftforge.common.ForgeConfigSpec/CORE]: Incorrect key tools_and_abilities.sol_visage.armor_config was corrected from null to its default, SimpleCommentedConfig:{}. 
[29Mar2026 02:51:43.069] [main/WARN] [net.minecraftforge.common.ForgeConfigSpec/CORE]: Incorrect key tools_and_abilities.sol_visage.armor_config.damage_reduction_multiplier was corrected from null to its default, 1.0. 
[29Mar2026 02:51:43.070] [main/WARN] [net.minecraftforge.common.ForgeConfigSpec/CORE]: Incorrect key tools_and_abilities.sol_visage.armor_config.toughness_multiplier was corrected from null to its default, 1.0. 
[29Mar2026 02:51:43.070] [main/WARN] [net.minecraftforge.common.ForgeConfigSpec/CORE]: Incorrect key tools_and_abilities.sol_visage.breakable was corrected from null to its default, false. 
[29Mar2026 02:51:43.070] [main/WARN] [net.minecraftforge.common.ForgeConfigSpec/CORE]: Incorrect key tools_and_abilities.sol_visage.max_followers was corrected from null to its default, 10. 
[29Mar2026 02:51:43.070] [main/WARN] [net.minecraftforge.common.ForgeConfigSpec/CORE]: Incorrect key tools_and_abilities.ice_crystal was corrected from null to its default, SimpleCommentedConfig:{}. 
[29Mar2026 02:51:43.070] [main/WARN] [net.minecraftforge.common.ForgeConfigSpec/CORE]: Incorrect key tools_and_abilities.ice_crystal.attack_multiplier was corrected from null to its default, 1.0. 
[29Mar2026 02:51:43.070] [main/WARN] [net.minecraftforge.common.ForgeConfigSpec/CORE]: Incorrect key tools_and_abilities.ice_crystal.breakable was corrected from null to its default, false. 
[29Mar2026 02:51:43.071] [main/WARN] [net.minecraftforge.common.ForgeConfigSpec/CORE]: Incorrect key tools_and_abilities.ice_crystal.durability was corrected from null to its default, 600. 
[29Mar2026 02:51:43.071] [main/WARN] [net.minecraftforge.common.ForgeConfigSpec/CORE]: Incorrect key tools_and_abilities.ice_crystal.freeze_duration was corrected from null to its default, 50. 
[29Mar2026 02:51:43.071] [main/WARN] [net.minecraftforge.common.ForgeConfigSpec/CORE]: Incorrect key tools_and_abilities.umvuthana_mask was corrected from null to its default, SimpleCommentedConfig:{}. 
[29Mar2026 02:51:43.071] [main/WARN] [net.minecraftforge.common.ForgeConfigSpec/CORE]: Incorrect key tools_and_abilities.umvuthana_mask.armor_config was corrected from null to its default, SimpleCommentedConfig:{}. 
[29Mar2026 02:51:43.071] [main/WARN] [net.minecraftforge.common.ForgeConfigSpec/CORE]: Incorrect key tools_and_abilities.umvuthana_mask.armor_config.damage_reduction_multiplier was corrected from null to its default, 1.0. 
[29Mar2026 02:51:43.072] [main/WARN] [net.minecraftforge.common.ForgeConfigSpec/CORE]: Incorrect key tools_and_abilities.umvuthana_mask.armor_config.toughness_multiplier was corrected from null to its default, 1.0. 
[29Mar2026 02:51:43.072] [main/WARN] [net.minecraftforge.common.ForgeConfigSpec/CORE]: Incorrect key tools_and_abilities.geomancerArmor was corrected from null to its default, SimpleCommentedConfig:{}. 
[29Mar2026 02:51:43.072] [main/WARN] [net.minecraftforge.common.ForgeConfigSpec/CORE]: Incorrect key tools_and_abilities.geomancerArmor.armor_config was corrected from null to its default, SimpleCommentedConfig:{}. 
[29Mar2026 02:51:43.072] [main/WARN] [net.minecraftforge.common.ForgeConfigSpec/CORE]: Incorrect key tools_and_abilities.geomancerArmor.armor_config.damage_reduction_multiplier was corrected from null to its default, 1.0. 
[29Mar2026 02:51:43.072] [main/WARN] [net.minecraftforge.common.ForgeConfigSpec/CORE]: Incorrect key tools_and_abilities.geomancerArmor.armor_config.toughness_multiplier was corrected from null to its default, 1.0. 
[29Mar2026 02:51:43.073] [main/WARN] [net.minecraftforge.common.ForgeConfigSpec/CORE]: Incorrect key tools_and_abilities.spear was corrected from null to its default, SimpleCommentedConfig:{}. 
[29Mar2026 02:51:43.073] [main/WARN] [net.minecraftforge.common.ForgeConfigSpec/CORE]: Incorrect key tools_and_abilities.spear.tool_config was corrected from null to its default, SimpleCommentedConfig:{}. 
[29Mar2026 02:51:43.073] [main/WARN] [net.minecraftforge.common.ForgeConfigSpec/CORE]: Incorrect key tools_and_abilities.spear.tool_config.attack_damage was corrected from null to its default, 5.0. 
[29Mar2026 02:51:43.073] [main/WARN] [net.minecraftforge.common.ForgeConfigSpec/CORE]: Incorrect key tools_and_abilities.spear.tool_config.attack_speed was corrected from null to its default, 1.600000023841858. 
[29Mar2026 02:51:43.073] [main/WARN] [net.minecraftforge.common.ForgeConfigSpec/CORE]: Incorrect key tools_and_abilities.naga_fang_dagger was corrected from null to its default, SimpleCommentedConfig:{}. 
[29Mar2026 02:51:43.073] [main/WARN] [net.minecraftforge.common.ForgeConfigSpec/CORE]: Incorrect key tools_and_abilities.naga_fang_dagger.tool_config was corrected from null to its default, SimpleCommentedConfig:{}. 
[29Mar2026 02:51:43.074] [main/WARN] [net.minecraftforge.common.ForgeConfigSpec/CORE]: Incorrect key tools_and_abilities.naga_fang_dagger.tool_config.attack_damage was corrected from null to its default, 3.0. 
[29Mar2026 02:51:43.074] [main/WARN] [net.minecraftforge.common.ForgeConfigSpec/CORE]: Incorrect key tools_and_abilities.naga_fang_dagger.tool_config.attack_speed was corrected from null to its default, 2.0. 
[29Mar2026 02:51:43.074] [main/WARN] [net.minecraftforge.common.ForgeConfigSpec/CORE]: Incorrect key tools_and_abilities.naga_fang_dagger.poison_duration was corrected from null to its default, 40. 
[29Mar2026 02:51:43.074] [main/WARN] [net.minecraftforge.common.ForgeConfigSpec/CORE]: Incorrect key tools_and_abilities.naga_fang_dagger.backstab_damage_mult was corrected from null to its default, 2.0. 
[29Mar2026 02:51:43.074] [main/WARN] [net.minecraftforge.common.ForgeConfigSpec/CORE]: Incorrect key tools_and_abilities.blowgun was corrected from null to its default, SimpleCommentedConfig:{}. 
[29Mar2026 02:51:43.075] [main/WARN] [net.minecraftforge.common.ForgeConfigSpec/CORE]: Incorrect key tools_and_abilities.blowgun.poison_duration was corrected from null to its default, 40. 
[29Mar2026 02:51:43.075] [main/WARN] [net.minecraftforge.common.ForgeConfigSpec/CORE]: Incorrect key tools_and_abilities.blowgun.attack_damage was corrected from null to its default, 1.0. 
[29Mar2026 02:51:43.075] [main/WARN] [net.minecraftforge.common.ForgeConfigSpec/CORE]: Incorrect key tools_and_abilities.earthrend_gauntlet was corrected from null to its default, SimpleCommentedConfig:{}. 
[29Mar2026 02:51:43.075] [main/WARN] [net.minecraftforge.common.ForgeConfigSpec/CORE]: Incorrect key tools_and_abilities.earthrend_gauntlet.attack_multiplier was corrected from null to its default, 1.0. 
[29Mar2026 02:51:43.075] [main/WARN] [net.minecraftforge.common.ForgeConfigSpec/CORE]: Incorrect key tools_and_abilities.earthrend_gauntlet.breakable was corrected from null to its default, false. 
[29Mar2026 02:51:43.075] [main/WARN] [net.minecraftforge.common.ForgeConfigSpec/CORE]: Incorrect key tools_and_abilities.earthrend_gauntlet.durability was corrected from null to its default, 400. 
[29Mar2026 02:51:43.075] [main/WARN] [net.minecraftforge.common.ForgeConfigSpec/CORE]: Incorrect key tools_and_abilities.earthrend_gauntlet.enable_tunneling was corrected from null to its default, true. 
[29Mar2026 02:51:43.075] [main/WARN] [net.minecraftforge.common.ForgeConfigSpec/CORE]: Incorrect key tools_and_abilities.earthrend_gauntlet.tool_config was corrected from null to its default, SimpleCommentedConfig:{}. 
[29Mar2026 02:51:43.075] [main/WARN] [net.minecraftforge.common.ForgeConfigSpec/CORE]: Incorrect key tools_and_abilities.earthrend_gauntlet.tool_config.attack_damage was corrected from null to its default, 6.0. 
[29Mar2026 02:51:43.075] [main/WARN] [net.minecraftforge.common.ForgeConfigSpec/CORE]: Incorrect key tools_and_abilities.earthrend_gauntlet.tool_config.attack_speed was corrected from null to its default, 1.2000000476837158. 
[29Mar2026 02:51:43.075] [main/WARN] [net.minecraftforge.common.ForgeConfigSpec/CORE]: Incorrect key tools_and_abilities.sculptor_staff was corrected from null to its default, SimpleCommentedConfig:{}. 
[29Mar2026 02:51:43.076] [main/WARN] [net.minecraftforge.common.ForgeConfigSpec/CORE]: Incorrect key tools_and_abilities.sculptor_staff.tool_config was corrected from null to its default, SimpleCommentedConfig:{}. 
[29Mar2026 02:51:43.076] [main/WARN] [net.minecraftforge.common.ForgeConfigSpec/CORE]: Incorrect key tools_and_abilities.sculptor_staff.tool_config.attack_damage was corrected from null to its default, 3.0. 
[29Mar2026 02:51:43.076] [main/WARN] [net.minecraftforge.common.ForgeConfigSpec/CORE]: Incorrect key tools_and_abilities.sculptor_staff.tool_config.attack_speed was corrected from null to its default, 1.0. 
[29Mar2026 02:51:43.076] [main/WARN] [net.minecraftforge.common.ForgeConfigSpec/CORE]: Incorrect key tools_and_abilities.sculptor_staff.attack_multiplier was corrected from null to its default, 1.0. 
[29Mar2026 02:51:43.076] [main/WARN] [net.minecraftforge.common.ForgeConfigSpec/CORE]: Incorrect key mobs was corrected from null to its default, SimpleCommentedConfig:{}. 
[29Mar2026 02:51:43.077] [main/WARN] [net.minecraftforge.common.ForgeConfigSpec/CORE]: Incorrect key mobs.frostmaw was corrected from null to its default, SimpleCommentedConfig:{}. 
[29Mar2026 02:51:43.077] [main/WARN] [net.minecraftforge.common.ForgeConfigSpec/CORE]: Incorrect key mobs.frostmaw.biome_config was corrected from null to its default, SimpleCommentedConfig:{}. 
[29Mar2026 02:51:43.077] [main/WARN] [net.minecraftforge.common.ForgeConfigSpec/CORE]: Incorrect key mobs.frostmaw.biome_config.biome_tags was corrected from null to its default, [forge:is_snowy,!minecraft:is_ocean,!minecraft:is_river,!minecraft:is_beach,!minecraft:is_forest,!minecraft:is_taiga]. 
[29Mar2026 02:51:43.077] [main/WARN] [net.minecraftforge.common.ForgeConfigSpec/CORE]: Incorrect key mobs.frostmaw.biome_config.biome_whitelist was corrected from null to its default, []. 
[29Mar2026 02:51:43.078] [main/WARN] [net.minecraftforge.common.ForgeConfigSpec/CORE]: Incorrect key mobs.frostmaw.biome_config.biome_blacklist was corrected from null to its default, []. 
[29Mar2026 02:51:43.078] [main/WARN] [net.minecraftforge.common.ForgeConfigSpec/CORE]: Incorrect key mobs.frostmaw.generation_config was corrected from null to its default, SimpleCommentedConfig:{}. 
[29Mar2026 02:51:43.078] [main/WARN] [net.minecraftforge.common.ForgeConfigSpec/CORE]: Incorrect key mobs.frostmaw.generation_config.generation_distance was corrected from null to its default, 25. 
[29Mar2026 02:51:43.078] [main/WARN] [net.minecraftforge.common.ForgeConfigSpec/CORE]: Incorrect key mobs.frostmaw.generation_config.generation_separation was corrected from null to its default, 8. 
[29Mar2026 02:51:43.078] [main/WARN] [net.minecraftforge.common.ForgeConfigSpec/CORE]: Incorrect key mobs.frostmaw.generation_config.height_max was corrected from null to its default, 100.0. 
[29Mar2026 02:51:43.078] [main/WARN] [net.minecraftforge.common.ForgeConfigSpec/CORE]: Incorrect key mobs.frostmaw.generation_config.height_min was corrected from null to its default, 50.0. 
[29Mar2026 02:51:43.079] [main/WARN] [net.minecraftforge.common.ForgeConfigSpec/CORE]: Incorrect key mobs.frostmaw.generation_config.avoid_structures was corrected from null to its default, [minecraft:villages, minecraft:pillager_outposts]. 
[29Mar2026 02:51:43.079] [main/WARN] [net.minecraftforge.common.ForgeConfigSpec/CORE]: Incorrect key mobs.frostmaw.combat_config was corrected from null to its default, SimpleCommentedConfig:{}. 
[29Mar2026 02:51:43.079] [main/WARN] [net.minecraftforge.common.ForgeConfigSpec/CORE]: Incorrect key mobs.frostmaw.combat_config.health_multiplier was corrected from null to its default, 1.0. 
[29Mar2026 02:51:43.079] [main/WARN] [net.minecraftforge.common.ForgeConfigSpec/CORE]: Incorrect key mobs.frostmaw.combat_config.attack_multiplier was corrected from null to its default, 1.0. 
[29Mar2026 02:51:43.079] [main/WARN] [net.minecraftforge.common.ForgeConfigSpec/CORE]: Incorrect key mobs.frostmaw.has_boss_bar was corrected from null to its default, true. 
[29Mar2026 02:51:43.079] [main/WARN] [net.minecraftforge.common.ForgeConfigSpec/CORE]: Incorrect key mobs.frostmaw.heals_out_of_battle was corrected from null to its default, true. 
[29Mar2026 02:51:43.080] [main/WARN] [net.minecraftforge.common.ForgeConfigSpec/CORE]: Incorrect key mobs.frostmaw.stealable_ice_crystal was corrected from null to its default, true. 
[29Mar2026 02:51:43.080] [main/WARN] [net.minecraftforge.common.ForgeConfigSpec/CORE]: Incorrect key mobs.frostmaw.reset_health_when_respawn was corrected from null to its default, true. 
[29Mar2026 02:51:43.080] [main/WARN] [net.minecraftforge.common.ForgeConfigSpec/CORE]: Incorrect key mobs.umvuthi was corrected from null to its default, SimpleCommentedConfig:{}. 
[29Mar2026 02:51:43.080] [main/WARN] [net.minecraftforge.common.ForgeConfigSpec/CORE]: Incorrect key mobs.umvuthi.biome_config was corrected from null to its default, SimpleCommentedConfig:{}. 
[29Mar2026 02:51:43.080] [main/WARN] [net.minecraftforge.common.ForgeConfigSpec/CORE]: Incorrect key mobs.umvuthi.biome_config.biome_tags was corrected from null to its default, [minecraft:is_savanna]. 
[29Mar2026 02:51:43.080] [main/WARN] [net.minecraftforge.common.ForgeConfigSpec/CORE]: Incorrect key mobs.umvuthi.biome_config.biome_whitelist was corrected from null to its default, []. 
[29Mar2026 02:51:43.080] [main/WARN] [net.minecraftforge.common.ForgeConfigSpec/CORE]: Incorrect key mobs.umvuthi.biome_config.biome_blacklist was corrected from null to its default, []. 
[29Mar2026 02:51:43.081] [main/WARN] [net.minecraftforge.common.ForgeConfigSpec/CORE]: Incorrect key mobs.umvuthi.generation_config was corrected from null to its default, SimpleCommentedConfig:{}. 
[29Mar2026 02:51:43.081] [main/WARN] [net.minecraftforge.common.ForgeConfigSpec/CORE]: Incorrect key mobs.umvuthi.generation_config.generation_distance was corrected from null to its default, 25. 
[29Mar2026 02:51:43.081] [main/WARN] [net.minecraftforge.common.ForgeConfigSpec/CORE]: Incorrect key mobs.umvuthi.generation_config.generation_separation was corrected from null to its default, 8. 
[29Mar2026 02:51:43.081] [main/WARN] [net.minecraftforge.common.ForgeConfigSpec/CORE]: Incorrect key mobs.umvuthi.generation_config.height_max was corrected from null to its default, 100.0. 
[29Mar2026 02:51:43.081] [main/WARN] [net.minecraftforge.common.ForgeConfigSpec/CORE]: Incorrect key mobs.umvuthi.generation_config.height_min was corrected from null to its default, 50.0. 
[29Mar2026 02:51:43.081] [main/WARN] [net.minecraftforge.common.ForgeConfigSpec/CORE]: Incorrect key mobs.umvuthi.generation_config.avoid_structures was corrected from null to its default, [minecraft:villages, minecraft:pillager_outposts]. 
[29Mar2026 02:51:43.082] [main/WARN] [net.minecraftforge.common.ForgeConfigSpec/CORE]: Incorrect key mobs.umvuthi.combat_config was corrected from null to its default, SimpleCommentedConfig:{}. 
[29Mar2026 02:51:43.082] [main/WARN] [net.minecraftforge.common.ForgeConfigSpec/CORE]: Incorrect key mobs.umvuthi.combat_config.health_multiplier was corrected from null to its default, 1.0. 
[29Mar2026 02:51:43.082] [main/WARN] [net.minecraftforge.common.ForgeConfigSpec/CORE]: Incorrect key mobs.umvuthi.combat_config.attack_multiplier was corrected from null to its default, 1.0. 
[29Mar2026 02:51:43.082] [main/WARN] [net.minecraftforge.common.ForgeConfigSpec/CORE]: Incorrect key mobs.umvuthi.has_boss_bar was corrected from null to its default, true. 
[29Mar2026 02:51:43.082] [main/WARN] [net.minecraftforge.common.ForgeConfigSpec/CORE]: Incorrect key mobs.umvuthi.heals_out_of_battle was corrected from null to its default, true. 
[29Mar2026 02:51:43.082] [main/WARN] [net.minecraftforge.common.ForgeConfigSpec/CORE]: Incorrect key mobs.umvuthi.trade_which_item was corrected from null to its default, minecraft:gold_block. 
[29Mar2026 02:51:43.082] [main/WARN] [net.minecraftforge.common.ForgeConfigSpec/CORE]: Incorrect key mobs.umvuthi.trade_how_many was corrected from null to its default, 7. 
[29Mar2026 02:51:43.082] [main/WARN] [net.minecraftforge.common.ForgeConfigSpec/CORE]: Incorrect key mobs.umvuthi.reset_health_when_respawn was corrected from null to its default, true. 
[29Mar2026 02:51:43.083] [main/WARN] [net.minecraftforge.common.ForgeConfigSpec/CORE]: Incorrect key mobs.ferrous_wroughtnaut was corrected from null to its default, SimpleCommentedConfig:{}. 
[29Mar2026 02:51:43.083] [main/WARN] [net.minecraftforge.common.ForgeConfigSpec/CORE]: Incorrect key mobs.ferrous_wroughtnaut.biome_config was corrected from null to its default, SimpleCommentedConfig:{}. 
[29Mar2026 02:51:43.083] [main/WARN] [net.minecraftforge.common.ForgeConfigSpec/CORE]: Incorrect key mobs.ferrous_wroughtnaut.biome_config.biome_tags was corrected from null to its default, [!minecraft:is_ocean]. 
[29Mar2026 02:51:43.083] [main/WARN] [net.minecraftforge.common.ForgeConfigSpec/CORE]: Incorrect key mobs.ferrous_wroughtnaut.biome_config.biome_whitelist was corrected from null to its default, []. 
[29Mar2026 02:51:43.083] [main/WARN] [net.minecraftforge.common.ForgeConfigSpec/CORE]: Incorrect key mobs.ferrous_wroughtnaut.biome_config.biome_blacklist was corrected from null to its default, []. 
[29Mar2026 02:51:43.083] [main/WARN] [net.minecraftforge.common.ForgeConfigSpec/CORE]: Incorrect key mobs.ferrous_wroughtnaut.generation_config was corrected from null to its default, SimpleCommentedConfig:{}. 
[29Mar2026 02:51:43.083] [main/WARN] [net.minecraftforge.common.ForgeConfigSpec/CORE]: Incorrect key mobs.ferrous_wroughtnaut.generation_config.generation_distance was corrected from null to its default, 15. 
[29Mar2026 02:51:43.083] [main/WARN] [net.minecraftforge.common.ForgeConfigSpec/CORE]: Incorrect key mobs.ferrous_wroughtnaut.generation_config.generation_separation was corrected from null to its default, 5. 
[29Mar2026 02:51:43.083] [main/WARN] [net.minecraftforge.common.ForgeConfigSpec/CORE]: Incorrect key mobs.ferrous_wroughtnaut.generation_config.height_max was corrected from null to its default, 50.0. 
[29Mar2026 02:51:43.083] [main/WARN] [net.minecraftforge.common.ForgeConfigSpec/CORE]: Incorrect key mobs.ferrous_wroughtnaut.generation_config.height_min was corrected from null to its default, 20.0. 
[29Mar2026 02:51:43.083] [main/WARN] [net.minecraftforge.common.ForgeConfigSpec/CORE]: Incorrect key mobs.ferrous_wroughtnaut.generation_config.avoid_structures was corrected from null to its default, []. 
[29Mar2026 02:51:43.084] [main/WARN] [net.minecraftforge.common.ForgeConfigSpec/CORE]: Incorrect key mobs.ferrous_wroughtnaut.combat_config was corrected from null to its default, SimpleCommentedConfig:{}. 
[29Mar2026 02:51:43.084] [main/WARN] [net.minecraftforge.common.ForgeConfigSpec/CORE]: Incorrect key mobs.ferrous_wroughtnaut.combat_config.health_multiplier was corrected from null to its default, 1.0. 
[29Mar2026 02:51:43.084] [main/WARN] [net.minecraftforge.common.ForgeConfigSpec/CORE]: Incorrect key mobs.ferrous_wroughtnaut.combat_config.attack_multiplier was corrected from null to its default, 1.0. 
[29Mar2026 02:51:43.084] [main/WARN] [net.minecraftforge.common.ForgeConfigSpec/CORE]: Incorrect key mobs.ferrous_wroughtnaut.has_boss_bar was corrected from null to its default, true. 
[29Mar2026 02:51:43.084] [main/WARN] [net.minecraftforge.common.ForgeConfigSpec/CORE]: Incorrect key mobs.ferrous_wroughtnaut.heals_out_of_battle was corrected from null to its default, true. 
[29Mar2026 02:51:43.084] [main/WARN] [net.minecraftforge.common.ForgeConfigSpec/CORE]: Incorrect key mobs.ferrous_wroughtnaut.reset_health_when_respawn was corrected from null to its default, true. 
[29Mar2026 02:51:43.084] [main/WARN] [net.minecraftforge.common.ForgeConfigSpec/CORE]: Incorrect key mobs.sculptor was corrected from null to its default, SimpleCommentedConfig:{}. 
[29Mar2026 02:51:43.085] [main/WARN] [net.minecraftforge.common.ForgeConfigSpec/CORE]: Incorrect key mobs.sculptor.biome_config was corrected from null to its default, SimpleCommentedConfig:{}. 
[29Mar2026 02:51:43.085] [main/WARN] [net.minecraftforge.common.ForgeConfigSpec/CORE]: Incorrect key mobs.sculptor.biome_config.biome_tags was corrected from null to its default, [forge:is_peak]. 
[29Mar2026 02:51:43.085] [main/WARN] [net.minecraftforge.common.ForgeConfigSpec/CORE]: Incorrect key mobs.sculptor.biome_config.biome_whitelist was corrected from null to its default, []. 
[29Mar2026 02:51:43.085] [main/WARN] [net.minecraftforge.common.ForgeConfigSpec/CORE]: Incorrect key mobs.sculptor.biome_config.biome_blacklist was corrected from null to its default, []. 
[29Mar2026 02:51:43.085] [main/WARN] [net.minecraftforge.common.ForgeConfigSpec/CORE]: Incorrect key mobs.sculptor.generation_config was corrected from null to its default, SimpleCommentedConfig:{}. 
[29Mar2026 02:51:43.085] [main/WARN] [net.minecraftforge.common.ForgeConfigSpec/CORE]: Incorrect key mobs.sculptor.generation_config.generation_distance was corrected from null to its default, 25. 
[29Mar2026 02:51:43.086] [main/WARN] [net.minecraftforge.common.ForgeConfigSpec/CORE]: Incorrect key mobs.sculptor.generation_config.generation_separation was corrected from null to its default, 8. 
[29Mar2026 02:51:43.086] [main/WARN] [net.minecraftforge.common.ForgeConfigSpec/CORE]: Incorrect key mobs.sculptor.generation_config.height_max was corrected from null to its default, 200.0. 
[29Mar2026 02:51:43.086] [main/WARN] [net.minecraftforge.common.ForgeConfigSpec/CORE]: Incorrect key mobs.sculptor.generation_config.height_min was corrected from null to its default, 120.0. 
[29Mar2026 02:51:43.086] [main/WARN] [net.minecraftforge.common.ForgeConfigSpec/CORE]: Incorrect key mobs.sculptor.generation_config.avoid_structures was corrected from null to its default, []. 
[29Mar2026 02:51:43.086] [main/WARN] [net.minecraftforge.common.ForgeConfigSpec/CORE]: Incorrect key mobs.sculptor.combat_config was corrected from null to its default, SimpleCommentedConfig:{}. 
[29Mar2026 02:51:43.087] [main/WARN] [net.minecraftforge.common.ForgeConfigSpec/CORE]: Incorrect key mobs.sculptor.combat_config.health_multiplier was corrected from null to its default, 1.0. 
[29Mar2026 02:51:43.087] [main/WARN] [net.minecraftforge.common.ForgeConfigSpec/CORE]: Incorrect key mobs.sculptor.combat_config.attack_multiplier was corrected from null to its default, 1.0. 
[29Mar2026 02:51:43.087] [main/WARN] [net.minecraftforge.common.ForgeConfigSpec/CORE]: Incorrect key mobs.sculptor.test_height was corrected from null to its default, 60. 
[29Mar2026 02:51:43.087] [main/WARN] [net.minecraftforge.common.ForgeConfigSpec/CORE]: Incorrect key mobs.sculptor.test_time_limit was corrected from null to its default, 400. 
[29Mar2026 02:51:43.087] [main/WARN] [net.minecraftforge.common.ForgeConfigSpec/CORE]: Incorrect key mobs.sculptor.heals_out_of_battle was corrected from null to its default, true. 
[29Mar2026 02:51:43.087] [main/WARN] [net.minecraftforge.common.ForgeConfigSpec/CORE]: Incorrect key mobs.sculptor.has_boss_bar was corrected from null to its default, true. 
[29Mar2026 02:51:43.087] [main/WARN] [net.minecraftforge.common.ForgeConfigSpec/CORE]: Incorrect key mobs.sculptor.trade_which_item was corrected from null to its default, mowziesmobs:bluff_rod. 
[29Mar2026 02:51:43.088] [main/WARN] [net.minecraftforge.common.ForgeConfigSpec/CORE]: Incorrect key mobs.sculptor.trade_how_many was corrected from null to its default, 1. 
[29Mar2026 02:51:43.088] [main/WARN] [net.minecraftforge.common.ForgeConfigSpec/CORE]: Incorrect key mobs.sculptor.disappear_after_reward was corrected from null to its default, true. 
[29Mar2026 02:51:43.088] [main/WARN] [net.minecraftforge.common.ForgeConfigSpec/CORE]: Incorrect key mobs.grottol was corrected from null to its default, SimpleCommentedConfig:{}. 
[29Mar2026 02:51:43.088] [main/WARN] [net.minecraftforge.common.ForgeConfigSpec/CORE]: Incorrect key mobs.grottol.biome_config was corrected from null to its default, SimpleCommentedConfig:{}. 
[29Mar2026 02:51:43.088] [main/WARN] [net.minecraftforge.common.ForgeConfigSpec/CORE]: Incorrect key mobs.grottol.biome_config.biome_tags was corrected from null to its default, [!forge:is_mushroom]. 
[29Mar2026 02:51:43.088] [main/WARN] [net.minecraftforge.common.ForgeConfigSpec/CORE]: Incorrect key mobs.grottol.biome_config.biome_whitelist was corrected from null to its default, []. 
[29Mar2026 02:51:43.089] [main/WARN] [net.minecraftforge.common.ForgeConfigSpec/CORE]: Incorrect key mobs.grottol.biome_config.biome_blacklist was corrected from null to its default, []. 
[29Mar2026 02:51:43.089] [main/WARN] [net.minecraftforge.common.ForgeConfigSpec/CORE]: Incorrect key mobs.grottol.spawn_config was corrected from null to its default, SimpleCommentedConfig:{}. 
[29Mar2026 02:51:43.089] [main/WARN] [net.minecraftforge.common.ForgeConfigSpec/CORE]: Incorrect key mobs.grottol.spawn_config.spawn_rate was corrected from null to its default, 2. 
[29Mar2026 02:51:43.089] [main/WARN] [net.minecraftforge.common.ForgeConfigSpec/CORE]: Incorrect key mobs.grottol.spawn_config.min_group_size was corrected from null to its default, 1. 
[29Mar2026 02:51:43.089] [main/WARN] [net.minecraftforge.common.ForgeConfigSpec/CORE]: Incorrect key mobs.grottol.spawn_config.max_group_size was corrected from null to its default, 1. 
[29Mar2026 02:51:43.090] [main/WARN] [net.minecraftforge.common.ForgeConfigSpec/CORE]: Incorrect key mobs.grottol.spawn_config.extra_rarity was corrected from null to its default, 1.0. 
[29Mar2026 02:51:43.090] [main/WARN] [net.minecraftforge.common.ForgeConfigSpec/CORE]: Incorrect key mobs.grottol.spawn_config.dimensions was corrected from null to its default, [minecraft:overworld]. 
[29Mar2026 02:51:43.090] [main/WARN] [net.minecraftforge.common.ForgeConfigSpec/CORE]: Incorrect key mobs.grottol.spawn_config.allowed_blocks was corrected from null to its default, []. 
[29Mar2026 02:51:43.091] [main/WARN] [net.minecraftforge.common.ForgeConfigSpec/CORE]: Incorrect key mobs.grottol.spawn_config.allowed_block_tags was corrected from null to its default, [minecraft:base_stone_overworld]. 
[29Mar2026 02:51:43.091] [main/WARN] [net.minecraftforge.common.ForgeConfigSpec/CORE]: Incorrect key mobs.grottol.spawn_config.height_max was corrected from null to its default, 16. 
[29Mar2026 02:51:43.091] [main/WARN] [net.minecraftforge.common.ForgeConfigSpec/CORE]: Incorrect key mobs.grottol.spawn_config.height_min was corrected from null to its default, -65. 
[29Mar2026 02:51:43.091] [main/WARN] [net.minecraftforge.common.ForgeConfigSpec/CORE]: Incorrect key mobs.grottol.spawn_config.needs_darkness was corrected from null to its default, true. 
[29Mar2026 02:51:43.091] [main/WARN] [net.minecraftforge.common.ForgeConfigSpec/CORE]: Incorrect key mobs.grottol.spawn_config.needs_see_sky was corrected from null to its default, false. 
[29Mar2026 02:51:43.091] [main/WARN] [net.minecraftforge.common.ForgeConfigSpec/CORE]: Incorrect key mobs.grottol.spawn_config.needs_cant_see_sky was corrected from null to its default, true. 
[29Mar2026 02:51:43.091] [main/WARN] [net.minecraftforge.common.ForgeConfigSpec/CORE]: Incorrect key mobs.grottol.spawn_config.avoid_structures was corrected from null to its default, []. 
[29Mar2026 02:51:43.091] [main/WARN] [net.minecraftforge.common.ForgeConfigSpec/CORE]: Incorrect key mobs.grottol.combat_config was corrected from null to its default, SimpleCommentedConfig:{}. 
[29Mar2026 02:51:43.092] [main/WARN] [net.minecraftforge.common.ForgeConfigSpec/CORE]: Incorrect key mobs.grottol.combat_config.health_multiplier was corrected from null to its default, 1.0. 
[29Mar2026 02:51:43.092] [main/WARN] [net.minecraftforge.common.ForgeConfigSpec/CORE]: Incorrect key mobs.grottol.combat_config.attack_multiplier was corrected from null to its default, 1.0. 
[29Mar2026 02:51:43.092] [main/WARN] [net.minecraftforge.common.ForgeConfigSpec/CORE]: Incorrect key mobs.lantern was corrected from null to its default, SimpleCommentedConfig:{}. 
[29Mar2026 02:51:43.092] [main/WARN] [net.minecraftforge.common.ForgeConfigSpec/CORE]: Incorrect key mobs.lantern.biome_config was corrected from null to its default, SimpleCommentedConfig:{}. 
[29Mar2026 02:51:43.092] [main/WARN] [net.minecraftforge.common.ForgeConfigSpec/CORE]: Incorrect key mobs.lantern.biome_config.biome_tags was corrected from null to its default, [minecraft:is_forest,mowziesmobs:is_magical,!forge:is_snowy]. 
[29Mar2026 02:51:43.092] [main/WARN] [net.minecraftforge.common.ForgeConfigSpec/CORE]: Incorrect key mobs.lantern.biome_config.biome_whitelist was corrected from null to its default, []. 
[29Mar2026 02:51:43.092] [main/WARN] [net.minecraftforge.common.ForgeConfigSpec/CORE]: Incorrect key mobs.lantern.biome_config.biome_blacklist was corrected from null to its default, []. 
[29Mar2026 02:51:43.092] [main/WARN] [net.minecraftforge.common.ForgeConfigSpec/CORE]: Incorrect key mobs.lantern.spawn_config was corrected from null to its default, SimpleCommentedConfig:{}. 
[29Mar2026 02:51:43.092] [main/WARN] [net.minecraftforge.common.ForgeConfigSpec/CORE]: Incorrect key mobs.lantern.spawn_config.spawn_rate was corrected from null to its default, 5. 
[29Mar2026 02:51:43.092] [main/WARN] [net.minecraftforge.common.ForgeConfigSpec/CORE]: Incorrect key mobs.lantern.spawn_config.min_group_size was corrected from null to its default, 2. 
[29Mar2026 02:51:43.092] [main/WARN] [net.minecraftforge.common.ForgeConfigSpec/CORE]: Incorrect key mobs.lantern.spawn_config.max_group_size was corrected from null to its default, 4. 
[29Mar2026 02:51:43.093] [main/WARN] [net.minecraftforge.common.ForgeConfigSpec/CORE]: Incorrect key mobs.lantern.spawn_config.extra_rarity was corrected from null to its default, 1.0. 
[29Mar2026 02:51:43.093] [main/WARN] [net.minecraftforge.common.ForgeConfigSpec/CORE]: Incorrect key mobs.lantern.spawn_config.dimensions was corrected from null to its default, [minecraft:overworld]. 
[29Mar2026 02:51:43.093] [main/WARN] [net.minecraftforge.common.ForgeConfigSpec/CORE]: Incorrect key mobs.lantern.spawn_config.allowed_blocks was corrected from null to its default, []. 
[29Mar2026 02:51:43.093] [main/WARN] [net.minecraftforge.common.ForgeConfigSpec/CORE]: Incorrect key mobs.lantern.spawn_config.allowed_block_tags was corrected from null to its default, [minecraft:animals_spawnable_on, minecraft:leaves, minecraft:logs]. 
[29Mar2026 02:51:43.093] [main/WARN] [net.minecraftforge.common.ForgeConfigSpec/CORE]: Incorrect key mobs.lantern.spawn_config.height_max was corrected from null to its default, -65. 
[29Mar2026 02:51:43.093] [main/WARN] [net.minecraftforge.common.ForgeConfigSpec/CORE]: Incorrect key mobs.lantern.spawn_config.height_min was corrected from null to its default, 60. 
[29Mar2026 02:51:43.094] [main/WARN] [net.minecraftforge.common.ForgeConfigSpec/CORE]: Incorrect key mobs.lantern.spawn_config.needs_darkness was corrected from null to its default, true. 
[29Mar2026 02:51:43.094] [main/WARN] [net.minecraftforge.common.ForgeConfigSpec/CORE]: Incorrect key mobs.lantern.spawn_config.needs_see_sky was corrected from null to its default, false. 
[29Mar2026 02:51:43.094] [main/WARN] [net.minecraftforge.common.ForgeConfigSpec/CORE]: Incorrect key mobs.lantern.spawn_config.needs_cant_see_sky was corrected from null to its default, false. 
[29Mar2026 02:51:43.094] [main/WARN] [net.minecraftforge.common.ForgeConfigSpec/CORE]: Incorrect key mobs.lantern.spawn_config.avoid_structures was corrected from null to its default, []. 
[29Mar2026 02:51:43.094] [main/WARN] [net.minecraftforge.common.ForgeConfigSpec/CORE]: Incorrect key mobs.lantern.combat_config was corrected from null to its default, SimpleCommentedConfig:{}. 
[29Mar2026 02:51:43.094] [main/WARN] [net.minecraftforge.common.ForgeConfigSpec/CORE]: Incorrect key mobs.lantern.combat_config.health_multiplier was corrected from null to its default, 1.0. 
[29Mar2026 02:51:43.095] [main/WARN] [net.minecraftforge.common.ForgeConfigSpec/CORE]: Incorrect key mobs.lantern.combat_config.attack_multiplier was corrected from null to its default, 1.0. 
[29Mar2026 02:51:43.095] [main/WARN] [net.minecraftforge.common.ForgeConfigSpec/CORE]: Incorrect key mobs.umvuthana was corrected from null to its default, SimpleCommentedConfig:{}. 
[29Mar2026 02:51:43.095] [main/WARN] [net.minecraftforge.common.ForgeConfigSpec/CORE]: Incorrect key mobs.umvuthana.biome_config was corrected from null to its default, SimpleCommentedConfig:{}. 
[29Mar2026 02:51:43.095] [main/WARN] [net.minecraftforge.common.ForgeConfigSpec/CORE]: Incorrect key mobs.umvuthana.biome_config.biome_tags was corrected from null to its default, [minecraft:is_savanna]. 
[29Mar2026 02:51:43.095] [main/WARN] [net.minecraftforge.common.ForgeConfigSpec/CORE]: Incorrect key mobs.umvuthana.biome_config.biome_whitelist was corrected from null to its default, []. 
[29Mar2026 02:51:43.095] [main/WARN] [net.minecraftforge.common.ForgeConfigSpec/CORE]: Incorrect key mobs.umvuthana.biome_config.biome_blacklist was corrected from null to its default, []. 
[29Mar2026 02:51:43.096] [main/WARN] [net.minecraftforge.common.ForgeConfigSpec/CORE]: Incorrect key mobs.umvuthana.spawn_config was corrected from null to its default, SimpleCommentedConfig:{}. 
[29Mar2026 02:51:43.096] [main/WARN] [net.minecraftforge.common.ForgeConfigSpec/CORE]: Incorrect key mobs.umvuthana.spawn_config.spawn_rate was corrected from null to its default, 5. 
[29Mar2026 02:51:43.096] [main/WARN] [net.minecraftforge.common.ForgeConfigSpec/CORE]: Incorrect key mobs.umvuthana.spawn_config.min_group_size was corrected from null to its default, 1. 
[29Mar2026 02:51:43.096] [main/WARN] [net.minecraftforge.common.ForgeConfigSpec/CORE]: Incorrect key mobs.umvuthana.spawn_config.max_group_size was corrected from null to its default, 1. 
[29Mar2026 02:51:43.096] [main/WARN] [net.minecraftforge.common.ForgeConfigSpec/CORE]: Incorrect key mobs.umvuthana.spawn_config.extra_rarity was corrected from null to its default, 1.0. 
[29Mar2026 02:51:43.096] [main/WARN] [net.minecraftforge.common.ForgeConfigSpec/CORE]: Incorrect key mobs.umvuthana.spawn_config.dimensions was corrected from null to its default, [minecraft:overworld]. 
[29Mar2026 02:51:43.096] [main/WARN] [net.minecraftforge.common.ForgeConfigSpec/CORE]: Incorrect key mobs.umvuthana.spawn_config.allowed_blocks was corrected from null to its default, []. 
[29Mar2026 02:51:43.097] [main/WARN] [net.minecraftforge.common.ForgeConfigSpec/CORE]: Incorrect key mobs.umvuthana.spawn_config.allowed_block_tags was corrected from null to its default, [minecraft:animals_spawnable_on, minecraft:sand]. 
[29Mar2026 02:51:43.097] [main/WARN] [net.minecraftforge.common.ForgeConfigSpec/CORE]: Incorrect key mobs.umvuthana.spawn_config.height_max was corrected from null to its default, -65. 
[29Mar2026 02:51:43.097] [main/WARN] [net.minecraftforge.common.ForgeConfigSpec/CORE]: Incorrect key mobs.umvuthana.spawn_config.height_min was corrected from null to its default, 60. 
[29Mar2026 02:51:43.097] [main/WARN] [net.minecraftforge.common.ForgeConfigSpec/CORE]: Incorrect key mobs.umvuthana.spawn_config.needs_darkness was corrected from null to its default, false. 
[29Mar2026 02:51:43.097] [main/WARN] [net.minecraftforge.common.ForgeConfigSpec/CORE]: Incorrect key mobs.umvuthana.spawn_config.needs_see_sky was corrected from null to its default, false. 
[29Mar2026 02:51:43.097] [main/WARN] [net.minecraftforge.common.ForgeConfigSpec/CORE]: Incorrect key mobs.umvuthana.spawn_config.needs_cant_see_sky was corrected from null to its default, false. 
[29Mar2026 02:51:43.097] [main/WARN] [net.minecraftforge.common.ForgeConfigSpec/CORE]: Incorrect key mobs.umvuthana.spawn_config.avoid_structures was corrected from null to its default, [minecraft:villages, minecraft:pillager_outposts, mowziesmobs:umvuthana_groves]. 
[29Mar2026 02:51:43.098] [main/WARN] [net.minecraftforge.common.ForgeConfigSpec/CORE]: Incorrect key mobs.umvuthana.combat_config was corrected from null to its default, SimpleCommentedConfig:{}. 
[29Mar2026 02:51:43.098] [main/WARN] [net.minecraftforge.common.ForgeConfigSpec/CORE]: Incorrect key mobs.umvuthana.combat_config.health_multiplier was corrected from null to its default, 1.0. 
[29Mar2026 02:51:43.098] [main/WARN] [net.minecraftforge.common.ForgeConfigSpec/CORE]: Incorrect key mobs.umvuthana.combat_config.attack_multiplier was corrected from null to its default, 1.0. 
[29Mar2026 02:51:43.098] [main/WARN] [net.minecraftforge.common.ForgeConfigSpec/CORE]: Incorrect key mobs.naga was corrected from null to its default, SimpleCommentedConfig:{}. 
[29Mar2026 02:51:43.098] [main/WARN] [net.minecraftforge.common.ForgeConfigSpec/CORE]: Incorrect key mobs.naga.biome_config was corrected from null to its default, SimpleCommentedConfig:{}. 
[29Mar2026 02:51:43.098] [main/WARN] [net.minecraftforge.common.ForgeConfigSpec/CORE]: Incorrect key mobs.naga.biome_config.biome_tags was corrected from null to its default, [minecraft:is_beach,minecraft:is_mountain, minecraft:is_beach,minecraft:is_hill]. 
[29Mar2026 02:51:43.098] [main/WARN] [net.minecraftforge.common.ForgeConfigSpec/CORE]: Incorrect key mobs.naga.biome_config.biome_whitelist was corrected from null to its default, [minecraft:stony_shore]. 
[29Mar2026 02:51:43.099] [main/WARN] [net.minecraftforge.common.ForgeConfigSpec/CORE]: Incorrect key mobs.naga.biome_config.biome_blacklist was corrected from null to its default, []. 
[29Mar2026 02:51:43.099] [main/WARN] [net.minecraftforge.common.ForgeConfigSpec/CORE]: Incorrect key mobs.naga.spawn_config was corrected from null to its default, SimpleCommentedConfig:{}. 
[29Mar2026 02:51:43.099] [main/WARN] [net.minecraftforge.common.ForgeConfigSpec/CORE]: Incorrect key mobs.naga.spawn_config.spawn_rate was corrected from null to its default, 20. 
[29Mar2026 02:51:43.099] [main/WARN] [net.minecraftforge.common.ForgeConfigSpec/CORE]: Incorrect key mobs.naga.spawn_config.min_group_size was corrected from null to its default, 1. 
[29Mar2026 02:51:43.099] [main/WARN] [net.minecraftforge.common.ForgeConfigSpec/CORE]: Incorrect key mobs.naga.spawn_config.max_group_size was corrected from null to its default, 2. 
[29Mar2026 02:51:43.099] [main/WARN] [net.minecraftforge.common.ForgeConfigSpec/CORE]: Incorrect key mobs.naga.spawn_config.extra_rarity was corrected from null to its default, 1.0. 
[29Mar2026 02:51:43.100] [main/WARN] [net.minecraftforge.common.ForgeConfigSpec/CORE]: Incorrect key mobs.naga.spawn_config.dimensions was corrected from null to its default, [minecraft:overworld]. 
[29Mar2026 02:51:43.100] [main/WARN] [net.minecraftforge.common.ForgeConfigSpec/CORE]: Incorrect key mobs.naga.spawn_config.allowed_blocks was corrected from null to its default, []. 
[29Mar2026 02:51:43.100] [main/WARN] [net.minecraftforge.common.ForgeConfigSpec/CORE]: Incorrect key mobs.naga.spawn_config.allowed_block_tags was corrected from null to its default, [minecraft:animals_spawnable_on, minecraft:base_stone_overworld]. 
[29Mar2026 02:51:43.100] [main/WARN] [net.minecraftforge.common.ForgeConfigSpec/CORE]: Incorrect key mobs.naga.spawn_config.height_max was corrected from null to its default, -65. 
[29Mar2026 02:51:43.101] [main/WARN] [net.minecraftforge.common.ForgeConfigSpec/CORE]: Incorrect key mobs.naga.spawn_config.height_min was corrected from null to its default, 68. 
[29Mar2026 02:51:43.101] [main/WARN] [net.minecraftforge.common.ForgeConfigSpec/CORE]: Incorrect key mobs.naga.spawn_config.needs_darkness was corrected from null to its default, true. 
[29Mar2026 02:51:43.101] [main/WARN] [net.minecraftforge.common.ForgeConfigSpec/CORE]: Incorrect key mobs.naga.spawn_config.needs_see_sky was corrected from null to its default, true. 
[29Mar2026 02:51:43.101] [main/WARN] [net.minecraftforge.common.ForgeConfigSpec/CORE]: Incorrect key mobs.naga.spawn_config.needs_cant_see_sky was corrected from null to its default, false. 
[29Mar2026 02:51:43.101] [main/WARN] [net.minecraftforge.common.ForgeConfigSpec/CORE]: Incorrect key mobs.naga.spawn_config.avoid_structures was corrected from null to its default, [minecraft:villages, minecraft:pillager_outposts]. 
[29Mar2026 02:51:43.101] [main/WARN] [net.minecraftforge.common.ForgeConfigSpec/CORE]: Incorrect key mobs.naga.combat_config was corrected from null to its default, SimpleCommentedConfig:{}. 
[29Mar2026 02:51:43.101] [main/WARN] [net.minecraftforge.common.ForgeConfigSpec/CORE]: Incorrect key mobs.naga.combat_config.health_multiplier was corrected from null to its default, 1.0. 
[29Mar2026 02:51:43.101] [main/WARN] [net.minecraftforge.common.ForgeConfigSpec/CORE]: Incorrect key mobs.naga.combat_config.attack_multiplier was corrected from null to its default, 1.0. 
[29Mar2026 02:51:43.102] [main/WARN] [net.minecraftforge.common.ForgeConfigSpec/CORE]: Incorrect key mobs.foliaath was corrected from null to its default, SimpleCommentedConfig:{}. 
[29Mar2026 02:51:43.102] [main/WARN] [net.minecraftforge.common.ForgeConfigSpec/CORE]: Incorrect key mobs.foliaath.biome_config was corrected from null to its default, SimpleCommentedConfig:{}. 
[29Mar2026 02:51:43.102] [main/WARN] [net.minecraftforge.common.ForgeConfigSpec/CORE]: Incorrect key mobs.foliaath.biome_config.biome_tags was corrected from null to its default, [minecraft:is_jungle]. 
[29Mar2026 02:51:43.102] [main/WARN] [net.minecraftforge.common.ForgeConfigSpec/CORE]: Incorrect key mobs.foliaath.biome_config.biome_whitelist was corrected from null to its default, []. 
[29Mar2026 02:51:43.103] [main/WARN] [net.minecraftforge.common.ForgeConfigSpec/CORE]: Incorrect key mobs.foliaath.biome_config.biome_blacklist was corrected from null to its default, []. 
[29Mar2026 02:51:43.103] [main/WARN] [net.minecraftforge.common.ForgeConfigSpec/CORE]: Incorrect key mobs.foliaath.spawn_config was corrected from null to its default, SimpleCommentedConfig:{}. 
[29Mar2026 02:51:43.103] [main/WARN] [net.minecraftforge.common.ForgeConfigSpec/CORE]: Incorrect key mobs.foliaath.spawn_config.spawn_rate was corrected from null to its default, 70. 
[29Mar2026 02:51:43.103] [main/WARN] [net.minecraftforge.common.ForgeConfigSpec/CORE]: Incorrect key mobs.foliaath.spawn_config.min_group_size was corrected from null to its default, 1. 
[29Mar2026 02:51:43.103] [main/WARN] [net.minecraftforge.common.ForgeConfigSpec/CORE]: Incorrect key mobs.foliaath.spawn_config.max_group_size was corrected from null to its default, 4. 
[29Mar2026 02:51:43.103] [main/WARN] [net.minecraftforge.common.ForgeConfigSpec/CORE]: Incorrect key mobs.foliaath.spawn_config.extra_rarity was corrected from null to its default, 1.0. 
[29Mar2026 02:51:43.103] [main/WARN] [net.minecraftforge.common.ForgeConfigSpec/CORE]: Incorrect key mobs.foliaath.spawn_config.dimensions was corrected from null to its default, [minecraft:overworld]. 
[29Mar2026 02:51:43.104] [main/WARN] [net.minecraftforge.common.ForgeConfigSpec/CORE]: Incorrect key mobs.foliaath.spawn_config.allowed_blocks was corrected from null to its default, []. 
[29Mar2026 02:51:43.104] [main/WARN] [net.minecraftforge.common.ForgeConfigSpec/CORE]: Incorrect key mobs.foliaath.spawn_config.allowed_block_tags was corrected from null to its default, [minecraft:animals_spawnable_on, minecraft:leaves, minecraft:logs]. 
[29Mar2026 02:51:43.104] [main/WARN] [net.minecraftforge.common.ForgeConfigSpec/CORE]: Incorrect key mobs.foliaath.spawn_config.height_max was corrected from null to its default, -65. 
[29Mar2026 02:51:43.104] [main/WARN] [net.minecraftforge.common.ForgeConfigSpec/CORE]: Incorrect key mobs.foliaath.spawn_config.height_min was corrected from null to its default, 60. 
[29Mar2026 02:51:43.104] [main/WARN] [net.minecraftforge.common.ForgeConfigSpec/CORE]: Incorrect key mobs.foliaath.spawn_config.needs_darkness was corrected from null to its default, true. 
[29Mar2026 02:51:43.104] [main/WARN] [net.minecraftforge.common.ForgeConfigSpec/CORE]: Incorrect key mobs.foliaath.spawn_config.needs_see_sky was corrected from null to its default, false. 
[29Mar2026 02:51:43.105] [main/WARN] [net.minecraftforge.common.ForgeConfigSpec/CORE]: Incorrect key mobs.foliaath.spawn_config.needs_cant_see_sky was corrected from null to its default, false. 
[29Mar2026 02:51:43.105] [main/WARN] [net.minecraftforge.common.ForgeConfigSpec/CORE]: Incorrect key mobs.foliaath.spawn_config.avoid_structures was corrected from null to its default, [minecraft:villages, minecraft:pillager_outposts]. 
[29Mar2026 02:51:43.105] [main/WARN] [net.minecraftforge.common.ForgeConfigSpec/CORE]: Incorrect key mobs.foliaath.combat_config was corrected from null to its default, SimpleCommentedConfig:{}. 
[29Mar2026 02:51:43.105] [main/WARN] [net.minecraftforge.common.ForgeConfigSpec/CORE]: Incorrect key mobs.foliaath.combat_config.health_multiplier was corrected from null to its default, 1.0. 
[29Mar2026 02:51:43.105] [main/WARN] [net.minecraftforge.common.ForgeConfigSpec/CORE]: Incorrect key mobs.foliaath.combat_config.attack_multiplier was corrected from null to its default, 1.0. 
[29Mar2026 02:51:43.105] [main/WARN] [net.minecraftforge.common.ForgeConfigSpec/CORE]: Incorrect key mobs.bluff was corrected from null to its default, SimpleCommentedConfig:{}. 
[29Mar2026 02:51:43.105] [main/WARN] [net.minecraftforge.common.ForgeConfigSpec/CORE]: Incorrect key mobs.bluff.biome_config was corrected from null to its default, SimpleCommentedConfig:{}. 
[29Mar2026 02:51:43.105] [main/WARN] [net.minecraftforge.common.ForgeConfigSpec/CORE]: Incorrect key mobs.bluff.biome_config.biome_tags was corrected from null to its default, []. 
[29Mar2026 02:51:43.106] [main/WARN] [net.minecraftforge.common.ForgeConfigSpec/CORE]: Incorrect key mobs.bluff.biome_config.biome_whitelist was corrected from null to its default, []. 
[29Mar2026 02:51:43.106] [main/WARN] [net.minecraftforge.common.ForgeConfigSpec/CORE]: Incorrect key mobs.bluff.biome_config.biome_blacklist was corrected from null to its default, []. 
[29Mar2026 02:51:43.106] [main/WARN] [net.minecraftforge.common.ForgeConfigSpec/CORE]: Incorrect key mobs.bluff.spawn_config was corrected from null to its default, SimpleCommentedConfig:{}. 
[29Mar2026 02:51:43.106] [main/WARN] [net.minecraftforge.common.ForgeConfigSpec/CORE]: Incorrect key mobs.bluff.spawn_config.spawn_rate was corrected from null to its default, 10. 
[29Mar2026 02:51:43.106] [main/WARN] [net.minecraftforge.common.ForgeConfigSpec/CORE]: Incorrect key mobs.bluff.spawn_config.min_group_size was corrected from null to its default, 2. 
[29Mar2026 02:51:43.106] [main/WARN] [net.minecraftforge.common.ForgeConfigSpec/CORE]: Incorrect key mobs.bluff.spawn_config.max_group_size was corrected from null to its default, 3. 
[29Mar2026 02:51:43.106] [main/WARN] [net.minecraftforge.common.ForgeConfigSpec/CORE]: Incorrect key mobs.bluff.spawn_config.extra_rarity was corrected from null to its default, 1.0. 
[29Mar2026 02:51:43.106] [main/WARN] [net.minecraftforge.common.ForgeConfigSpec/CORE]: Incorrect key mobs.bluff.spawn_config.dimensions was corrected from null to its default, [minecraft:overworld]. 
[29Mar2026 02:51:43.107] [main/WARN] [net.minecraftforge.common.ForgeConfigSpec/CORE]: Incorrect key mobs.bluff.spawn_config.allowed_blocks was corrected from null to its default, []. 
[29Mar2026 02:51:43.107] [main/WARN] [net.minecraftforge.common.ForgeConfigSpec/CORE]: Incorrect key mobs.bluff.spawn_config.allowed_block_tags was corrected from null to its default, []. 
[29Mar2026 02:51:43.107] [main/WARN] [net.minecraftforge.common.ForgeConfigSpec/CORE]: Incorrect key mobs.bluff.spawn_config.height_max was corrected from null to its default, -65. 
[29Mar2026 02:51:43.107] [main/WARN] [net.minecraftforge.common.ForgeConfigSpec/CORE]: Incorrect key mobs.bluff.spawn_config.height_min was corrected from null to its default, -65. 
[29Mar2026 02:51:43.107] [main/WARN] [net.minecraftforge.common.ForgeConfigSpec/CORE]: Incorrect key mobs.bluff.spawn_config.needs_darkness was corrected from null to its default, true. 
[29Mar2026 02:51:43.107] [main/WARN] [net.minecraftforge.common.ForgeConfigSpec/CORE]: Incorrect key mobs.bluff.spawn_config.needs_see_sky was corrected from null to its default, false. 
[29Mar2026 02:51:43.107] [main/WARN] [net.minecraftforge.common.ForgeConfigSpec/CORE]: Incorrect key mobs.bluff.spawn_config.needs_cant_see_sky was corrected from null to its default, true. 
[29Mar2026 02:51:43.107] [main/WARN] [net.minecraftforge.common.ForgeConfigSpec/CORE]: Incorrect key mobs.bluff.spawn_config.avoid_structures was corrected from null to its default, []. 
[29Mar2026 02:51:43.107] [main/WARN] [net.minecraftforge.common.ForgeConfigSpec/CORE]: Incorrect key mobs.bluff.combat_config was corrected from null to its default, SimpleCommentedConfig:{}. 
[29Mar2026 02:51:43.107] [main/WARN] [net.minecraftforge.common.ForgeConfigSpec/CORE]: Incorrect key mobs.bluff.combat_config.health_multiplier was corrected from null to its default, 1.0. 
[29Mar2026 02:51:43.107] [main/WARN] [net.minecraftforge.common.ForgeConfigSpec/CORE]: Incorrect key mobs.bluff.combat_config.attack_multiplier was corrected from null to its default, 1.0. 
[29Mar2026 02:51:43.115] [main/WARN] [net.minecraftforge.common.ForgeConfigSpec/CORE]: Configuration file /workspaces/MC_Tomate/servidor_minecraft/config/slashblade-common.toml is not correct. Correcting
[29Mar2026 02:51:43.116] [main/WARN] [net.minecraftforge.common.ForgeConfigSpec/CORE]: Incorrect key general was corrected from null to its default, SimpleCommentedConfig:{}. 
[29Mar2026 02:51:43.116] [main/WARN] [net.minecraftforge.common.ForgeConfigSpec/CORE]: Incorrect key general.sabigatana_spawn_chance was corrected from null to its default, 0.05. 
[29Mar2026 02:51:43.116] [main/WARN] [net.minecraftforge.common.ForgeConfigSpec/CORE]: Incorrect key general.broken_sabigatana_spawn_chance was corrected from null to its default, 0.15. 
[29Mar2026 02:51:43.116] [main/WARN] [net.minecraftforge.common.ForgeConfigSpec/CORE]: Incorrect key general.hunger_can_repair was corrected from null to its default, true. 
[29Mar2026 02:51:43.116] [main/WARN] [net.minecraftforge.common.ForgeConfigSpec/CORE]: Incorrect key general.pvp_enable was corrected from null to its default, false. 
[29Mar2026 02:51:43.116] [main/WARN] [net.minecraftforge.common.ForgeConfigSpec/CORE]: Incorrect key general.summon_sword_cost was corrected from null to its default, 2. 
[29Mar2026 02:51:43.116] [main/WARN] [net.minecraftforge.common.ForgeConfigSpec/CORE]: Incorrect key general.max_proud_soul_got was corrected from null to its default, 100. 
[29Mar2026 02:51:43.116] [main/WARN] [net.minecraftforge.common.ForgeConfigSpec/CORE]: Incorrect key general.bewitched_hunger_exhaustion was corrected from null to its default, 0.05. 
[29Mar2026 02:51:43.118] [main/WARN] [net.minecraftforge.common.ForgeConfigSpec/CORE]: Configuration file /workspaces/MC_Tomate/servidor_minecraft/config/sophisticatedcore-common.toml is not correct. Correcting
[29Mar2026 02:51:43.119] [main/WARN] [net.minecraftforge.common.ForgeConfigSpec/CORE]: Incorrect key common was corrected from null to its default, SimpleCommentedConfig:{}. 
[29Mar2026 02:51:43.119] [main/WARN] [net.minecraftforge.common.ForgeConfigSpec/CORE]: Incorrect key common.enabledItems was corrected from null to its default, []. 
[29Mar2026 02:51:43.125] [main/WARN] [net.minecraftforge.common.ForgeConfigSpec/CORE]: Configuration file /workspaces/MC_Tomate/servidor_minecraft/config/naturescompass-common.toml is not correct. Correcting
[29Mar2026 02:51:43.125] [main/WARN] [net.minecraftforge.common.ForgeConfigSpec/CORE]: Incorrect key General was corrected from null to its default, SimpleCommentedConfig:{}. 
[29Mar2026 02:51:43.125] [main/WARN] [net.minecraftforge.common.ForgeConfigSpec/CORE]: Incorrect key General.allowTeleport was corrected from null to its default, true. 
[29Mar2026 02:51:43.125] [main/WARN] [net.minecraftforge.common.ForgeConfigSpec/CORE]: Incorrect key General.displayCoordinates was corrected from null to its default, true. 
[29Mar2026 02:51:43.126] [main/WARN] [net.minecraftforge.common.ForgeConfigSpec/CORE]: Incorrect key General.radiusModifier was corrected from null to its default, 2500. 
[29Mar2026 02:51:43.126] [main/WARN] [net.minecraftforge.common.ForgeConfigSpec/CORE]: Incorrect key General.sampleSpaceModifier was corrected from null to its default, 16. 
[29Mar2026 02:51:43.126] [main/WARN] [net.minecraftforge.common.ForgeConfigSpec/CORE]: Incorrect key General.biomeBlacklist was corrected from null to its default, []. 
[29Mar2026 02:51:43.126] [main/WARN] [net.minecraftforge.common.ForgeConfigSpec/CORE]: Incorrect key General.maxSamples was corrected from null to its default, 50000. 
[29Mar2026 02:51:43.129] [main/WARN] [net.minecraftforge.common.ForgeConfigSpec/CORE]: Configuration file /workspaces/MC_Tomate/servidor_minecraft/config/citadel-common.toml is not correct. Correcting
[29Mar2026 02:51:43.129] [main/WARN] [net.minecraftforge.common.ForgeConfigSpec/CORE]: Incorrect key general was corrected from null to its default, SimpleCommentedConfig:{}. 
[29Mar2026 02:51:43.130] [main/WARN] [net.minecraftforge.common.ForgeConfigSpec/CORE]: Incorrect key general.Track Entities was corrected from null to its default, true. 
[29Mar2026 02:51:43.130] [main/WARN] [net.minecraftforge.common.ForgeConfigSpec/CORE]: Incorrect key general.Skip Datapack Warnings was corrected from null to its default, true. 
[29Mar2026 02:51:43.130] [main/WARN] [net.minecraftforge.common.ForgeConfigSpec/CORE]: Incorrect key general.chunkGenSpawnModifier was corrected from null to its default, 1.0. 
[29Mar2026 02:51:43.130] [main/WARN] [net.minecraftforge.common.ForgeConfigSpec/CORE]: Incorrect key general.April Fools Content was corrected from null to its default, true. 
[29Mar2026 02:51:43.132] [main/WARN] [net.minecraftforge.common.ForgeConfigSpec/CORE]: Configuration file /workspaces/MC_Tomate/servidor_minecraft/config/waystones-common.toml is not correct. Correcting
[29Mar2026 02:51:43.132] [main/WARN] [net.minecraftforge.common.ForgeConfigSpec/CORE]: Incorrect key xpCost was corrected from null to its default, SimpleCommentedConfig:{}. 
[29Mar2026 02:51:43.132] [main/WARN] [net.minecraftforge.common.ForgeConfigSpec/CORE]: Incorrect key xpCost.inverseXpCost was corrected from null to its default, false. 
[29Mar2026 02:51:43.132] [main/WARN] [net.minecraftforge.common.ForgeConfigSpec/CORE]: Incorrect key xpCost.blocksPerXpLevel was corrected from null to its default, 1000. 
[29Mar2026 02:51:43.132] [main/WARN] [net.minecraftforge.common.ForgeConfigSpec/CORE]: Incorrect key xpCost.minimumBaseXpCost was corrected from null to its default, 0.0. 
[29Mar2026 02:51:43.132] [main/WARN] [net.minecraftforge.common.ForgeConfigSpec/CORE]: Incorrect key xpCost.maximumBaseXpCost was corrected from null to its default, 3.0. 
[29Mar2026 02:51:43.132] [main/WARN] [net.minecraftforge.common.ForgeConfigSpec/CORE]: Incorrect key xpCost.xpCostPerLeashed was corrected from null to its default, 0. 
[29Mar2026 02:51:43.133] [main/WARN] [net.minecraftforge.common.ForgeConfigSpec/CORE]: Incorrect key xpCost.dimensionalWarpXpCost was corrected from null to its default, 3. 
[29Mar2026 02:51:43.133] [main/WARN] [net.minecraftforge.common.ForgeConfigSpec/CORE]: Incorrect key xpCost.globalWaystoneXpCostMultiplier was corrected from null to its default, 0.0. 
[29Mar2026 02:51:43.133] [main/WARN] [net.minecraftforge.common.ForgeConfigSpec/CORE]: Incorrect key xpCost.warpStoneXpCostMultiplier was corrected from null to its default, 0.0. 
[29Mar2026 02:51:43.133] [main/WARN] [net.minecraftforge.common.ForgeConfigSpec/CORE]: Incorrect key xpCost.waystoneXpCostMultiplier was corrected from null to its default, 0.0. 
[29Mar2026 02:51:43.133] [main/WARN] [net.minecraftforge.common.ForgeConfigSpec/CORE]: Incorrect key xpCost.sharestoneXpCostMultiplier was corrected from null to its default, 0.0. 
[29Mar2026 02:51:43.133] [main/WARN] [net.minecraftforge.common.ForgeConfigSpec/CORE]: Incorrect key xpCost.portstoneXpCostMultiplier was corrected from null to its default, 0.0. 
[29Mar2026 02:51:43.133] [main/WARN] [net.minecraftforge.common.ForgeConfigSpec/CORE]: Incorrect key xpCost.warpPlateXpCostMultiplier was corrected from null to its default, 0.0. 
[29Mar2026 02:51:43.133] [main/WARN] [net.minecraftforge.common.ForgeConfigSpec/CORE]: Incorrect key xpCost.inventoryButtonXpCostMultiplier was corrected from null to its default, 0.0. 
[29Mar2026 02:51:43.134] [main/WARN] [net.minecraftforge.common.ForgeConfigSpec/CORE]: Incorrect key restrictions was corrected from null to its default, SimpleCommentedConfig:{}. 
[29Mar2026 02:51:43.134] [main/WARN] [net.minecraftforge.common.ForgeConfigSpec/CORE]: Incorrect key restrictions.restrictToCreative was corrected from null to its default, false. 
[29Mar2026 02:51:43.134] [main/WARN] [net.minecraftforge.common.ForgeConfigSpec/CORE]: Incorrect key restrictions.restrictRenameToOwner was corrected from null to its default, false. 
[29Mar2026 02:51:43.134] [main/WARN] [net.minecraftforge.common.ForgeConfigSpec/CORE]: Incorrect key restrictions.generatedWaystonesUnbreakable was corrected from null to its default, false. 
[29Mar2026 02:51:43.134] [main/WARN] [net.minecraftforge.common.ForgeConfigSpec/CORE]: Incorrect key restrictions.transportLeashed was corrected from null to its default, true. 
[29Mar2026 02:51:43.134] [main/WARN] [net.minecraftforge.common.ForgeConfigSpec/CORE]: Incorrect key restrictions.transportLeashedDimensional was corrected from null to its default, true. 
[29Mar2026 02:51:43.134] [main/WARN] [net.minecraftforge.common.ForgeConfigSpec/CORE]: Incorrect key restrictions.leashedDenyList was corrected from null to its default, [minecraft:wither]. 
[29Mar2026 02:51:43.134] [main/WARN] [net.minecraftforge.common.ForgeConfigSpec/CORE]: Incorrect key restrictions.dimensionalWarp was corrected from null to its default, ALLOW. 
[29Mar2026 02:51:43.135] [main/WARN] [net.minecraftforge.common.ForgeConfigSpec/CORE]: Incorrect key restrictions.dimensionalWarpAllowList was corrected from null to its default, []. 
[29Mar2026 02:51:43.135] [main/WARN] [net.minecraftforge.common.ForgeConfigSpec/CORE]: Incorrect key restrictions.dimensionalWarpDenyList was corrected from null to its default, []. 
[29Mar2026 02:51:43.135] [main/WARN] [net.minecraftforge.common.ForgeConfigSpec/CORE]: Incorrect key restrictions.allowWaystoneToWaystoneTeleport was corrected from null to its default, true. 
[29Mar2026 02:51:43.135] [main/WARN] [net.minecraftforge.common.ForgeConfigSpec/CORE]: Incorrect key restrictions.globalWaystoneSetupRequiresCreativeMode was corrected from null to its default, true. 
[29Mar2026 02:51:43.135] [main/WARN] [net.minecraftforge.common.ForgeConfigSpec/CORE]: Incorrect key cooldowns was corrected from null to its default, SimpleCommentedConfig:{}. 
[29Mar2026 02:51:43.135] [main/WARN] [net.minecraftforge.common.ForgeConfigSpec/CORE]: Incorrect key cooldowns.globalWaystoneCooldownMultiplier was corrected from null to its default, 1.0. 
[29Mar2026 02:51:43.136] [main/WARN] [net.minecraftforge.common.ForgeConfigSpec/CORE]: Incorrect key cooldowns.warpStoneCooldown was corrected from null to its default, 30. 
[29Mar2026 02:51:43.136] [main/WARN] [net.minecraftforge.common.ForgeConfigSpec/CORE]: Incorrect key cooldowns.warpStoneUseTime was corrected from null to its default, 32. 
[29Mar2026 02:51:43.136] [main/WARN] [net.minecraftforge.common.ForgeConfigSpec/CORE]: Incorrect key cooldowns.warpPlateUseTime was corrected from null to its default, 20. 
[29Mar2026 02:51:43.136] [main/WARN] [net.minecraftforge.common.ForgeConfigSpec/CORE]: Incorrect key cooldowns.scrollUseTime was corrected from null to its default, 32. 
[29Mar2026 02:51:43.136] [main/WARN] [net.minecraftforge.common.ForgeConfigSpec/CORE]: Incorrect key cooldowns.inventoryButtonCooldown was corrected from null to its default, 300. 
[29Mar2026 02:51:43.137] [main/WARN] [net.minecraftforge.common.ForgeConfigSpec/CORE]: Incorrect key inventoryButton was corrected from null to its default, SimpleCommentedConfig:{}. 
[29Mar2026 02:51:43.137] [main/WARN] [net.minecraftforge.common.ForgeConfigSpec/CORE]: Incorrect key inventoryButton.inventoryButton was corrected from null to its default, . 
[29Mar2026 02:51:43.137] [main/WARN] [net.minecraftforge.common.ForgeConfigSpec/CORE]: Incorrect key inventoryButton.warpButtonX was corrected from null to its default, 58. 
[29Mar2026 02:51:43.137] [main/WARN] [net.minecraftforge.common.ForgeConfigSpec/CORE]: Incorrect key inventoryButton.warpButtonY was corrected from null to its default, 60. 
[29Mar2026 02:51:43.137] [main/WARN] [net.minecraftforge.common.ForgeConfigSpec/CORE]: Incorrect key inventoryButton.creativeWarpButtonX was corrected from null to its default, 88. 
[29Mar2026 02:51:43.137] [main/WARN] [net.minecraftforge.common.ForgeConfigSpec/CORE]: Incorrect key inventoryButton.creativeWarpButtonY was corrected from null to its default, 33. 
[29Mar2026 02:51:43.138] [main/WARN] [net.minecraftforge.common.ForgeConfigSpec/CORE]: Incorrect key worldGen was corrected from null to its default, SimpleCommentedConfig:{}. 
[29Mar2026 02:51:43.138] [main/WARN] [net.minecraftforge.common.ForgeConfigSpec/CORE]: Incorrect key worldGen.worldGenStyle was corrected from null to its default, BIOME. 
[29Mar2026 02:51:43.138] [main/WARN] [net.minecraftforge.common.ForgeConfigSpec/CORE]: Incorrect key worldGen.frequency was corrected from null to its default, 25. 
[29Mar2026 02:51:43.138] [main/WARN] [net.minecraftforge.common.ForgeConfigSpec/CORE]: Incorrect key worldGen.dimensionAllowList was corrected from null to its default, [minecraft:overworld, minecraft:the_nether, minecraft:the_end]. 
[29Mar2026 02:51:43.138] [main/WARN] [net.minecraftforge.common.ForgeConfigSpec/CORE]: Incorrect key worldGen.dimensionDenyList was corrected from null to its default, []. 
[29Mar2026 02:51:43.138] [main/WARN] [net.minecraftforge.common.ForgeConfigSpec/CORE]: Incorrect key worldGen.nameGenerationMode was corrected from null to its default, PRESET_FIRST. 
[29Mar2026 02:51:43.138] [main/WARN] [net.minecraftforge.common.ForgeConfigSpec/CORE]: Incorrect key worldGen.customWaystoneNames was corrected from null to its default, []. 
[29Mar2026 02:51:43.138] [main/WARN] [net.minecraftforge.common.ForgeConfigSpec/CORE]: Incorrect key worldGen.spawnInVillages was corrected from null to its default, true. 
[29Mar2026 02:51:43.138] [main/WARN] [net.minecraftforge.common.ForgeConfigSpec/CORE]: Incorrect key worldGen.forceSpawnInVillages was corrected from null to its default, false. 
[29Mar2026 02:51:43.139] [main/WARN] [net.minecraftforge.common.ForgeConfigSpec/CORE]: Incorrect key client was corrected from null to its default, SimpleCommentedConfig:{}. 
[29Mar2026 02:51:43.139] [main/WARN] [net.minecraftforge.common.ForgeConfigSpec/CORE]: Incorrect key client.disableTextGlow was corrected from null to its default, false. 
[29Mar2026 02:51:43.140] [main/WARN] [net.minecraftforge.common.ForgeConfigSpec/CORE]: Incorrect key compatibility was corrected from null to its default, SimpleCommentedConfig:{}. 
[29Mar2026 02:51:43.140] [main/WARN] [net.minecraftforge.common.ForgeConfigSpec/CORE]: Incorrect key compatibility.displayWaystonesOnJourneyMap was corrected from null to its default, true. 
[29Mar2026 02:51:43.140] [main/WARN] [net.minecraftforge.common.ForgeConfigSpec/CORE]: Incorrect key compatibility.preferJourneyMapIntegration was corrected from null to its default, true. 
[29Mar2026 02:51:43.142] [main/WARN] [net.minecraftforge.common.ForgeConfigSpec/CORE]: Configuration file /workspaces/MC_Tomate/servidor_minecraft/config/sophisticatedbackpacks-common.toml is not correct. Correcting
[29Mar2026 02:51:43.142] [main/WARN] [net.minecraftforge.common.ForgeConfigSpec/CORE]: Incorrect key common was corrected from null to its default, SimpleCommentedConfig:{}. 
[29Mar2026 02:51:43.142] [main/WARN] [net.minecraftforge.common.ForgeConfigSpec/CORE]: Incorrect key common.chestLootEnabled was corrected from null to its default, true. 
[29Mar2026 02:51:43.145] [main/WARN] [net.minecraftforge.common.ForgeConfigSpec/CORE]: Configuration file /workspaces/MC_Tomate/servidor_minecraft/config/explorerscompass-common.toml is not correct. Correcting
[29Mar2026 02:51:43.145] [main/WARN] [net.minecraftforge.common.ForgeConfigSpec/CORE]: Incorrect key General was corrected from null to its default, SimpleCommentedConfig:{}. 
[29Mar2026 02:51:43.146] [main/WARN] [net.minecraftforge.common.ForgeConfigSpec/CORE]: Incorrect key General.allowTeleport was corrected from null to its default, true. 
[29Mar2026 02:51:43.146] [main/WARN] [net.minecraftforge.common.ForgeConfigSpec/CORE]: Incorrect key General.displayCoordinates was corrected from null to its default, true. 
[29Mar2026 02:51:43.146] [main/WARN] [net.minecraftforge.common.ForgeConfigSpec/CORE]: Incorrect key General.maxRadius was corrected from null to its default, 10000. 
[29Mar2026 02:51:43.146] [main/WARN] [net.minecraftforge.common.ForgeConfigSpec/CORE]: Incorrect key General.structureBlacklist was corrected from null to its default, []. 
[29Mar2026 02:51:43.146] [main/WARN] [net.minecraftforge.common.ForgeConfigSpec/CORE]: Incorrect key General.maxSamples was corrected from null to its default, 100000. 
[29Mar2026 02:51:43.147] [main/WARN] [net.minecraftforge.common.ForgeConfigSpec/CORE]: Configuration file /workspaces/MC_Tomate/servidor_minecraft/config/balm-common.toml is not correct. Correcting
[29Mar2026 02:51:43.147] [main/WARN] [net.minecraftforge.common.ForgeConfigSpec/CORE]: Incorrect key exampleBoolean was corrected from null to its default, true. 
[29Mar2026 02:51:43.148] [main/WARN] [net.minecraftforge.common.ForgeConfigSpec/CORE]: Incorrect key exampleInt was corrected from null to its default, 42. 
[29Mar2026 02:51:43.148] [main/WARN] [net.minecraftforge.common.ForgeConfigSpec/CORE]: Incorrect key exampleString was corrected from null to its default, Hello World. 
[29Mar2026 02:51:43.148] [main/WARN] [net.minecraftforge.common.ForgeConfigSpec/CORE]: Incorrect key exampleMultilineString was corrected from null to its default, Hello World. 
[29Mar2026 02:51:43.149] [main/WARN] [net.minecraftforge.common.ForgeConfigSpec/CORE]: Incorrect key exampleEnum was corrected from null to its default, Hello. 
[29Mar2026 02:51:43.149] [main/WARN] [net.minecraftforge.common.ForgeConfigSpec/CORE]: Incorrect key exampleStringList was corrected from null to its default, [Hello, World]. 
[29Mar2026 02:51:43.150] [main/WARN] [net.minecraftforge.common.ForgeConfigSpec/CORE]: Incorrect key exampleIntList was corrected from null to its default, [12, 24]. 
[29Mar2026 02:51:43.150] [main/WARN] [net.minecraftforge.common.ForgeConfigSpec/CORE]: Incorrect key exampleEnumList was corrected from null to its default, [Hello, World]. 
[29Mar2026 02:51:43.150] [main/WARN] [net.minecraftforge.common.ForgeConfigSpec/CORE]: Incorrect key exampleCategory was corrected from null to its default, SimpleCommentedConfig:{}. 
[29Mar2026 02:51:43.150] [main/WARN] [net.minecraftforge.common.ForgeConfigSpec/CORE]: Incorrect key exampleCategory.innerField was corrected from null to its default, I am inside. 
[29Mar2026 02:51:43.151] [main/WARN] [net.minecraftforge.common.ForgeConfigSpec/CORE]: Incorrect key exampleCategory.exampleFloat was corrected from null to its default, 42.84000015258789. 
[29Mar2026 02:51:43.152] [main/WARN] [net.minecraftforge.common.ForgeConfigSpec/CORE]: Configuration file /workspaces/MC_Tomate/servidor_minecraft/config/jeresources-common.toml is not correct. Correcting
[29Mar2026 02:51:43.152] [main/WARN] [net.minecraftforge.common.ForgeConfigSpec/CORE]: Incorrect key itemsPerColumn was corrected from null to its default, 4. 
[29Mar2026 02:51:43.152] [main/WARN] [net.minecraftforge.common.ForgeConfigSpec/CORE]: Incorrect key itemsPerRow was corrected from null to its default, 4. 
[29Mar2026 02:51:43.153] [main/WARN] [net.minecraftforge.common.ForgeConfigSpec/CORE]: Incorrect key diyData was corrected from null to its default, true. 
[29Mar2026 02:51:43.153] [main/WARN] [net.minecraftforge.common.ForgeConfigSpec/CORE]: Incorrect key showDevData was corrected from null to its default, false. 
[29Mar2026 02:51:43.155] [main/WARN] [net.minecraftforge.common.ForgeConfigSpec/CORE]: Incorrect key enchantsBlacklist was corrected from null to its default, [flimflam, soulBound]. 
[29Mar2026 02:51:43.155] [main/WARN] [net.minecraftforge.common.ForgeConfigSpec/CORE]: Incorrect key hiddenTabs was corrected from null to its default, []. 
[29Mar2026 02:51:43.156] [main/WARN] [net.minecraftforge.common.ForgeConfigSpec/CORE]: Incorrect key dimensionsBlacklist was corrected from null to its default, [-11]. 
[29Mar2026 02:51:43.157] [main/WARN] [net.minecraftforge.common.ForgeConfigSpec/CORE]: Incorrect key disableLootManagerReloading was corrected from null to its default, false. 
[29Mar2026 02:51:43.159] [main/WARN] [net.minecraftforge.common.ForgeConfigSpec/CORE]: Configuration file /workspaces/MC_Tomate/servidor_minecraft/config/watut-common.toml is not correct. Correcting
[29Mar2026 02:51:43.159] [main/WARN] [net.minecraftforge.common.ForgeConfigSpec/CORE]: Incorrect key general was corrected from null to its default, SimpleCommentedConfig:{}. 
[29Mar2026 02:51:43.159] [main/WARN] [net.minecraftforge.common.ForgeConfigSpec/CORE]: Incorrect key general.announceIdleStatesInChat was corrected from null to its default, false. 
[29Mar2026 02:51:43.160] [main/WARN] [net.minecraftforge.common.ForgeConfigSpec/CORE]: Incorrect key general.ticksToMarkPlayerIdle was corrected from null to its default, 6000. 
[29Mar2026 02:51:43.161] [main/WARN] [net.minecraftforge.common.ForgeConfigSpec/CORE]: Configuration file /workspaces/MC_Tomate/servidor_minecraft/config/watut-client.toml is not correct. Correcting
[29Mar2026 02:51:43.162] [main/WARN] [net.minecraftforge.common.ForgeConfigSpec/CORE]: Incorrect key general was corrected from null to its default, SimpleCommentedConfig:{}. 
[29Mar2026 02:51:43.162] [main/WARN] [net.minecraftforge.common.ForgeConfigSpec/CORE]: Incorrect key general.sendMouseInfo was corrected from null to its default, true. 
[29Mar2026 02:51:43.162] [main/WARN] [net.minecraftforge.common.ForgeConfigSpec/CORE]: Incorrect key general.sendTypingSpeed was corrected from null to its default, true. 
[29Mar2026 02:51:43.162] [main/WARN] [net.minecraftforge.common.ForgeConfigSpec/CORE]: Incorrect key general.sendActiveGui was corrected from null to its default, true. 
[29Mar2026 02:51:43.162] [main/WARN] [net.minecraftforge.common.ForgeConfigSpec/CORE]: Incorrect key general.sendIdleState was corrected from null to its default, true. 
[29Mar2026 02:51:43.162] [main/WARN] [net.minecraftforge.common.ForgeConfigSpec/CORE]: Incorrect key general.showIdleStatesInPlayerList was corrected from null to its default, true. 
[29Mar2026 02:51:43.163] [main/WARN] [net.minecraftforge.common.ForgeConfigSpec/CORE]: Incorrect key general.showIdleStatesInPlayerAboveHead was corrected from null to its default, true. 
[29Mar2026 02:51:43.163] [main/WARN] [net.minecraftforge.common.ForgeConfigSpec/CORE]: Incorrect key general.showPlayerAnimations was corrected from null to its default, true. 
[29Mar2026 02:51:43.163] [main/WARN] [net.minecraftforge.common.ForgeConfigSpec/CORE]: Incorrect key general.showPlayerAnimation_Typing was corrected from null to its default, true. 
[29Mar2026 02:51:43.163] [main/WARN] [net.minecraftforge.common.ForgeConfigSpec/CORE]: Incorrect key general.showPlayerAnimation_Idle was corrected from null to its default, true. 
[29Mar2026 02:51:43.163] [main/WARN] [net.minecraftforge.common.ForgeConfigSpec/CORE]: Incorrect key general.showPlayerAnimation_Gui was corrected from null to its default, true. 
[29Mar2026 02:51:43.164] [main/WARN] [net.minecraftforge.common.ForgeConfigSpec/CORE]: Incorrect key general.showPlayerActiveNonChatGui was corrected from null to its default, true. 
[29Mar2026 02:51:43.164] [main/WARN] [net.minecraftforge.common.ForgeConfigSpec/CORE]: Incorrect key general.showPlayerActiveChatGui was corrected from null to its default, true. 
[29Mar2026 02:51:43.164] [main/WARN] [net.minecraftforge.common.ForgeConfigSpec/CORE]: Incorrect key general.showPlayerActiveGuiIfNotExactMatch was corrected from null to its default, true. 
[29Mar2026 02:51:43.164] [main/WARN] [net.minecraftforge.common.ForgeConfigSpec/CORE]: Incorrect key general.screenTypingVisible was corrected from null to its default, true. 
[29Mar2026 02:51:43.164] [main/WARN] [net.minecraftforge.common.ForgeConfigSpec/CORE]: Incorrect key general.screenTypingRelativePosition_X was corrected from null to its default, 0. 
[29Mar2026 02:51:43.165] [main/WARN] [net.minecraftforge.common.ForgeConfigSpec/CORE]: Incorrect key general.screenTypingRelativePosition_Y was corrected from null to its default, 0. 
[29Mar2026 02:51:43.165] [main/WARN] [net.minecraftforge.common.ForgeConfigSpec/CORE]: Incorrect key general.screenTypingCharacterLimit was corrected from null to its default, 50. 
[29Mar2026 02:51:43.165] [main/WARN] [net.minecraftforge.common.ForgeConfigSpec/CORE]: Incorrect key general.screenTypingMultiplePlayersText was corrected from null to its default, Several people are typing. 
[29Mar2026 02:51:43.165] [main/WARN] [net.minecraftforge.common.ForgeConfigSpec/CORE]: Incorrect key general.screenTypingText was corrected from null to its default,  is typing. 
[29Mar2026 02:51:43.165] [main/WARN] [net.minecraftforge.common.ForgeConfigSpec/CORE]: Incorrect key general.playScreenOpenSounds was corrected from null to its default, true. 
[29Mar2026 02:51:43.166] [main/WARN] [net.minecraftforge.common.ForgeConfigSpec/CORE]: Incorrect key general.playMouseClickSounds was corrected from null to its default, true. 
[29Mar2026 02:51:43.167] [main/WARN] [net.minecraftforge.common.ForgeConfigSpec/CORE]: Configuration file /workspaces/MC_Tomate/servidor_minecraft/config/farmersdelight-common.toml is not correct. Correcting
[29Mar2026 02:51:43.168] [main/WARN] [net.minecraftforge.common.ForgeConfigSpec/CORE]: Incorrect key settings was corrected from null to its default, SimpleCommentedConfig:{}. 
[29Mar2026 02:51:43.168] [main/WARN] [net.minecraftforge.common.ForgeConfigSpec/CORE]: Incorrect key settings.enableVanillaCropCrates was corrected from null to its default, true. 
[29Mar2026 02:51:43.168] [main/WARN] [net.minecraftforge.common.ForgeConfigSpec/CORE]: Incorrect key settings.farmersBuyFDCrops was corrected from null to its default, true. 
[29Mar2026 02:51:43.168] [main/WARN] [net.minecraftforge.common.ForgeConfigSpec/CORE]: Incorrect key settings.wanderingTraderSellsFDItems was corrected from null to its default, true. 
[29Mar2026 02:51:43.168] [main/WARN] [net.minecraftforge.common.ForgeConfigSpec/CORE]: Incorrect key settings.richSoilBoostChance was corrected from null to its default, 0.2. 
[29Mar2026 02:51:43.168] [main/WARN] [net.minecraftforge.common.ForgeConfigSpec/CORE]: Incorrect key settings.cuttingBoardFortuneBonus was corrected from null to its default, 0.1. 
[29Mar2026 02:51:43.168] [main/WARN] [net.minecraftforge.common.ForgeConfigSpec/CORE]: Incorrect key settings.enableRopeReeling was corrected from null to its default, true. 
[29Mar2026 02:51:43.168] [main/WARN] [net.minecraftforge.common.ForgeConfigSpec/CORE]: Incorrect key settings.canvasSignDarkBackgroundList was corrected from null to its default, [gray, purple, blue, brown, green, red, black]. 
[29Mar2026 02:51:43.169] [main/WARN] [net.minecraftforge.common.ForgeConfigSpec/CORE]: Incorrect key farming was corrected from null to its default, SimpleCommentedConfig:{}. 
[29Mar2026 02:51:43.170] [main/WARN] [net.minecraftforge.common.ForgeConfigSpec/CORE]: Incorrect key farming.defaultTomatoVineRope was corrected from null to its default, farmersdelight:rope. 
[29Mar2026 02:51:43.170] [main/WARN] [net.minecraftforge.common.ForgeConfigSpec/CORE]: Incorrect key farming.enableTomatoVineClimbingTaggedRopes was corrected from null to its default, true. 
[29Mar2026 02:51:43.171] [main/WARN] [net.minecraftforge.common.ForgeConfigSpec/CORE]: Incorrect key recipe_book was corrected from null to its default, SimpleCommentedConfig:{}. 
[29Mar2026 02:51:43.172] [main/WARN] [net.minecraftforge.common.ForgeConfigSpec/CORE]: Incorrect key recipe_book.enableRecipeBookCookingPot was corrected from null to its default, true. 
[29Mar2026 02:51:43.173] [main/WARN] [net.minecraftforge.common.ForgeConfigSpec/CORE]: Incorrect key overrides was corrected from null to its default, SimpleCommentedConfig:{}. 
[29Mar2026 02:51:43.173] [main/WARN] [net.minecraftforge.common.ForgeConfigSpec/CORE]: Incorrect key overrides.vanillaSoupExtraEffects was corrected from null to its default, true. 
[29Mar2026 02:51:43.173] [main/WARN] [net.minecraftforge.common.ForgeConfigSpec/CORE]: Incorrect key overrides.rabbitStewJumpBoost was corrected from null to its default, true. 
[29Mar2026 02:51:43.173] [main/WARN] [net.minecraftforge.common.ForgeConfigSpec/CORE]: Incorrect key overrides.dispenserUsesToolsOnCuttingBoard was corrected from null to its default, true. 
[29Mar2026 02:51:43.173] [main/WARN] [net.minecraftforge.common.ForgeConfigSpec/CORE]: Incorrect key overrides.stack_size was corrected from null to its default, SimpleCommentedConfig:{}. 
[29Mar2026 02:51:43.173] [main/WARN] [net.minecraftforge.common.ForgeConfigSpec/CORE]: Incorrect key overrides.stack_size.enableStackableSoupItems was corrected from null to its default, true. 
[29Mar2026 02:51:43.174] [main/WARN] [net.minecraftforge.common.ForgeConfigSpec/CORE]: Incorrect key overrides.stack_size.soupItemList was corrected from null to its default, [minecraft:mushroom_stew, minecraft:beetroot_soup, minecraft:rabbit_stew]. 
[29Mar2026 02:51:43.175] [main/WARN] [net.minecraftforge.common.ForgeConfigSpec/CORE]: Incorrect key world was corrected from null to its default, SimpleCommentedConfig:{}. 
[29Mar2026 02:51:43.175] [main/WARN] [net.minecraftforge.common.ForgeConfigSpec/CORE]: Incorrect key world.generateFDChestLoot was corrected from null to its default, true. 
[29Mar2026 02:51:43.175] [main/WARN] [net.minecraftforge.common.ForgeConfigSpec/CORE]: Incorrect key world.genVillageCompostHeaps was corrected from null to its default, true. 
[29Mar2026 02:51:43.175] [main/WARN] [net.minecraftforge.common.ForgeConfigSpec/CORE]: Incorrect key world.genFDCropsOnVillageFarms was corrected from null to its default, true. 
[29Mar2026 02:51:43.176] [main/WARN] [net.minecraftforge.common.ForgeConfigSpec/CORE]: Incorrect key world.wild_cabbages was corrected from null to its default, SimpleCommentedConfig:{}. 
[29Mar2026 02:51:43.176] [main/WARN] [net.minecraftforge.common.ForgeConfigSpec/CORE]: Incorrect key world.wild_cabbages.chance was corrected from null to its default, 30. 
[29Mar2026 02:51:43.176] [main/WARN] [net.minecraftforge.common.ForgeConfigSpec/CORE]: Incorrect key world.wild_beetroots was corrected from null to its default, SimpleCommentedConfig:{}. 
[29Mar2026 02:51:43.176] [main/WARN] [net.minecraftforge.common.ForgeConfigSpec/CORE]: Incorrect key world.wild_beetroots.chance was corrected from null to its default, 30. 
[29Mar2026 02:51:43.177] [main/WARN] [net.minecraftforge.common.ForgeConfigSpec/CORE]: Incorrect key world.wild_potatoes was corrected from null to its default, SimpleCommentedConfig:{}. 
[29Mar2026 02:51:43.177] [main/WARN] [net.minecraftforge.common.ForgeConfigSpec/CORE]: Incorrect key world.wild_potatoes.chance was corrected from null to its default, 100. 
[29Mar2026 02:51:43.177] [main/WARN] [net.minecraftforge.common.ForgeConfigSpec/CORE]: Incorrect key world.wild_carrots was corrected from null to its default, SimpleCommentedConfig:{}. 
[29Mar2026 02:51:43.178] [main/WARN] [net.minecraftforge.common.ForgeConfigSpec/CORE]: Incorrect key world.wild_carrots.chance was corrected from null to its default, 120. 
[29Mar2026 02:51:43.178] [main/WARN] [net.minecraftforge.common.ForgeConfigSpec/CORE]: Incorrect key world.wild_onions was corrected from null to its default, SimpleCommentedConfig:{}. 
[29Mar2026 02:51:43.178] [main/WARN] [net.minecraftforge.common.ForgeConfigSpec/CORE]: Incorrect key world.wild_onions.chance was corrected from null to its default, 120. 
[29Mar2026 02:51:43.178] [main/WARN] [net.minecraftforge.common.ForgeConfigSpec/CORE]: Incorrect key world.wild_tomatoes was corrected from null to its default, SimpleCommentedConfig:{}. 
[29Mar2026 02:51:43.179] [main/WARN] [net.minecraftforge.common.ForgeConfigSpec/CORE]: Incorrect key world.wild_tomatoes.chance was corrected from null to its default, 100. 
[29Mar2026 02:51:43.179] [main/WARN] [net.minecraftforge.common.ForgeConfigSpec/CORE]: Incorrect key world.wild_rice was corrected from null to its default, SimpleCommentedConfig:{}. 
[29Mar2026 02:51:43.179] [main/WARN] [net.minecraftforge.common.ForgeConfigSpec/CORE]: Incorrect key world.wild_rice.chance was corrected from null to its default, 20. 
[29Mar2026 02:51:43.179] [main/WARN] [net.minecraftforge.common.ForgeConfigSpec/CORE]: Incorrect key world.brown_mushroom_colonies was corrected from null to its default, SimpleCommentedConfig:{}. 
[29Mar2026 02:51:43.179] [main/WARN] [net.minecraftforge.common.ForgeConfigSpec/CORE]: Incorrect key world.brown_mushroom_colonies.genBrownMushroomColony was corrected from null to its default, true. 
[29Mar2026 02:51:43.179] [main/WARN] [net.minecraftforge.common.ForgeConfigSpec/CORE]: Incorrect key world.brown_mushroom_colonies.chance was corrected from null to its default, 15. 
[29Mar2026 02:51:43.179] [main/WARN] [net.minecraftforge.common.ForgeConfigSpec/CORE]: Incorrect key world.red_mushroom_colonies was corrected from null to its default, SimpleCommentedConfig:{}. 
[29Mar2026 02:51:43.180] [main/WARN] [net.minecraftforge.common.ForgeConfigSpec/CORE]: Incorrect key world.red_mushroom_colonies.genRedMushroomColony was corrected from null to its default, true. 
[29Mar2026 02:51:43.180] [main/WARN] [net.minecraftforge.common.ForgeConfigSpec/CORE]: Incorrect key world.red_mushroom_colonies.chance was corrected from null to its default, 15. 
[29Mar2026 02:51:43.184] [main/WARN] [net.minecraftforge.common.ForgeConfigSpec/CORE]: Configuration file /workspaces/MC_Tomate/servidor_minecraft/config/torchmaster.toml is not correct. Correcting
[29Mar2026 02:51:43.185] [main/WARN] [net.minecraftforge.common.ForgeConfigSpec/CORE]: Incorrect key General was corrected from null to its default, SimpleCommentedConfig:{}. 
[29Mar2026 02:51:43.185] [main/WARN] [net.minecraftforge.common.ForgeConfigSpec/CORE]: Incorrect key General.beginnerTooltips was corrected from null to its default, true. 
[29Mar2026 02:51:43.185] [main/WARN] [net.minecraftforge.common.ForgeConfigSpec/CORE]: Incorrect key General.blockOnlyNaturalSpawns was corrected from null to its default, true. 
[29Mar2026 02:51:43.186] [main/WARN] [net.minecraftforge.common.ForgeConfigSpec/CORE]: Incorrect key General.lycanitesMobsBlockAll was corrected from null to its default, true. 
[29Mar2026 02:51:43.186] [main/WARN] [net.minecraftforge.common.ForgeConfigSpec/CORE]: Incorrect key General.blockVillageSieges was corrected from null to its default, true. 
[29Mar2026 02:51:43.186] [main/WARN] [net.minecraftforge.common.ForgeConfigSpec/CORE]: Incorrect key General.megaTorchRadius was corrected from null to its default, 64. 
[29Mar2026 02:51:43.186] [main/WARN] [net.minecraftforge.common.ForgeConfigSpec/CORE]: Incorrect key General.dreadLampRadius was corrected from null to its default, 64. 
[29Mar2026 02:51:43.186] [main/WARN] [net.minecraftforge.common.ForgeConfigSpec/CORE]: Incorrect key General.megaTorchEntityBlockListOverrides was corrected from null to its default, []. 
[29Mar2026 02:51:43.186] [main/WARN] [net.minecraftforge.common.ForgeConfigSpec/CORE]: Incorrect key General.dreadLampEntityBlockListOverrides was corrected from null to its default, []. 
[29Mar2026 02:51:43.186] [main/WARN] [net.minecraftforge.common.ForgeConfigSpec/CORE]: Incorrect key General.feralFlareRadius was corrected from null to its default, 16. 
[29Mar2026 02:51:43.187] [main/WARN] [net.minecraftforge.common.ForgeConfigSpec/CORE]: Incorrect key General.feralFlareTickRate was corrected from null to its default, 5. 
[29Mar2026 02:51:43.187] [main/WARN] [net.minecraftforge.common.ForgeConfigSpec/CORE]: Incorrect key General.feralFlareMinLightLevel was corrected from null to its default, 10. 
[29Mar2026 02:51:43.187] [main/WARN] [net.minecraftforge.common.ForgeConfigSpec/CORE]: Incorrect key General.feralFlareLanternLightCountHardcap was corrected from null to its default, 255. 
[29Mar2026 02:51:43.187] [main/WARN] [net.minecraftforge.common.ForgeConfigSpec/CORE]: Incorrect key General.frozenPearlDurability was corrected from null to its default, 1024. 
[29Mar2026 02:51:43.187] [main/WARN] [net.minecraftforge.common.ForgeConfigSpec/CORE]: Incorrect key General.logSpawnChecks was corrected from null to its default, false. 
[29Mar2026 02:51:43.187] [main/WARN] [net.minecraftforge.common.ForgeConfigSpec/CORE]: Incorrect key General.aggressiveSpawnChecks was corrected from null to its default, false. 
[29Mar2026 02:51:43.190] [main/WARN] [net.minecraftforge.common.ForgeConfigSpec/CORE]: Configuration file /workspaces/MC_Tomate/servidor_minecraft/config/alexscaves-general.toml is not correct. Correcting
[29Mar2026 02:51:43.191] [main/WARN] [net.minecraftforge.common.ForgeConfigSpec/CORE]: Incorrect key generation was corrected from null to its default, SimpleCommentedConfig:{}. 
[29Mar2026 02:51:43.191] [main/WARN] [net.minecraftforge.common.ForgeConfigSpec/CORE]: Incorrect key generation.cave_biome_mean_width was corrected from null to its default, 300.0. 
[29Mar2026 02:51:43.191] [main/WARN] [net.minecraftforge.common.ForgeConfigSpec/CORE]: Incorrect key generation.cave_biome_mean_separation was corrected from null to its default, 900. 
[29Mar2026 02:51:43.192] [main/WARN] [net.minecraftforge.common.ForgeConfigSpec/CORE]: Incorrect key generation.cave_biome_width_randomness was corrected from null to its default, 0.15. 
[29Mar2026 02:51:43.192] [main/WARN] [net.minecraftforge.common.ForgeConfigSpec/CORE]: Incorrect key generation.cave_biome_spacing_randomness was corrected from null to its default, 0.45. 
[29Mar2026 02:51:43.192] [main/WARN] [net.minecraftforge.common.ForgeConfigSpec/CORE]: Incorrect key generation.warn_generation_incompatibility was corrected from null to its default, true. 
[29Mar2026 02:51:43.193] [main/WARN] [net.minecraftforge.common.ForgeConfigSpec/CORE]: Incorrect key mob-spawning was corrected from null to its default, SimpleCommentedConfig:{}. 
[29Mar2026 02:51:43.193] [main/WARN] [net.minecraftforge.common.ForgeConfigSpec/CORE]: Incorrect key mob-spawning.cave_creature_spawn_count_modifier was corrected from null to its default, 1.75. 
[29Mar2026 02:51:43.193] [main/WARN] [net.minecraftforge.common.ForgeConfigSpec/CORE]: Incorrect key mob-spawning.drowned_diving_gear_spawn_chance was corrected from null to its default, 0.2. 
[29Mar2026 02:51:43.194] [main/WARN] [net.minecraftforge.common.ForgeConfigSpec/CORE]: Incorrect key mob-behavior was corrected from null to its default, SimpleCommentedConfig:{}. 
[29Mar2026 02:51:43.194] [main/WARN] [net.minecraftforge.common.ForgeConfigSpec/CORE]: Incorrect key mob-behavior.pathfinding_threads was corrected from null to its default, 5. 
[29Mar2026 02:51:43.194] [main/WARN] [net.minecraftforge.common.ForgeConfigSpec/CORE]: Incorrect key mob-behavior.luxtructosaurus_block_drop_chance was corrected from null to its default, 0.75. 
[29Mar2026 02:51:43.195] [main/WARN] [net.minecraftforge.common.ForgeConfigSpec/CORE]: Incorrect key mob-behavior.atlatitan_max_block_explosion_resistance was corrected from null to its default, 10. 
[29Mar2026 02:51:43.195] [main/WARN] [net.minecraftforge.common.ForgeConfigSpec/CORE]: Incorrect key mob-behavior.nucleeper_fuse_time was corrected from null to its default, 300. 
[29Mar2026 02:51:43.195] [main/WARN] [net.minecraftforge.common.ForgeConfigSpec/CORE]: Incorrect key mob-behavior.devastating_tremorzilla_beam was corrected from null to its default, true. 
[29Mar2026 02:51:43.195] [main/WARN] [net.minecraftforge.common.ForgeConfigSpec/CORE]: Incorrect key mob-behavior.watcher_possession was corrected from null to its default, true. 
[29Mar2026 02:51:43.196] [main/WARN] [net.minecraftforge.common.ForgeConfigSpec/CORE]: Incorrect key mob-behavior.watcher_possession_cooldown was corrected from null to its default, 300. 
[29Mar2026 02:51:43.196] [main/WARN] [net.minecraftforge.common.ForgeConfigSpec/CORE]: Incorrect key block-behavior was corrected from null to its default, SimpleCommentedConfig:{}. 
[29Mar2026 02:51:43.197] [main/WARN] [net.minecraftforge.common.ForgeConfigSpec/CORE]: Incorrect key block-behavior.walking_on_magnets was corrected from null to its default, true. 
[29Mar2026 02:51:43.197] [main/WARN] [net.minecraftforge.common.ForgeConfigSpec/CORE]: Incorrect key block-behavior.amber_monolith_mean_time was corrected from null to its default, 32000. 
[29Mar2026 02:51:43.197] [main/WARN] [net.minecraftforge.common.ForgeConfigSpec/CORE]: Incorrect key block-behavior.nuclear_furnace_blasting_only was corrected from null to its default, true. 
[29Mar2026 02:51:43.197] [main/WARN] [net.minecraftforge.common.ForgeConfigSpec/CORE]: Incorrect key block-behavior.nuclear_furnace_custom_type was corrected from null to its default, false. 
[29Mar2026 02:51:43.198] [main/WARN] [net.minecraftforge.common.ForgeConfigSpec/CORE]: Incorrect key item-behavior was corrected from null to its default, SimpleCommentedConfig:{}. 
[29Mar2026 02:51:43.199] [main/WARN] [net.minecraftforge.common.ForgeConfigSpec/CORE]: Incorrect key item-behavior.only_one_research_needed was corrected from null to its default, false. 
[29Mar2026 02:51:43.199] [main/WARN] [net.minecraftforge.common.ForgeConfigSpec/CORE]: Incorrect key item-behavior.cave_map_search_attempts was corrected from null to its default, 128000. 
[29Mar2026 02:51:43.199] [main/WARN] [net.minecraftforge.common.ForgeConfigSpec/CORE]: Incorrect key item-behavior.cave_map_search_width was corrected from null to its default, 64. 
[29Mar2026 02:51:43.199] [main/WARN] [net.minecraftforge.common.ForgeConfigSpec/CORE]: Incorrect key item-behavior.nuke_max_block_explosion_resistance was corrected from null to its default, 1000. 
[29Mar2026 02:51:43.199] [main/WARN] [net.minecraftforge.common.ForgeConfigSpec/CORE]: Incorrect key item-behavior.nuke_spawn_item_drops was corrected from null to its default, true. 
[29Mar2026 02:51:43.199] [main/WARN] [net.minecraftforge.common.ForgeConfigSpec/CORE]: Incorrect key item-behavior.nuclear_explosion_size_modifier was corrected from null to its default, 3.0. 
[29Mar2026 02:51:43.199] [main/WARN] [net.minecraftforge.common.ForgeConfigSpec/CORE]: Incorrect key item-behavior.totem_of_possession_works_on_players was corrected from null to its default, true. 
[29Mar2026 02:51:43.199] [main/WARN] [net.minecraftforge.common.ForgeConfigSpec/CORE]: Incorrect key item-behavior.darkness_cloak_charge_time was corrected from null to its default, 1000. 
[29Mar2026 02:51:43.199] [main/WARN] [net.minecraftforge.common.ForgeConfigSpec/CORE]: Incorrect key item-behavior.darkness_cloak_fly_time was corrected from null to its default, 200. 
[29Mar2026 02:51:43.200] [main/WARN] [net.minecraftforge.common.ForgeConfigSpec/CORE]: Incorrect key potion-behavior was corrected from null to its default, SimpleCommentedConfig:{}. 
[29Mar2026 02:51:43.200] [main/WARN] [net.minecraftforge.common.ForgeConfigSpec/CORE]: Incorrect key potion-behavior.sugar_rush_slows_time was corrected from null to its default, true. 
[29Mar2026 02:51:43.202] [main/WARN] [net.minecraftforge.common.ForgeConfigSpec/CORE]: Incorrect key vanilla-changes was corrected from null to its default, SimpleCommentedConfig:{}. 
[29Mar2026 02:51:43.202] [main/WARN] [net.minecraftforge.common.ForgeConfigSpec/CORE]: Incorrect key vanilla-changes.magnetic_tablet_loot_chance was corrected from null to its default, 0.45. 
[29Mar2026 02:51:43.202] [main/WARN] [net.minecraftforge.common.ForgeConfigSpec/CORE]: Incorrect key vanilla-changes.primordial_tablet_loot_chance was corrected from null to its default, 0.15. 
[29Mar2026 02:51:43.202] [main/WARN] [net.minecraftforge.common.ForgeConfigSpec/CORE]: Incorrect key vanilla-changes.toxic_tablet_loot_chance was corrected from null to its default, 0.5. 
[29Mar2026 02:51:43.203] [main/WARN] [net.minecraftforge.common.ForgeConfigSpec/CORE]: Incorrect key vanilla-changes.abyssal_tablet_loot_chance was corrected from null to its default, 0.4. 
[29Mar2026 02:51:43.203] [main/WARN] [net.minecraftforge.common.ForgeConfigSpec/CORE]: Incorrect key vanilla-changes.forlorn_tablet_loot_chance was corrected from null to its default, 0.75. 
[29Mar2026 02:51:43.204] [main/WARN] [net.minecraftforge.common.ForgeConfigSpec/CORE]: Incorrect key vanilla-changes.candy_cavity_loot_chance was corrected from null to its default, 0.9. 
[29Mar2026 02:51:43.204] [main/WARN] [net.minecraftforge.common.ForgeConfigSpec/CORE]: Incorrect key vanilla-changes.cabin_map_loot_chance was corrected from null to its default, 0.15. 
[29Mar2026 02:51:43.204] [main/WARN] [net.minecraftforge.common.ForgeConfigSpec/CORE]: Incorrect key vanilla-changes.cartographers_sell_cabin_maps was corrected from null to its default, true. 
[29Mar2026 02:51:43.204] [main/WARN] [net.minecraftforge.common.ForgeConfigSpec/CORE]: Incorrect key vanilla-changes.wandering_traders_sell_cabin_maps was corrected from null to its default, true. 
[29Mar2026 02:51:43.205] [main/WARN] [net.minecraftforge.common.ForgeConfigSpec/CORE]: Incorrect key vanilla-changes.loot_chest_in_witch_huts was corrected from null to its default, true. 
[29Mar2026 02:51:43.205] [main/WARN] [net.minecraftforge.common.ForgeConfigSpec/CORE]: Incorrect key vanilla-changes.enchantments_in_loot was corrected from null to its default, false. 
[29Mar2026 02:51:43.219] [main/WARN] [net.minecraftforge.common.ForgeConfigSpec/CORE]: Configuration file /workspaces/MC_Tomate/servidor_minecraft/config/biomesoplenty/generation.toml is not correct. Correcting
[29Mar2026 02:51:43.220] [main/WARN] [net.minecraftforge.common.ForgeConfigSpec/CORE]: Incorrect key overworld was corrected from null to its default, SimpleCommentedConfig:{}. 
[29Mar2026 02:51:43.220] [main/WARN] [net.minecraftforge.common.ForgeConfigSpec/CORE]: Incorrect key overworld.bop_primary_overworld_region_weight was corrected from null to its default, 10. 
[29Mar2026 02:51:43.220] [main/WARN] [net.minecraftforge.common.ForgeConfigSpec/CORE]: Incorrect key overworld.bop_secondary_overworld_region_weight was corrected from null to its default, 8. 
[29Mar2026 02:51:43.220] [main/WARN] [net.minecraftforge.common.ForgeConfigSpec/CORE]: Incorrect key overworld.bop_nether_region_weight was corrected from null to its default, 13. 
[29Mar2026 02:51:43.220] [main/WARN] [net.minecraftforge.common.ForgeConfigSpec/CORE]: Incorrect key overworld.bop_overworld_rare_region_weight was corrected from null to its default, 2. 
[29Mar2026 02:51:43.220] [main/WARN] [net.minecraftforge.common.ForgeConfigSpec/CORE]: Incorrect key overworld.bop_nether_rare_region_weight was corrected from null to its default, 2. 
[29Mar2026 02:51:43.221] [main/WARN] [net.minecraftforge.common.ForgeConfigSpec/CORE]: Configuration file /workspaces/MC_Tomate/servidor_minecraft/config/fairylights-common.toml is not correct. Correcting
[29Mar2026 02:51:43.222] [main/WARN] [net.minecraftforge.common.ForgeConfigSpec/CORE]: Incorrect key general was corrected from null to its default, SimpleCommentedConfig:{}. 
[29Mar2026 02:51:43.222] [main/WARN] [net.minecraftforge.common.ForgeConfigSpec/CORE]: Incorrect key general.christmas_jingles was corrected from null to its default, true. 
[29Mar2026 02:51:43.222] [main/WARN] [net.minecraftforge.common.ForgeConfigSpec/CORE]: Incorrect key general.jingles_amplitude was corrected from null to its default, 40. 
[29Mar2026 02:51:43.223] [main/WARN] [net.minecraftforge.common.ForgeConfigSpec/CORE]: Configuration file /workspaces/MC_Tomate/servidor_minecraft/config/ribbits-forge-1_20_1.toml is not correct. Correcting
[29Mar2026 02:51:43.223] [main/WARN] [net.minecraftforge.common.ForgeConfigSpec/CORE]: Incorrect key Ribbits was corrected from null to its default, SimpleCommentedConfig:{}. 
[29Mar2026 02:51:43.223] [main/WARN] [net.minecraftforge.common.ForgeConfigSpec/CORE]: Incorrect key Ribbits.General was corrected from null to its default, SimpleCommentedConfig:{}. 
[29Mar2026 02:51:43.223] [main/WARN] [net.minecraftforge.common.ForgeConfigSpec/CORE]: Incorrect key Ribbits.General.Show Pride Flags All Year was corrected from null to its default, false. 
[29Mar2026 02:51:43.224] [main/WARN] [net.minecraftforge.common.ForgeConfigSpec/CORE]: Configuration file /workspaces/MC_Tomate/servidor_minecraft/config/cataclysm.toml is not correct. Correcting
[29Mar2026 02:51:43.224] [main/WARN] [net.minecraftforge.common.ForgeConfigSpec/CORE]: Incorrect key Etc was corrected from null to its default, SimpleCommentedConfig:{}. 
[29Mar2026 02:51:43.224] [main/WARN] [net.minecraftforge.common.ForgeConfigSpec/CORE]: Incorrect key Etc.lavaVisionOpacity was corrected from null to its default, 0.5. 
[29Mar2026 02:51:43.224] [main/WARN] [net.minecraftforge.common.ForgeConfigSpec/CORE]: Incorrect key Etc.shadersCompat was corrected from null to its default, false. 
[29Mar2026 02:51:43.224] [main/WARN] [net.minecraftforge.common.ForgeConfigSpec/CORE]: Incorrect key Etc.ScreenShake(on/off) was corrected from null to its default, true. 
[29Mar2026 02:51:43.225] [main/WARN] [net.minecraftforge.common.ForgeConfigSpec/CORE]: Incorrect key bosses Common settings was corrected from null to its default, SimpleCommentedConfig:{}. 
[29Mar2026 02:51:43.225] [main/WARN] [net.minecraftforge.common.ForgeConfigSpec/CORE]: Incorrect key bosses Common settings.custombossbar(on/off) was corrected from null to its default, true. 
[29Mar2026 02:51:43.225] [main/WARN] [net.minecraftforge.common.ForgeConfigSpec/CORE]: Incorrect key bosses Common settings.BossMusic(on/off) was corrected from null to its default, true. 
[29Mar2026 02:51:43.225] [main/WARN] [net.minecraftforge.common.ForgeConfigSpec/CORE]: Incorrect key bosses Common settings.BossMusicVolume was corrected from null to its default, 1. 
[29Mar2026 02:51:43.225] [main/WARN] [net.minecraftforge.common.ForgeConfigSpec/CORE]: Incorrect key bosses Common settings.ReturnHome was corrected from null to its default, 20. 
[29Mar2026 02:51:43.225] [main/WARN] [net.minecraftforge.common.ForgeConfigSpec/CORE]: Incorrect key Weapon was corrected from null to its default, SimpleCommentedConfig:{}. 
[29Mar2026 02:51:43.225] [main/WARN] [net.minecraftforge.common.ForgeConfigSpec/CORE]: Incorrect key Weapon.Armor Infinity Durability(on/off) was corrected from null to its default, true. 
[29Mar2026 02:51:43.226] [main/WARN] [net.minecraftforge.common.ForgeConfigSpec/CORE]: Incorrect key Weapon.BulwarkOfTheFlameCooldown was corrected from null to its default, 80. 
[29Mar2026 02:51:43.226] [main/WARN] [net.minecraftforge.common.ForgeConfigSpec/CORE]: Incorrect key Weapon.GauntletOfBulwarkCooldown was corrected from null to its default, 80. 
[29Mar2026 02:51:43.226] [main/WARN] [net.minecraftforge.common.ForgeConfigSpec/CORE]: Incorrect key Weapon.InfernalForgeCooldown was corrected from null to its default, 80. 
[29Mar2026 02:51:43.226] [main/WARN] [net.minecraftforge.common.ForgeConfigSpec/CORE]: Incorrect key Weapon.VoidForgeCooldown was corrected from null to its default, 120. 
[29Mar2026 02:51:43.226] [main/WARN] [net.minecraftforge.common.ForgeConfigSpec/CORE]: Incorrect key Weapon.TheIncineratorCooldown was corrected from null to its default, 400. 
[29Mar2026 02:51:43.226] [main/WARN] [net.minecraftforge.common.ForgeConfigSpec/CORE]: Incorrect key Weapon.WASWMissileCooldown was corrected from null to its default, 40. 
[29Mar2026 02:51:43.226] [main/WARN] [net.minecraftforge.common.ForgeConfigSpec/CORE]: Incorrect key Weapon.WASW's WitherMissiledamage was corrected from null to its default, 16.0. 
[29Mar2026 02:51:43.226] [main/WARN] [net.minecraftforge.common.ForgeConfigSpec/CORE]: Incorrect key Weapon.WASWHowitzerCooldown was corrected from null to its default, 100. 
[29Mar2026 02:51:43.226] [main/WARN] [net.minecraftforge.common.ForgeConfigSpec/CORE]: Incorrect key Weapon.VASWCooldown was corrected from null to its default, 120. 
[29Mar2026 02:51:43.226] [main/WARN] [net.minecraftforge.common.ForgeConfigSpec/CORE]: Incorrect key Weapon.VoidCoreCooldown was corrected from null to its default, 160. 
[29Mar2026 02:51:43.226] [main/WARN] [net.minecraftforge.common.ForgeConfigSpec/CORE]: Incorrect key Weapon.Sandstormcooldown was corrected from null to its default, 300. 
[29Mar2026 02:51:43.226] [main/WARN] [net.minecraftforge.common.ForgeConfigSpec/CORE]: Incorrect key Weapon.SoulRenderCooldown was corrected from null to its default, 100. 
[29Mar2026 02:51:43.226] [main/WARN] [net.minecraftforge.common.ForgeConfigSpec/CORE]: Incorrect key Weapon.gauntletofMaelstromCooldown was corrected from null to its default, 180. 
[29Mar2026 02:51:43.227] [main/WARN] [net.minecraftforge.common.ForgeConfigSpec/CORE]: Incorrect key Weapon.immolatorCooldown was corrected from null to its default, 300. 
[29Mar2026 02:51:43.227] [main/WARN] [net.minecraftforge.common.ForgeConfigSpec/CORE]: Incorrect key Block was corrected from null to its default, SimpleCommentedConfig:{}. 
[29Mar2026 02:51:43.227] [main/WARN] [net.minecraftforge.common.ForgeConfigSpec/CORE]: Incorrect key Block.Cursed Tombstone Summon cooldown Minute was corrected from null to its default, 1. 
[29Mar2026 02:51:43.227] [main/WARN] [net.minecraftforge.common.ForgeConfigSpec/CORE]: Incorrect key Entity damage was corrected from null to its default, SimpleCommentedConfig:{}. 
[29Mar2026 02:51:43.227] [main/WARN] [net.minecraftforge.common.ForgeConfigSpec/CORE]: Incorrect key Entity damage.Voidrunedamage was corrected from null to its default, 7.0. 
[29Mar2026 02:51:43.227] [main/WARN] [net.minecraftforge.common.ForgeConfigSpec/CORE]: Incorrect key Entity damage.Ashenbreathdamage was corrected from null to its default, 4.0. 
[29Mar2026 02:51:43.228] [main/WARN] [net.minecraftforge.common.ForgeConfigSpec/CORE]: Incorrect key Entity damage.DeathLaserdamage was corrected from null to its default, 5.0. 
[29Mar2026 02:51:43.228] [main/WARN] [net.minecraftforge.common.ForgeConfigSpec/CORE]: Incorrect key Entity damage.DeathLaserHpdamage was corrected from null to its default, 5.0. 
[29Mar2026 02:51:43.228] [main/WARN] [net.minecraftforge.common.ForgeConfigSpec/CORE]: Incorrect key Entity damage.Laserdamage was corrected from null to its default, 7.0. 
[29Mar2026 02:51:43.228] [main/WARN] [net.minecraftforge.common.ForgeConfigSpec/CORE]: Incorrect key Entity damage.BlazingBonedamage was corrected from null to its default, 5.0. 
[29Mar2026 02:51:43.228] [main/WARN] [net.minecraftforge.common.ForgeConfigSpec/CORE]: Incorrect key Entity damage.LionfishSpikedamage was corrected from null to its default, 4.0. 
[29Mar2026 02:51:43.228] [main/WARN] [net.minecraftforge.common.ForgeConfigSpec/CORE]: Incorrect key Entity damage.WitherHowizterdamage was corrected from null to its default, 8.0. 
[29Mar2026 02:51:43.228] [main/WARN] [net.minecraftforge.common.ForgeConfigSpec/CORE]: Incorrect key Entity damage.DimensionalRiftdamage was corrected from null to its default, 10.0. 
[29Mar2026 02:51:43.228] [main/WARN] [net.minecraftforge.common.ForgeConfigSpec/CORE]: Incorrect key Entity damage.WitherHomingMissiledamage was corrected from null to its default, 3.0. 
[29Mar2026 02:51:43.228] [main/WARN] [net.minecraftforge.common.ForgeConfigSpec/CORE]: Incorrect key Entity damage.AbyssBlastdamage was corrected from null to its default, 10.0. 
[29Mar2026 02:51:43.228] [main/WARN] [net.minecraftforge.common.ForgeConfigSpec/CORE]: Incorrect key Entity damage.AbyssBlastHpdamage was corrected from null to its default, 0.1. 
[29Mar2026 02:51:43.228] [main/WARN] [net.minecraftforge.common.ForgeConfigSpec/CORE]: Incorrect key Entity damage.AbyssOrbdamage was corrected from null to its default, 4.0. 
[29Mar2026 02:51:43.228] [main/WARN] [net.minecraftforge.common.ForgeConfigSpec/CORE]: Incorrect key Entity damage.Lavabombradius was corrected from null to its default, 2. 
[29Mar2026 02:51:43.228] [main/WARN] [net.minecraftforge.common.ForgeConfigSpec/CORE]: Incorrect key Entity damage.Amethyst Cluster Damage was corrected from null to its default, 12.0. 
[29Mar2026 02:51:43.229] [main/WARN] [net.minecraftforge.common.ForgeConfigSpec/CORE]: Incorrect key Entity damage.Sandstorm Damage was corrected from null to its default, 5.0. 
[29Mar2026 02:51:43.229] [main/WARN] [net.minecraftforge.common.ForgeConfigSpec/CORE]: Incorrect key Entity damage.Ancient Desert Stele Damage was corrected from null to its default, 18.0. 
[29Mar2026 02:51:43.229] [main/WARN] [net.minecraftforge.common.ForgeConfigSpec/CORE]: Incorrect key Entity damage.Phantom Arrow Damage was corrected from null to its default, 5.0. 
[29Mar2026 02:51:43.229] [main/WARN] [net.minecraftforge.common.ForgeConfigSpec/CORE]: Incorrect key Entity damage.Phantom Halberd Damage was corrected from null to its default, 12.0. 
[29Mar2026 02:51:43.229] [main/WARN] [net.minecraftforge.common.ForgeConfigSpec/CORE]: Incorrect key Entity damage.Cursed Sandstorm Damage was corrected from null to its default, 6.0. 
[29Mar2026 02:51:43.229] [main/WARN] [net.minecraftforge.common.ForgeConfigSpec/CORE]: Incorrect key Entity damage.Flame Jet Damage was corrected from null to its default, 7.0. 
[29Mar2026 02:51:43.229] [main/WARN] [net.minecraftforge.common.ForgeConfigSpec/CORE]: Incorrect key Entity damage.Flare Bomb Damage was corrected from null to its default, 7.0. 
[29Mar2026 02:51:43.230] [main/WARN] [net.minecraftforge.common.ForgeConfigSpec/CORE]: Incorrect key Ender Guardian was corrected from null to its default, SimpleCommentedConfig:{}. 
[29Mar2026 02:51:43.231] [main/WARN] [net.minecraftforge.common.ForgeConfigSpec/CORE]: Incorrect key Ender Guardian.EnderGuardianHealthMultiplier was corrected from null to its default, 1.0. 
[29Mar2026 02:51:43.231] [main/WARN] [net.minecraftforge.common.ForgeConfigSpec/CORE]: Incorrect key Ender Guardian.EnderGuardianDamageMultiplier was corrected from null to its default, 1.0. 
[29Mar2026 02:51:43.231] [main/WARN] [net.minecraftforge.common.ForgeConfigSpec/CORE]: Incorrect key Ender Guardian.EnderGuardianDamageCap was corrected from null to its default, 22.0. 
[29Mar2026 02:51:43.231] [main/WARN] [net.minecraftforge.common.ForgeConfigSpec/CORE]: Incorrect key Ender Guardian.EnderGuardianDamageTime was corrected from null to its default, 30. 
[29Mar2026 02:51:43.232] [main/WARN] [net.minecraftforge.common.ForgeConfigSpec/CORE]: Incorrect key Ender Guardian.EnderGuardianNatureHealing was corrected from null to its default, 20.0. 
[29Mar2026 02:51:43.232] [main/WARN] [net.minecraftforge.common.ForgeConfigSpec/CORE]: Incorrect key Ender Guardian.EnderguardianBlockBreaking was corrected from null to its default, true. 
[29Mar2026 02:51:43.232] [main/WARN] [net.minecraftforge.common.ForgeConfigSpec/CORE]: Incorrect key Ender Guardian.Guardian's prevent attacks from far away Range was corrected from null to its default, 12.0. 
[29Mar2026 02:51:43.232] [main/WARN] [net.minecraftforge.common.ForgeConfigSpec/CORE]: Incorrect key Ender Guardian.Guardian's gravity Punch Hp Damage was corrected from null to its default, 0.05. 
[29Mar2026 02:51:43.232] [main/WARN] [net.minecraftforge.common.ForgeConfigSpec/CORE]: Incorrect key Ender Guardian.Guardian's Teleport attack Hp Damage was corrected from null to its default, 0.05. 
[29Mar2026 02:51:43.232] [main/WARN] [net.minecraftforge.common.ForgeConfigSpec/CORE]: Incorrect key Ender Guardian.Guardian's knockback Hp Damage was corrected from null to its default, 0.06. 
[29Mar2026 02:51:43.232] [main/WARN] [net.minecraftforge.common.ForgeConfigSpec/CORE]: Incorrect key Ender Guardian.Guardian's Uppercut Hp Damage was corrected from null to its default, 0.1. 
[29Mar2026 02:51:43.232] [main/WARN] [net.minecraftforge.common.ForgeConfigSpec/CORE]: Incorrect key Ender Guardian.Guardian's RocketPunch Hp Damage was corrected from null to its default, 0.1. 
[29Mar2026 02:51:43.232] [main/WARN] [net.minecraftforge.common.ForgeConfigSpec/CORE]: Incorrect key Ender Guardian.Guardian's area attack Hp Damage was corrected from null to its default, 0.08. 
[29Mar2026 02:51:43.232] [main/WARN] [net.minecraftforge.common.ForgeConfigSpec/CORE]: Incorrect key Ender Guardian.EnderGuardianBlockBreaking X was corrected from null to its default, 15. 
[29Mar2026 02:51:43.232] [main/WARN] [net.minecraftforge.common.ForgeConfigSpec/CORE]: Incorrect key Ender Guardian.EnderGuardianBlockBreaking Y was corrected from null to its default, 2. 
[29Mar2026 02:51:43.233] [main/WARN] [net.minecraftforge.common.ForgeConfigSpec/CORE]: Incorrect key Ender Guardian.EnderGuardianBlockBreaking Z was corrected from null to its default, 15. 
[29Mar2026 02:51:43.233] [main/WARN] [net.minecraftforge.common.ForgeConfigSpec/CORE]: Incorrect key Netherite Monstrosity was corrected from null to its default, SimpleCommentedConfig:{}. 
[29Mar2026 02:51:43.233] [main/WARN] [net.minecraftforge.common.ForgeConfigSpec/CORE]: Incorrect key Netherite Monstrosity.LavabombMagazine was corrected from null to its default, 3. 
[29Mar2026 02:51:43.233] [main/WARN] [net.minecraftforge.common.ForgeConfigSpec/CORE]: Incorrect key Netherite Monstrosity.Lavabombamount was corrected from null to its default, 3. 
[29Mar2026 02:51:43.234] [main/WARN] [net.minecraftforge.common.ForgeConfigSpec/CORE]: Incorrect key Netherite Monstrosity.LavaBombDuration was corrected from null to its default, 350. 
[29Mar2026 02:51:43.234] [main/WARN] [net.minecraftforge.common.ForgeConfigSpec/CORE]: Incorrect key Netherite Monstrosity.LavaBombRandomDuration was corrected from null to its default, 150. 
[29Mar2026 02:51:43.234] [main/WARN] [net.minecraftforge.common.ForgeConfigSpec/CORE]: Incorrect key Netherite Monstrosity.MonstrosityHealthMultiplier was corrected from null to its default, 1.0. 
[29Mar2026 02:51:43.234] [main/WARN] [net.minecraftforge.common.ForgeConfigSpec/CORE]: Incorrect key Netherite Monstrosity.MonstrosityDamageMultiplier was corrected from null to its default, 1.0. 
[29Mar2026 02:51:43.234] [main/WARN] [net.minecraftforge.common.ForgeConfigSpec/CORE]: Incorrect key Netherite Monstrosity.MonstrosityHealingMultiplier was corrected from null to its default, 1.0. 
[29Mar2026 02:51:43.234] [main/WARN] [net.minecraftforge.common.ForgeConfigSpec/CORE]: Incorrect key Netherite Monstrosity.MonstrosityNatureHealing was corrected from null to its default, 20.0. 
[29Mar2026 02:51:43.234] [main/WARN] [net.minecraftforge.common.ForgeConfigSpec/CORE]: Incorrect key Netherite Monstrosity.MonstrosityDamageCap was corrected from null to its default, 22.0. 
[29Mar2026 02:51:43.234] [main/WARN] [net.minecraftforge.common.ForgeConfigSpec/CORE]: Incorrect key Netherite Monstrosity.MonstrosityDamageTime was corrected from null to its default, 10. 
[29Mar2026 02:51:43.234] [main/WARN] [net.minecraftforge.common.ForgeConfigSpec/CORE]: Incorrect key Netherite Monstrosity.NetheritemonstrosityBodyBloking was corrected from null to its default, true. 
[29Mar2026 02:51:43.234] [main/WARN] [net.minecraftforge.common.ForgeConfigSpec/CORE]: Incorrect key Netherite Monstrosity.Monstrosity's attack Hp Damage was corrected from null to its default, 0.08. 
[29Mar2026 02:51:43.234] [main/WARN] [net.minecraftforge.common.ForgeConfigSpec/CORE]: Incorrect key Netherite Monstrosity.Monstrosity's prevent attacks from far away Range was corrected from null to its default, 18.0. 
[29Mar2026 02:51:43.235] [main/WARN] [net.minecraftforge.common.ForgeConfigSpec/CORE]: Incorrect key Netherite Monstrosity.monstrosityBlockBreaking was corrected from null to its default, true. 
[29Mar2026 02:51:43.235] [main/WARN] [net.minecraftforge.common.ForgeConfigSpec/CORE]: Incorrect key Ender Golem was corrected from null to its default, SimpleCommentedConfig:{}. 
[29Mar2026 02:51:43.235] [main/WARN] [net.minecraftforge.common.ForgeConfigSpec/CORE]: Incorrect key Ender Golem.EndergolemBlockBreaking was corrected from null to its default, false. 
[29Mar2026 02:51:43.235] [main/WARN] [net.minecraftforge.common.ForgeConfigSpec/CORE]: Incorrect key Ender Golem.Endergolem's prevent attacks from far away Range was corrected from null to its default, 6.0. 
[29Mar2026 02:51:43.236] [main/WARN] [net.minecraftforge.common.ForgeConfigSpec/CORE]: Incorrect key Ender Golem.GolemHealthMultiplier was corrected from null to its default, 1.0. 
[29Mar2026 02:51:43.236] [main/WARN] [net.minecraftforge.common.ForgeConfigSpec/CORE]: Incorrect key Ender Golem.GolemDamageMultiplier was corrected from null to its default, 1.0. 
[29Mar2026 02:51:43.238] [main/WARN] [net.minecraftforge.common.ForgeConfigSpec/CORE]: Incorrect key Ignis was corrected from null to its default, SimpleCommentedConfig:{}. 
[29Mar2026 02:51:43.238] [main/WARN] [net.minecraftforge.common.ForgeConfigSpec/CORE]: Incorrect key Ignis.IgnisHealthMultiplier was corrected from null to its default, 1.0. 
[29Mar2026 02:51:43.238] [main/WARN] [net.minecraftforge.common.ForgeConfigSpec/CORE]: Incorrect key Ignis.IgnisDamageMultiplier was corrected from null to its default, 1.0. 
[29Mar2026 02:51:43.238] [main/WARN] [net.minecraftforge.common.ForgeConfigSpec/CORE]: Incorrect key Ignis.IgnisNatureHealing was corrected from null to its default, 20.0. 
[29Mar2026 02:51:43.238] [main/WARN] [net.minecraftforge.common.ForgeConfigSpec/CORE]: Incorrect key Ignis.IgnisHealingMultiplier was corrected from null to its default, 1.0. 
[29Mar2026 02:51:43.238] [main/WARN] [net.minecraftforge.common.ForgeConfigSpec/CORE]: Incorrect key Ignis.Ignis's prevent attacks from far away Range was corrected from null to its default, 15.0. 
[29Mar2026 02:51:43.238] [main/WARN] [net.minecraftforge.common.ForgeConfigSpec/CORE]: Incorrect key Ignis.IgnisDamageCap was corrected from null to its default, 20.0. 
[29Mar2026 02:51:43.238] [main/WARN] [net.minecraftforge.common.ForgeConfigSpec/CORE]: Incorrect key Ignis.IgnisDamageTime was corrected from null to its default, 15. 
[29Mar2026 02:51:43.239] [main/WARN] [net.minecraftforge.common.ForgeConfigSpec/CORE]: Incorrect key Ignis.IgnisBlockBreaking was corrected from null to its default, true. 
[29Mar2026 02:51:43.239] [main/WARN] [net.minecraftforge.common.ForgeConfigSpec/CORE]: Incorrect key revenant was corrected from null to its default, SimpleCommentedConfig:{}. 
[29Mar2026 02:51:43.239] [main/WARN] [net.minecraftforge.common.ForgeConfigSpec/CORE]: Incorrect key revenant.RevenantHealthMultiplier was corrected from null to its default, 1.0. 
[29Mar2026 02:51:43.239] [main/WARN] [net.minecraftforge.common.ForgeConfigSpec/CORE]: Incorrect key revenant.RevenantDamageMultiplier was corrected from null to its default, 1.0. 
[29Mar2026 02:51:43.242] [main/WARN] [net.minecraftforge.common.ForgeConfigSpec/CORE]: Incorrect key The Prowler was corrected from null to its default, SimpleCommentedConfig:{}. 
[29Mar2026 02:51:43.242] [main/WARN] [net.minecraftforge.common.ForgeConfigSpec/CORE]: Incorrect key The Prowler.The Prowler's prevent attacks from far away Range was corrected from null to its default, 16.0. 
[29Mar2026 02:51:43.242] [main/WARN] [net.minecraftforge.common.ForgeConfigSpec/CORE]: Incorrect key The Prowler.ProwlerHealthMultiplier was corrected from null to its default, 1.0. 
[29Mar2026 02:51:43.243] [main/WARN] [net.minecraftforge.common.ForgeConfigSpec/CORE]: Incorrect key The Prowler.ProwlerDamageMultiplier was corrected from null to its default, 1.0. 
[29Mar2026 02:51:43.243] [main/WARN] [net.minecraftforge.common.ForgeConfigSpec/CORE]: Incorrect key The Harbinger was corrected from null to its default, SimpleCommentedConfig:{}. 
[29Mar2026 02:51:43.243] [main/WARN] [net.minecraftforge.common.ForgeConfigSpec/CORE]: Incorrect key The Harbinger.HarbingerHealthMultiplier was corrected from null to its default, 1.0. 
[29Mar2026 02:51:43.243] [main/WARN] [net.minecraftforge.common.ForgeConfigSpec/CORE]: Incorrect key The Harbinger.HarbingerDamageMultiplier was corrected from null to its default, 1.0. 
[29Mar2026 02:51:43.244] [main/WARN] [net.minecraftforge.common.ForgeConfigSpec/CORE]: Incorrect key The Harbinger.HarbingerHealingMultiplier was corrected from null to its default, 1.0. 
[29Mar2026 02:51:43.244] [main/WARN] [net.minecraftforge.common.ForgeConfigSpec/CORE]: Incorrect key The Harbinger.Harbinger's WitherMissiledamage was corrected from null to its default, 8.0. 
[29Mar2026 02:51:43.244] [main/WARN] [net.minecraftforge.common.ForgeConfigSpec/CORE]: Incorrect key The Harbinger.Harbinger's laser damage was corrected from null to its default, 5.0. 
[29Mar2026 02:51:43.244] [main/WARN] [net.minecraftforge.common.ForgeConfigSpec/CORE]: Incorrect key The Harbinger.The Harbinger's prevent attacks from far away Range was corrected from null to its default, 35.0. 
[29Mar2026 02:51:43.244] [main/WARN] [net.minecraftforge.common.ForgeConfigSpec/CORE]: Incorrect key The Harbinger.The Harbinger DamageCap was corrected from null to its default, 22.0. 
[29Mar2026 02:51:43.244] [main/WARN] [net.minecraftforge.common.ForgeConfigSpec/CORE]: Incorrect key The Harbinger.The Harbinger DamageTime was corrected from null to its default, 12. 
[29Mar2026 02:51:43.244] [main/WARN] [net.minecraftforge.common.ForgeConfigSpec/CORE]: Incorrect key The Harbinger.The Harbinger Light A Fire was corrected from null to its default, true. 
[29Mar2026 02:51:43.244] [main/WARN] [net.minecraftforge.common.ForgeConfigSpec/CORE]: Incorrect key The Harbinger.The Harbinger's charge attack Hp Damage was corrected from null to its default, 0.06. 
[29Mar2026 02:51:43.245] [main/WARN] [net.minecraftforge.common.ForgeConfigSpec/CORE]: Incorrect key The Leviathan was corrected from null to its default, SimpleCommentedConfig:{}. 
[29Mar2026 02:51:43.245] [main/WARN] [net.minecraftforge.common.ForgeConfigSpec/CORE]: Incorrect key The Leviathan.LeviathanHealthMultiplier was corrected from null to its default, 1.0. 
[29Mar2026 02:51:43.245] [main/WARN] [net.minecraftforge.common.ForgeConfigSpec/CORE]: Incorrect key The Leviathan.LeviathanDamageMultiplier was corrected from null to its default, 1.0. 
[29Mar2026 02:51:43.245] [main/WARN] [net.minecraftforge.common.ForgeConfigSpec/CORE]: Incorrect key The Leviathan.LeviathanNatureHealing was corrected from null to its default, 20.0. 
[29Mar2026 02:51:43.245] [main/WARN] [net.minecraftforge.common.ForgeConfigSpec/CORE]: Incorrect key The Leviathan.Leviathan's prevent attacks from far away Range was corrected from null to its default, 38.0. 
[29Mar2026 02:51:43.245] [main/WARN] [net.minecraftforge.common.ForgeConfigSpec/CORE]: Incorrect key The Leviathan.Leviathan's Bite Hp Damage was corrected from null to its default, 0.1. 
[29Mar2026 02:51:43.246] [main/WARN] [net.minecraftforge.common.ForgeConfigSpec/CORE]: Incorrect key The Leviathan.Leviathan's Rush Hp Damage was corrected from null to its default, 0.05. 
[29Mar2026 02:51:43.246] [main/WARN] [net.minecraftforge.common.ForgeConfigSpec/CORE]: Incorrect key The Leviathan.Leviathan's TailSwing Hp Damage was corrected from null to its default, 0.08. 
[29Mar2026 02:51:43.246] [main/WARN] [net.minecraftforge.common.ForgeConfigSpec/CORE]: Incorrect key The Leviathan.Leviathan's Tentacle Hp Damage was corrected from null to its default, 0.03. 
[29Mar2026 02:51:43.246] [main/WARN] [net.minecraftforge.common.ForgeConfigSpec/CORE]: Incorrect key The Leviathan.LeviathanDamageCap was corrected from null to its default, 20.0. 
[29Mar2026 02:51:43.246] [main/WARN] [net.minecraftforge.common.ForgeConfigSpec/CORE]: Incorrect key The Leviathan.Leviathan DamageTime was corrected from null to its default, 15. 
[29Mar2026 02:51:43.246] [main/WARN] [net.minecraftforge.common.ForgeConfigSpec/CORE]: Incorrect key The Leviathan.LeviathanBlockBreaking was corrected from null to its default, true. 
[29Mar2026 02:51:43.246] [main/WARN] [net.minecraftforge.common.ForgeConfigSpec/CORE]: Incorrect key The Leviathan.LeviathanImmuneOutofWater was corrected from null to its default, true. 
[29Mar2026 02:51:43.247] [main/WARN] [net.minecraftforge.common.ForgeConfigSpec/CORE]: Incorrect key The Baby Leviathan was corrected from null to its default, SimpleCommentedConfig:{}. 
[29Mar2026 02:51:43.247] [main/WARN] [net.minecraftforge.common.ForgeConfigSpec/CORE]: Incorrect key The Baby Leviathan.BabyLeviathanHealthMultiplier was corrected from null to its default, 1.0. 
[29Mar2026 02:51:43.247] [main/WARN] [net.minecraftforge.common.ForgeConfigSpec/CORE]: Incorrect key The Baby Leviathan.BabyLeviathanDamageMultiplier was corrected from null to its default, 1.0. 
[29Mar2026 02:51:43.248] [main/WARN] [net.minecraftforge.common.ForgeConfigSpec/CORE]: Incorrect key Modern Remnant was corrected from null to its default, SimpleCommentedConfig:{}. 
[29Mar2026 02:51:43.248] [main/WARN] [net.minecraftforge.common.ForgeConfigSpec/CORE]: Incorrect key Modern Remnant.ModernRemnantHealthMultiplier was corrected from null to its default, 1.0. 
[29Mar2026 02:51:43.248] [main/WARN] [net.minecraftforge.common.ForgeConfigSpec/CORE]: Incorrect key Modern Remnant.ModernRemnantDamageMultiplier was corrected from null to its default, 1.0. 
[29Mar2026 02:51:43.249] [main/WARN] [net.minecraftforge.common.ForgeConfigSpec/CORE]: Incorrect key Netherite Ministrosity was corrected from null to its default, SimpleCommentedConfig:{}. 
[29Mar2026 02:51:43.249] [main/WARN] [net.minecraftforge.common.ForgeConfigSpec/CORE]: Incorrect key Netherite Ministrosity.MinistrosityHealthMultiplier was corrected from null to its default, 1.0. 
[29Mar2026 02:51:43.250] [main/WARN] [net.minecraftforge.common.ForgeConfigSpec/CORE]: Incorrect key Amethyst Crab was corrected from null to its default, SimpleCommentedConfig:{}. 
[29Mar2026 02:51:43.250] [main/WARN] [net.minecraftforge.common.ForgeConfigSpec/CORE]: Incorrect key Amethyst Crab.AmethystCrabHealthMultiplier was corrected from null to its default, 1.0. 
[29Mar2026 02:51:43.250] [main/WARN] [net.minecraftforge.common.ForgeConfigSpec/CORE]: Incorrect key Amethyst Crab.AmethystCrabEarthQuakeDamage was corrected from null to its default, 5.0. 
[29Mar2026 02:51:43.250] [main/WARN] [net.minecraftforge.common.ForgeConfigSpec/CORE]: Incorrect key Amethyst Crab.AmethystCrabDamageMultiplier was corrected from null to its default, 1.0. 
[29Mar2026 02:51:43.251] [main/WARN] [net.minecraftforge.common.ForgeConfigSpec/CORE]: Incorrect key Ancient Remnant was corrected from null to its default, SimpleCommentedConfig:{}. 
[29Mar2026 02:51:43.251] [main/WARN] [net.minecraftforge.common.ForgeConfigSpec/CORE]: Incorrect key Ancient Remnant.AncientRemnantHealthMultiplier was corrected from null to its default, 1.0. 
[29Mar2026 02:51:43.251] [main/WARN] [net.minecraftforge.common.ForgeConfigSpec/CORE]: Incorrect key Ancient Remnant.AncientRemnantDamageMultiplier was corrected from null to its default, 1.0. 
[29Mar2026 02:51:43.251] [main/WARN] [net.minecraftforge.common.ForgeConfigSpec/CORE]: Incorrect key Ancient Remnant.AncientRemnantNatureHealing was corrected from null to its default, 20.0. 
[29Mar2026 02:51:43.251] [main/WARN] [net.minecraftforge.common.ForgeConfigSpec/CORE]: Incorrect key Ancient Remnant.Ancient Remnant's prevent attacks from far away Range was corrected from null to its default, 14.0. 
[29Mar2026 02:51:43.251] [main/WARN] [net.minecraftforge.common.ForgeConfigSpec/CORE]: Incorrect key Ancient Remnant.AncientRemnantCap was corrected from null to its default, 21.0. 
[29Mar2026 02:51:43.251] [main/WARN] [net.minecraftforge.common.ForgeConfigSpec/CORE]: Incorrect key Ancient Remnant.Ancient Remnant DamageTime was corrected from null to its default, 12. 
[29Mar2026 02:51:43.252] [main/WARN] [net.minecraftforge.common.ForgeConfigSpec/CORE]: Incorrect key Ancient Remnant.AncientRemnantBlockBreaking was corrected from null to its default, true. 
[29Mar2026 02:51:43.252] [main/WARN] [net.minecraftforge.common.ForgeConfigSpec/CORE]: Incorrect key Ancient Remnant.Remnant's Charge Hp Damage was corrected from null to its default, 0.1. 
[29Mar2026 02:51:43.252] [main/WARN] [net.minecraftforge.common.ForgeConfigSpec/CORE]: Incorrect key Ancient Remnant.Remnant's Normal attack Hp Damage was corrected from null to its default, 0.05. 
[29Mar2026 02:51:43.252] [main/WARN] [net.minecraftforge.common.ForgeConfigSpec/CORE]: Incorrect key Ancient Remnant.Remnant's Stomp Hp Damage was corrected from null to its default, 0.03. 
[29Mar2026 02:51:43.252] [main/WARN] [net.minecraftforge.common.ForgeConfigSpec/CORE]: Incorrect key Ancient Remnant.Remnant's EarthQuakeDamage was corrected from null to its default, 11.0. 
[29Mar2026 02:51:43.253] [main/WARN] [net.minecraftforge.common.ForgeConfigSpec/CORE]: Incorrect key Koboleton was corrected from null to its default, SimpleCommentedConfig:{}. 
[29Mar2026 02:51:43.253] [main/WARN] [net.minecraftforge.common.ForgeConfigSpec/CORE]: Incorrect key Koboleton.CauseKoboletontoDropItemInHandPercent was corrected from null to its default, 5.0. 
[29Mar2026 02:51:43.254] [main/WARN] [net.minecraftforge.common.ForgeConfigSpec/CORE]: Incorrect key Kobolediator was corrected from null to its default, SimpleCommentedConfig:{}. 
[29Mar2026 02:51:43.254] [main/WARN] [net.minecraftforge.common.ForgeConfigSpec/CORE]: Incorrect key Kobolediator.KobolediatorBlockBreaking was corrected from null to its default, false. 
[29Mar2026 02:51:43.254] [main/WARN] [net.minecraftforge.common.ForgeConfigSpec/CORE]: Incorrect key Kobolediator.KobolediatorHealthMultiplier was corrected from null to its default, 1.0. 
[29Mar2026 02:51:43.254] [main/WARN] [net.minecraftforge.common.ForgeConfigSpec/CORE]: Incorrect key Kobolediator.KobolediatorDamageMultiplier was corrected from null to its default, 1.0. 
[29Mar2026 02:51:43.255] [main/WARN] [net.minecraftforge.common.ForgeConfigSpec/CORE]: Incorrect key Wadjet was corrected from null to its default, SimpleCommentedConfig:{}. 
[29Mar2026 02:51:43.255] [main/WARN] [net.minecraftforge.common.ForgeConfigSpec/CORE]: Incorrect key Wadjet.WadjetHealthMultiplier was corrected from null to its default, 1.0. 
[29Mar2026 02:51:43.255] [main/WARN] [net.minecraftforge.common.ForgeConfigSpec/CORE]: Incorrect key Wadjet.WadjetDamageMultiplier was corrected from null to its default, 1.0. 
[29Mar2026 02:51:43.256] [main/WARN] [net.minecraftforge.common.ForgeConfigSpec/CORE]: Incorrect key Aptrgangr was corrected from null to its default, SimpleCommentedConfig:{}. 
[29Mar2026 02:51:43.256] [main/WARN] [net.minecraftforge.common.ForgeConfigSpec/CORE]: Incorrect key Aptrgangr.AptrgangrHealthMultiplier was corrected from null to its default, 1.0. 
[29Mar2026 02:51:43.256] [main/WARN] [net.minecraftforge.common.ForgeConfigSpec/CORE]: Incorrect key Aptrgangr.AptrgangrDamageMultiplier was corrected from null to its default, 1.0. 
[29Mar2026 02:51:43.256] [main/WARN] [net.minecraftforge.common.ForgeConfigSpec/CORE]: Incorrect key Aptrgangr.AptrgangrAxeBladeDamage was corrected from null to its default, 8.0. 
[29Mar2026 02:51:43.257] [main/WARN] [net.minecraftforge.common.ForgeConfigSpec/CORE]: Incorrect key Maledictus was corrected from null to its default, SimpleCommentedConfig:{}. 
[29Mar2026 02:51:43.257] [main/WARN] [net.minecraftforge.common.ForgeConfigSpec/CORE]: Incorrect key Maledictus.MaledictusHealthMultiplier was corrected from null to its default, 1.0. 
[29Mar2026 02:51:43.257] [main/WARN] [net.minecraftforge.common.ForgeConfigSpec/CORE]: Incorrect key Maledictus.MaledictusDamageMultiplier was corrected from null to its default, 1.0. 
[29Mar2026 02:51:43.258] [main/WARN] [net.minecraftforge.common.ForgeConfigSpec/CORE]: Incorrect key Maledictus.Maledictus's prevent attacks from far away Range was corrected from null to its default, 12.0. 
[29Mar2026 02:51:43.258] [main/WARN] [net.minecraftforge.common.ForgeConfigSpec/CORE]: Incorrect key Maledictus.MaledictusNatureHealing was corrected from null to its default, 20.0. 
[29Mar2026 02:51:43.258] [main/WARN] [net.minecraftforge.common.ForgeConfigSpec/CORE]: Incorrect key Maledictus.Maledictus' Phantom Halberd Damage' was corrected from null to its default, 13.0. 
[29Mar2026 02:51:43.258] [main/WARN] [net.minecraftforge.common.ForgeConfigSpec/CORE]: Incorrect key Maledictus.MaledictusDamageCap was corrected from null to its default, 20.0. 
[29Mar2026 02:51:43.258] [main/WARN] [net.minecraftforge.common.ForgeConfigSpec/CORE]: Incorrect key Maledictus.Maledictus DamageTime was corrected from null to its default, 30. 
[29Mar2026 02:51:43.258] [main/WARN] [net.minecraftforge.common.ForgeConfigSpec/CORE]: Incorrect key Maledictus.Maledictus's melee Hp Damage was corrected from null to its default, 0.05. 
[29Mar2026 02:51:43.258] [main/WARN] [net.minecraftforge.common.ForgeConfigSpec/CORE]: Incorrect key Maledictus.Maledictus's Shock Wave Hp Damage was corrected from null to its default, 0.03. 
[29Mar2026 02:51:43.258] [main/WARN] [net.minecraftforge.common.ForgeConfigSpec/CORE]: Incorrect key Maledictus.Maledictus's AOE Hp Damage was corrected from null to its default, 0.15. 
[29Mar2026 02:51:43.259] [main/WARN] [net.minecraftforge.common.ForgeConfigSpec/CORE]: Incorrect key Maledictus.Maledictus's Flying Smash Hp Damage was corrected from null to its default, 0.1. 
[29Mar2026 02:51:43.259] [main/WARN] [net.minecraftforge.common.ForgeConfigSpec/CORE]: Incorrect key Maledictus.Maledictus's Jump Smash Hp Damage was corrected from null to its default, 0.08. 
[29Mar2026 02:51:43.259] [main/WARN] [net.minecraftforge.common.ForgeConfigSpec/CORE]: Incorrect key Maledictus.Maledictus's Phantom Arrow Damage was corrected from null to its default, 5.0. 
[29Mar2026 02:51:43.259] [main/WARN] [net.minecraftforge.common.ForgeConfigSpec/CORE]: Incorrect key Maledictus.MaledictusBlockBreaking was corrected from null to its default, true. 
[29Mar2026 02:51:43.260] [main/WARN] [net.minecraftforge.common.ForgeConfigSpec/CORE]: Incorrect key spawning was corrected from null to its default, SimpleCommentedConfig:{}. 
[29Mar2026 02:51:43.260] [main/WARN] [net.minecraftforge.common.ForgeConfigSpec/CORE]: Incorrect key spawning.DeeplingSpawnWeight was corrected from null to its default, 2. 
[29Mar2026 02:51:43.260] [main/WARN] [net.minecraftforge.common.ForgeConfigSpec/CORE]: Incorrect key spawning.DeeplingSpawnRolls was corrected from null to its default, 30. 
[29Mar2026 02:51:43.260] [main/WARN] [net.minecraftforge.common.ForgeConfigSpec/CORE]: Incorrect key spawning.DeeplingBruteSpawnWeight was corrected from null to its default, 1. 
[29Mar2026 02:51:43.260] [main/WARN] [net.minecraftforge.common.ForgeConfigSpec/CORE]: Incorrect key spawning.DeeplingBruteSpawnRolls was corrected from null to its default, 50. 
[29Mar2026 02:51:43.260] [main/WARN] [net.minecraftforge.common.ForgeConfigSpec/CORE]: Incorrect key spawning.DeeplingAnglerSpawnWeight was corrected from null to its default, 2. 
[29Mar2026 02:51:43.260] [main/WARN] [net.minecraftforge.common.ForgeConfigSpec/CORE]: Incorrect key spawning.DeeplingAnglerSpawnRolls was corrected from null to its default, 30. 
[29Mar2026 02:51:43.260] [main/WARN] [net.minecraftforge.common.ForgeConfigSpec/CORE]: Incorrect key spawning.DeeplingPriestSpawnWeight was corrected from null to its default, 1. 
[29Mar2026 02:51:43.261] [main/WARN] [net.minecraftforge.common.ForgeConfigSpec/CORE]: Incorrect key spawning.DeeplingPriestSpawnRolls was corrected from null to its default, 70. 
[29Mar2026 02:51:43.261] [main/WARN] [net.minecraftforge.common.ForgeConfigSpec/CORE]: Incorrect key spawning.DeeplingWarlockSpawnWeight was corrected from null to its default, 1. 
[29Mar2026 02:51:43.261] [main/WARN] [net.minecraftforge.common.ForgeConfigSpec/CORE]: Incorrect key spawning.DeeplingWarlockSpawnRolls was corrected from null to its default, 70. 
[29Mar2026 02:51:43.261] [main/WARN] [net.minecraftforge.common.ForgeConfigSpec/CORE]: Incorrect key spawning.CoralgolemSpawnWeight was corrected from null to its default, 1. 
[29Mar2026 02:51:43.261] [main/WARN] [net.minecraftforge.common.ForgeConfigSpec/CORE]: Incorrect key spawning.CoralgolemSpawnRolls was corrected from null to its default, 70. 
[29Mar2026 02:51:43.261] [main/WARN] [net.minecraftforge.common.ForgeConfigSpec/CORE]: Incorrect key spawning.AmethystCrabSpawnWeight was corrected from null to its default, 1. 
[29Mar2026 02:51:43.261] [main/WARN] [net.minecraftforge.common.ForgeConfigSpec/CORE]: Incorrect key spawning.AmethystCrabSpawnRolls was corrected from null to its default, 20. 
[29Mar2026 02:51:43.261] [main/WARN] [net.minecraftforge.common.ForgeConfigSpec/CORE]: Incorrect key spawning.KoboletonSpawnWeight was corrected from null to its default, 15. 
[29Mar2026 02:51:43.261] [main/WARN] [net.minecraftforge.common.ForgeConfigSpec/CORE]: Incorrect key spawning.KoboletonSpawnRolls was corrected from null to its default, 1. 
[29Mar2026 02:51:43.261] [main/WARN] [net.minecraftforge.common.ForgeConfigSpec/CORE]: Incorrect key spawning.IgnitedBerserkerSpawnWeight was corrected from null to its default, 5. 
[29Mar2026 02:51:43.261] [main/WARN] [net.minecraftforge.common.ForgeConfigSpec/CORE]: Incorrect key spawning.IgnitedBerserkerSpawnRolls was corrected from null to its default, 2. 
[29Mar2026 02:51:43.262] [main/WARN] [net.minecraftforge.common.ForgeConfigSpec/CORE]: Incorrect key World Generation was corrected from null to its default, SimpleCommentedConfig:{}. 
[29Mar2026 02:51:43.262] [main/WARN] [net.minecraftforge.common.ForgeConfigSpec/CORE]: Incorrect key World Generation.cursedPyramidCheckRange was corrected from null to its default, 2. 
[29Mar2026 02:51:43.262] [main/WARN] [net.minecraftforge.common.ForgeConfigSpec/CORE]: Incorrect key World Generation.cursedPyramidHeightVariance was corrected from null to its default, 2. 
[29Mar2026 02:51:43.278] [main/WARN] [net.minecraftforge.common.ForgeConfigSpec/CORE]: Configuration file /workspaces/MC_Tomate/servidor_minecraft/config/curios-common.toml is not correct. Correcting
[29Mar2026 02:51:43.279] [main/WARN] [net.minecraftforge.common.ForgeConfigSpec/CORE]: Incorrect key slots was corrected from null to its default, []. 
[29Mar2026 02:51:43.281] [main/WARN] [net.minecraftforge.common.ForgeConfigSpec/CORE]: Configuration file /workspaces/MC_Tomate/servidor_minecraft/config/CoroUtil/General.toml is not correct. Correcting
[29Mar2026 02:51:43.282] [main/WARN] [net.minecraftforge.common.ForgeConfigSpec/CORE]: Incorrect key general was corrected from null to its default, SimpleCommentedConfig:{}. 
[29Mar2026 02:51:43.282] [main/WARN] [net.minecraftforge.common.ForgeConfigSpec/CORE]: Incorrect key general.useLoggingLog was corrected from null to its default, true. 
[29Mar2026 02:51:43.283] [main/WARN] [net.minecraftforge.common.ForgeConfigSpec/CORE]: Incorrect key general.useLoggingDebug was corrected from null to its default, false. 
[29Mar2026 02:51:43.283] [main/WARN] [net.minecraftforge.common.ForgeConfigSpec/CORE]: Incorrect key general.useLoggingError was corrected from null to its default, true. 
[29Mar2026 02:51:43.285] [main/WARN] [net.minecraftforge.common.ForgeConfigSpec/CORE]: Configuration file /workspaces/MC_Tomate/servidor_minecraft/config/chimes-common.toml is not correct. Correcting
[29Mar2026 02:51:43.286] [main/WARN] [net.minecraftforge.common.ForgeConfigSpec/CORE]: Incorrect key Chimes Config was corrected from null to its default, SimpleCommentedConfig:{}. 
[29Mar2026 02:51:43.286] [main/WARN] [net.minecraftforge.common.ForgeConfigSpec/CORE]: Incorrect key Chimes Config.Phantom Repel Radius Vertical was corrected from null to its default, 25. 
[29Mar2026 02:51:43.286] [main/WARN] [net.minecraftforge.common.ForgeConfigSpec/CORE]: Incorrect key Chimes Config.Phantom Repel Radius Horizontal was corrected from null to its default, 10. 
[29Mar2026 02:51:43.298] [main/WARN] [net.minecraftforge.common.ForgeConfigSpec/CORE]: Configuration file /workspaces/MC_Tomate/servidor_minecraft/config/cosmeticarmorreworked-common.toml is not correct. Correcting
[29Mar2026 02:51:43.298] [main/WARN] [net.minecraftforge.common.ForgeConfigSpec/CORE]: Incorrect key Common was corrected from null to its default, SimpleCommentedConfig:{}. 
[29Mar2026 02:51:43.298] [main/WARN] [net.minecraftforge.common.ForgeConfigSpec/CORE]: Incorrect key Common.CosArmorKeepThroughDeath was corrected from null to its default, false. 
[29Mar2026 02:51:43.298] [main/WARN] [net.minecraftforge.common.ForgeConfigSpec/CORE]: Incorrect key Common.CosArmorDisableRecipeBook was corrected from null to its default, false. 
[29Mar2026 02:51:43.298] [main/WARN] [net.minecraftforge.common.ForgeConfigSpec/CORE]: Incorrect key Common.CosArmorDisableCosHatCommand was corrected from null to its default, false. 
[29Mar2026 02:51:43.300] [main/WARN] [net.minecraftforge.common.ForgeConfigSpec/CORE]: Configuration file /workspaces/MC_Tomate/servidor_minecraft/config/Obscuria/aquamirae-common.toml is not correct. Correcting
[29Mar2026 02:51:43.300] [main/WARN] [net.minecraftforge.common.ForgeConfigSpec/CORE]: Incorrect key General was corrected from null to its default, SimpleCommentedConfig:{}. 
[29Mar2026 02:51:43.300] [main/WARN] [net.minecraftforge.common.ForgeConfigSpec/CORE]: Incorrect key General.chatNotifications was corrected from null to its default, true. 
[29Mar2026 02:51:43.300] [main/WARN] [net.minecraftforge.common.ForgeConfigSpec/CORE]: Incorrect key Mobs was corrected from null to its default, SimpleCommentedConfig:{}. 
[29Mar2026 02:51:43.300] [main/WARN] [net.minecraftforge.common.ForgeConfigSpec/CORE]: Incorrect key Mobs.GhostOfCaptainCornelia was corrected from null to its default, SimpleCommentedConfig:{}. 
[29Mar2026 02:51:43.301] [main/WARN] [net.minecraftforge.common.ForgeConfigSpec/CORE]: Incorrect key Mobs.GhostOfCaptainCornelia.movementSpeed was corrected from null to its default, 0.2. 
[29Mar2026 02:51:43.301] [main/WARN] [net.minecraftforge.common.ForgeConfigSpec/CORE]: Incorrect key Mobs.GhostOfCaptainCornelia.maxHealth was corrected from null to its default, 200.0. 
[29Mar2026 02:51:43.301] [main/WARN] [net.minecraftforge.common.ForgeConfigSpec/CORE]: Incorrect key Mobs.GhostOfCaptainCornelia.armor was corrected from null to its default, 16.0. 
[29Mar2026 02:51:43.301] [main/WARN] [net.minecraftforge.common.ForgeConfigSpec/CORE]: Incorrect key Mobs.GhostOfCaptainCornelia.attackDamage was corrected from null to its default, 1.0. 
[29Mar2026 02:51:43.301] [main/WARN] [net.minecraftforge.common.ForgeConfigSpec/CORE]: Incorrect key Mobs.GhostOfCaptainCornelia.knockbackResistance was corrected from null to its default, 0.5. 
[29Mar2026 02:51:43.301] [main/WARN] [net.minecraftforge.common.ForgeConfigSpec/CORE]: Incorrect key Mobs.GhostOfCaptainCornelia.attackKnockback was corrected from null to its default, 2.0. 
[29Mar2026 02:51:43.301] [main/WARN] [net.minecraftforge.common.ForgeConfigSpec/CORE]: Incorrect key Mobs.GhostOfCaptainCornelia.followRange was corrected from null to its default, 128.0. 
[29Mar2026 02:51:43.301] [main/WARN] [net.minecraftforge.common.ForgeConfigSpec/CORE]: Incorrect key Mobs.GhostOfCaptainCornelia.pullAndSpinTargets was corrected from null to its default, true. 
[29Mar2026 02:51:43.301] [main/WARN] [net.minecraftforge.common.ForgeConfigSpec/CORE]: Incorrect key Mobs.GhostOfCaptainCornelia.regenerationSkillUses was corrected from null to its default, 2. 
[29Mar2026 02:51:43.301] [main/WARN] [net.minecraftforge.common.ForgeConfigSpec/CORE]: Incorrect key Mobs.Anglerfish was corrected from null to its default, SimpleCommentedConfig:{}. 
[29Mar2026 02:51:43.302] [main/WARN] [net.minecraftforge.common.ForgeConfigSpec/CORE]: Incorrect key Mobs.Anglerfish.swimSpeed was corrected from null to its default, 3.0. 
[29Mar2026 02:51:43.302] [main/WARN] [net.minecraftforge.common.ForgeConfigSpec/CORE]: Incorrect key Mobs.Anglerfish.maxHealth was corrected from null to its default, 40.0. 
[29Mar2026 02:51:43.302] [main/WARN] [net.minecraftforge.common.ForgeConfigSpec/CORE]: Incorrect key Mobs.Anglerfish.armor was corrected from null to its default, 2.0. 
[29Mar2026 02:51:43.302] [main/WARN] [net.minecraftforge.common.ForgeConfigSpec/CORE]: Incorrect key Mobs.Anglerfish.knockbackResistance was corrected from null to its default, 0.0. 
[29Mar2026 02:51:43.302] [main/WARN] [net.minecraftforge.common.ForgeConfigSpec/CORE]: Incorrect key Mobs.Anglerfish.attackDamage was corrected from null to its default, 6.0. 
[29Mar2026 02:51:43.302] [main/WARN] [net.minecraftforge.common.ForgeConfigSpec/CORE]: Incorrect key Mobs.Anglerfish.attackKnockback was corrected from null to its default, 1.0. 
[29Mar2026 02:51:43.302] [main/WARN] [net.minecraftforge.common.ForgeConfigSpec/CORE]: Incorrect key Mobs.Anglerfish.followRange was corrected from null to its default, 48.0. 
[29Mar2026 02:51:43.302] [main/WARN] [net.minecraftforge.common.ForgeConfigSpec/CORE]: Incorrect key Mobs.Maw was corrected from null to its default, SimpleCommentedConfig:{}. 
[29Mar2026 02:51:43.302] [main/WARN] [net.minecraftforge.common.ForgeConfigSpec/CORE]: Incorrect key Mobs.Maw.movementSpeed was corrected from null to its default, 0.2. 
[29Mar2026 02:51:43.302] [main/WARN] [net.minecraftforge.common.ForgeConfigSpec/CORE]: Incorrect key Mobs.Maw.swimSpeed was corrected from null to its default, 5.0. 
[29Mar2026 02:51:43.303] [main/WARN] [net.minecraftforge.common.ForgeConfigSpec/CORE]: Incorrect key Mobs.Maw.maxHealth was corrected from null to its default, 20.0. 
[29Mar2026 02:51:43.303] [main/WARN] [net.minecraftforge.common.ForgeConfigSpec/CORE]: Incorrect key Mobs.Maw.armor was corrected from null to its default, 0.0. 
[29Mar2026 02:51:43.303] [main/WARN] [net.minecraftforge.common.ForgeConfigSpec/CORE]: Incorrect key Mobs.Maw.knockbackResistance was corrected from null to its default, 0.0. 
[29Mar2026 02:51:43.303] [main/WARN] [net.minecraftforge.common.ForgeConfigSpec/CORE]: Incorrect key Mobs.Maw.attackDamage was corrected from null to its default, 4.0. 
[29Mar2026 02:51:43.303] [main/WARN] [net.minecraftforge.common.ForgeConfigSpec/CORE]: Incorrect key Mobs.Maw.attackKnockback was corrected from null to its default, 0.3. 
[29Mar2026 02:51:43.303] [main/WARN] [net.minecraftforge.common.ForgeConfigSpec/CORE]: Incorrect key Mobs.Maw.followRange was corrected from null to its default, 24.0. 
[29Mar2026 02:51:43.303] [main/WARN] [net.minecraftforge.common.ForgeConfigSpec/CORE]: Incorrect key Mobs.TorturedSoul was corrected from null to its default, SimpleCommentedConfig:{}. 
[29Mar2026 02:51:43.303] [main/WARN] [net.minecraftforge.common.ForgeConfigSpec/CORE]: Incorrect key Mobs.TorturedSoul.movementSpeed was corrected from null to its default, 0.2. 
[29Mar2026 02:51:43.303] [main/WARN] [net.minecraftforge.common.ForgeConfigSpec/CORE]: Incorrect key Mobs.TorturedSoul.swimSpeed was corrected from null to its default, 3.0. 
[29Mar2026 02:51:43.303] [main/WARN] [net.minecraftforge.common.ForgeConfigSpec/CORE]: Incorrect key Mobs.TorturedSoul.maxHealth was corrected from null to its default, 30.0. 
[29Mar2026 02:51:43.303] [main/WARN] [net.minecraftforge.common.ForgeConfigSpec/CORE]: Incorrect key Mobs.TorturedSoul.armor was corrected from null to its default, 4.0. 
[29Mar2026 02:51:43.304] [main/WARN] [net.minecraftforge.common.ForgeConfigSpec/CORE]: Incorrect key Mobs.TorturedSoul.knockbackResistance was corrected from null to its default, 0.0. 
[29Mar2026 02:51:43.304] [main/WARN] [net.minecraftforge.common.ForgeConfigSpec/CORE]: Incorrect key Mobs.TorturedSoul.attackDamage was corrected from null to its default, 7.0. 
[29Mar2026 02:51:43.304] [main/WARN] [net.minecraftforge.common.ForgeConfigSpec/CORE]: Incorrect key Mobs.TorturedSoul.attackKnockback was corrected from null to its default, 0.7. 
[29Mar2026 02:51:43.304] [main/WARN] [net.minecraftforge.common.ForgeConfigSpec/CORE]: Incorrect key Mobs.TorturedSoul.followRange was corrected from null to its default, 24.0. 
[29Mar2026 02:51:43.304] [main/WARN] [net.minecraftforge.common.ForgeConfigSpec/CORE]: Incorrect key Mobs.MotherOfTheMaze was corrected from null to its default, SimpleCommentedConfig:{}. 
[29Mar2026 02:51:43.304] [main/WARN] [net.minecraftforge.common.ForgeConfigSpec/CORE]: Incorrect key Mobs.MotherOfTheMaze.swimSpeed was corrected from null to its default, 3.0. 
[29Mar2026 02:51:43.304] [main/WARN] [net.minecraftforge.common.ForgeConfigSpec/CORE]: Incorrect key Mobs.MotherOfTheMaze.maxHealth was corrected from null to its default, 100.0. 
[29Mar2026 02:51:43.304] [main/WARN] [net.minecraftforge.common.ForgeConfigSpec/CORE]: Incorrect key Mobs.MotherOfTheMaze.armor was corrected from null to its default, 6.0. 
[29Mar2026 02:51:43.304] [main/WARN] [net.minecraftforge.common.ForgeConfigSpec/CORE]: Incorrect key Mobs.MotherOfTheMaze.knockbackResistance was corrected from null to its default, 0.2. 
[29Mar2026 02:51:43.304] [main/WARN] [net.minecraftforge.common.ForgeConfigSpec/CORE]: Incorrect key Mobs.MotherOfTheMaze.attackDamage was corrected from null to its default, 5.0. 
[29Mar2026 02:51:43.305] [main/WARN] [net.minecraftforge.common.ForgeConfigSpec/CORE]: Incorrect key Mobs.MotherOfTheMaze.attackKnockback was corrected from null to its default, 0.5. 
[29Mar2026 02:51:43.305] [main/WARN] [net.minecraftforge.common.ForgeConfigSpec/CORE]: Incorrect key Mobs.MotherOfTheMaze.followRange was corrected from null to its default, 128.0. 
[29Mar2026 02:51:43.305] [main/WARN] [net.minecraftforge.common.ForgeConfigSpec/CORE]: Incorrect key Mobs.Eel was corrected from null to its default, SimpleCommentedConfig:{}. 
[29Mar2026 02:51:43.305] [main/WARN] [net.minecraftforge.common.ForgeConfigSpec/CORE]: Incorrect key Mobs.Eel.maxHealth was corrected from null to its default, 180.0. 
[29Mar2026 02:51:43.305] [main/WARN] [net.minecraftforge.common.ForgeConfigSpec/CORE]: Incorrect key Mobs.Eel.armor was corrected from null to its default, 20.0. 
[29Mar2026 02:51:43.305] [main/WARN] [net.minecraftforge.common.ForgeConfigSpec/CORE]: Incorrect key Mobs.Eel.attackDamage was corrected from null to its default, 8.0. 
[29Mar2026 02:51:43.305] [main/WARN] [net.minecraftforge.common.ForgeConfigSpec/CORE]: Incorrect key Mobs.Eel.attackKnockback was corrected from null to its default, 2.0. 
[29Mar2026 02:51:43.305] [main/WARN] [net.minecraftforge.common.ForgeConfigSpec/CORE]: Incorrect key Mobs.Eel.followRange was corrected from null to its default, 32.0. 
[29Mar2026 02:51:43.307] [main/WARN] [net.minecraftforge.common.ForgeConfigSpec/CORE]: Configuration file /workspaces/MC_Tomate/servidor_minecraft/config/create-common.toml is not correct. Correcting
[29Mar2026 02:51:43.308] [main/WARN] [net.minecraftforge.common.ForgeConfigSpec/CORE]: Incorrect key worldgen was corrected from null to its default, SimpleCommentedConfig:{}. 
[29Mar2026 02:51:43.308] [main/WARN] [net.minecraftforge.common.ForgeConfigSpec/CORE]: Incorrect key worldgen.disableWorldGen was corrected from null to its default, false. 
[29Mar2026 02:51:43.313] [modloading-worker-0/INFO] [Easy NPC/]: 🗣 Register Easy NPC Network Handler for net.minecraftforge.network.simple.SimpleChannel@1e026e5a with version 21 ...
[29Mar2026 02:51:43.500] [modloading-worker-0/INFO] [necronomicon/]: Necronomicon Initialized
[29Mar2026 02:51:43.502] [modloading-worker-0/INFO] [necronomicon/]: Creating default config file for elocindev.necronomicon.NecronomiconConfig.
[29Mar2026 02:51:43.509] [modloading-worker-0/INFO] [necronomicon/]: there is a brick about to fall through your roof at terminal velocity
[29Mar2026 02:51:43.822] [Forge Version Check/INFO] [net.minecraftforge.fml.VersionChecker/]: [goblintraders] Starting version check at https://mrcrayfish.com/modupdatejson?id=goblintraders
[29Mar2026 02:51:44.170] [main/INFO] [journeymap/]: Initializing Packet Registries
[29Mar2026 02:51:44.198] [main/INFO] [ribbits/]: Registering Ribbit umbrella types...
[29Mar2026 02:51:44.198] [main/INFO] [ribbits/]: Registering Ribbit professions...
[29Mar2026 02:51:44.198] [main/INFO] [ribbits/]: Registering Ribbit instruments...
[29Mar2026 02:51:44.200] [main/INFO] [ribbits/]: Registering Ribbit data serializers...
[29Mar2026 02:51:44.209] [main/INFO] [terrablender/]: Registered region minecraft:overworld to index 0 for type OVERWORLD
[29Mar2026 02:51:44.209] [main/INFO] [terrablender/]: Registered region minecraft:nether to index 0 for type NETHER
[29Mar2026 02:51:44.209] [main/INFO] [terrablender/]: Registered region biomesoplenty:overworld_primary to index 1 for type OVERWORLD
[29Mar2026 02:51:44.209] [main/INFO] [terrablender/]: Registered region biomesoplenty:overworld_secondary to index 2 for type OVERWORLD
[29Mar2026 02:51:44.209] [main/INFO] [terrablender/]: Registered region biomesoplenty:overworld_rare to index 3 for type OVERWORLD
[29Mar2026 02:51:44.209] [main/INFO] [terrablender/]: Registered region biomesoplenty:nether_common to index 1 for type NETHER
[29Mar2026 02:51:44.210] [main/INFO] [terrablender/]: Registered region biomesoplenty:nether_rare to index 2 for type NETHER
[29Mar2026 02:51:44.382] [main/INFO] [Framework/SYNCED_ENTITY_DATA]: Registered synced data key refurbished_furniture:lock_yaw for refurbished_furniture:seat
[29Mar2026 02:51:44.449] [modloading-worker-0/INFO] [io.redspace.ironsspellbooks.IronsSpellbooks/]: Got IMC []
[29Mar2026 02:51:44.471] [modloading-worker-0/INFO] [net.xalcon.torchmaster.Torchmaster/]: Applying mega torch entity block list overrides...
[29Mar2026 02:51:44.471] [modloading-worker-0/INFO] [net.xalcon.torchmaster.Torchmaster/]: Applying dread lamp entity block list overrides...
[29Mar2026 02:51:44.834] [Forge Version Check/WARN] [net.minecraftforge.fml.VersionChecker/]: Failed to process update information
com.google.gson.JsonSyntaxException: java.lang.IllegalStateException: Expected BEGIN_OBJECT but was STRING at line 1 column 1 path $
	at com.google.gson.Gson.fromJson(Gson.java:1226) ~[gson-2.10.jar%2372!/:?]
	at com.google.gson.Gson.fromJson(Gson.java:1124) ~[gson-2.10.jar%2372!/:?]
	at com.google.gson.Gson.fromJson(Gson.java:1034) ~[gson-2.10.jar%2372!/:?]
	at com.google.gson.Gson.fromJson(Gson.java:969) ~[gson-2.10.jar%2372!/:?]
	at net.minecraftforge.fml.VersionChecker$1.process(VersionChecker.java:183) ~[fmlcore-1.20.1-47.3.7.jar%23268!/:?]
	at java.lang.Iterable.forEach(Iterable.java:75) ~[?:?]
	at net.minecraftforge.fml.VersionChecker$1.run(VersionChecker.java:114) ~[fmlcore-1.20.1-47.3.7.jar%23268!/:?]
Caused by: java.lang.IllegalStateException: Expected BEGIN_OBJECT but was STRING at line 1 column 1 path $
	at com.google.gson.stream.JsonReader.beginObject(JsonReader.java:393) ~[gson-2.10.jar%2372!/:?]
	at com.google.gson.internal.bind.MapTypeAdapterFactory$Adapter.read(MapTypeAdapterFactory.java:182) ~[gson-2.10.jar%2372!/:?]
	at com.google.gson.internal.bind.MapTypeAdapterFactory$Adapter.read(MapTypeAdapterFactory.java:144) ~[gson-2.10.jar%2372!/:?]
	at com.google.gson.Gson.fromJson(Gson.java:1214) ~[gson-2.10.jar%2372!/:?]
	... 6 more
[29Mar2026 02:51:44.836] [Forge Version Check/INFO] [net.minecraftforge.fml.VersionChecker/]: [mcwwindows] Starting version check at https://raw.githubusercontent.com/sketchmacaw/macawsmods/master/window.json
[29Mar2026 02:51:44.870] [Forge Version Check/INFO] [net.minecraftforge.fml.VersionChecker/]: [mcwwindows] Found status: OUTDATED Current: 2.3.0 Target: 2.4.2
[29Mar2026 02:51:44.871] [Forge Version Check/INFO] [net.minecraftforge.fml.VersionChecker/]: [obscure_api] Starting version check at https://raw.githubusercontent.com/ObscuriaLithium/Home/main/obscure_api/versions.json
[29Mar2026 02:51:44.882] [Forge Version Check/WARN] [net.minecraftforge.fml.VersionChecker/]: Failed to process update information
com.google.gson.JsonSyntaxException: java.lang.IllegalStateException: Expected BEGIN_OBJECT but was NUMBER at line 1 column 4 path $
	at com.google.gson.Gson.fromJson(Gson.java:1226) ~[gson-2.10.jar%2372!/:?]
	at com.google.gson.Gson.fromJson(Gson.java:1124) ~[gson-2.10.jar%2372!/:?]
	at com.google.gson.Gson.fromJson(Gson.java:1034) ~[gson-2.10.jar%2372!/:?]
	at com.google.gson.Gson.fromJson(Gson.java:969) ~[gson-2.10.jar%2372!/:?]
	at net.minecraftforge.fml.VersionChecker$1.process(VersionChecker.java:183) ~[fmlcore-1.20.1-47.3.7.jar%23268!/:?]
	at java.lang.Iterable.forEach(Iterable.java:75) ~[?:?]
	at net.minecraftforge.fml.VersionChecker$1.run(VersionChecker.java:114) ~[fmlcore-1.20.1-47.3.7.jar%23268!/:?]
Caused by: java.lang.IllegalStateException: Expected BEGIN_OBJECT but was NUMBER at line 1 column 4 path $
	at com.google.gson.stream.JsonReader.beginObject(JsonReader.java:393) ~[gson-2.10.jar%2372!/:?]
	at com.google.gson.internal.bind.MapTypeAdapterFactory$Adapter.read(MapTypeAdapterFactory.java:182) ~[gson-2.10.jar%2372!/:?]
	at com.google.gson.internal.bind.MapTypeAdapterFactory$Adapter.read(MapTypeAdapterFactory.java:144) ~[gson-2.10.jar%2372!/:?]
	at com.google.gson.Gson.fromJson(Gson.java:1214) ~[gson-2.10.jar%2372!/:?]
	... 6 more
[29Mar2026 02:51:44.883] [Forge Version Check/INFO] [net.minecraftforge.fml.VersionChecker/]: [journeymap] Starting version check at https://forge.curseupdate.com/32274/journeymap
[29Mar2026 02:51:45.058] [Forge Version Check/INFO] [net.minecraftforge.fml.VersionChecker/]: [journeymap] Found status: OUTDATED Current: 5.10.1 Target: 5.10.3
[29Mar2026 02:51:45.059] [Forge Version Check/INFO] [net.minecraftforge.fml.VersionChecker/]: [forge] Starting version check at https://files.minecraftforge.net/net/minecraftforge/forge/promotions_slim.json
[29Mar2026 02:51:45.162] [Forge Version Check/INFO] [net.minecraftforge.fml.VersionChecker/]: [forge] Found status: OUTDATED Current: 47.3.7 Target: 47.4.10
[29Mar2026 02:51:45.162] [Forge Version Check/INFO] [net.minecraftforge.fml.VersionChecker/]: [gravestone] Starting version check at https://update.maxhenkel.de/forge/gravestone
[29Mar2026 02:51:45.749] [Forge Version Check/INFO] [net.minecraftforge.fml.VersionChecker/]: [gravestone] Found status: OUTDATED Current: 1.20.1-1.0.24 Target: 1.20.1-1.0.35
[29Mar2026 02:51:45.750] [Forge Version Check/INFO] [net.minecraftforge.fml.VersionChecker/]: [camera] Starting version check at https://update.maxhenkel.de/forge/camera
[29Mar2026 02:51:45.847] [Forge Version Check/INFO] [net.minecraftforge.fml.VersionChecker/]: [camera] Found status: OUTDATED Current: 1.20.1-1.0.14 Target: 1.20.1-1.0.20
[29Mar2026 02:51:45.847] [Forge Version Check/INFO] [net.minecraftforge.fml.VersionChecker/]: [securitycraft] Starting version check at https://www.github.com/Geforce132/SecurityCraft/raw/master/Updates/Forge.json
[29Mar2026 02:51:45.943] [Forge Version Check/INFO] [net.minecraftforge.fml.VersionChecker/]: [securitycraft] Found status: OUTDATED Current: 1.10.0.1 Target: 1.10.1
[29Mar2026 02:51:45.943] [Forge Version Check/INFO] [net.minecraftforge.fml.VersionChecker/]: [mcwfurnitures] Starting version check at https://raw.githubusercontent.com/sketchmacaw/macawsmods/master/furniture.json
[29Mar2026 02:51:45.953] [Forge Version Check/INFO] [net.minecraftforge.fml.VersionChecker/]: [mcwfurnitures] Found status: OUTDATED Current: 3.3.0 Target: 3.4.1
[29Mar2026 02:51:45.954] [Forge Version Check/INFO] [net.minecraftforge.fml.VersionChecker/]: [refurbished_furniture] Starting version check at https://mrcrayfish.com/api/mod_update/forge/refurbished_furniture
[29Mar2026 02:51:46.171] [Forge Version Check/WARN] [net.minecraftforge.fml.VersionChecker/]: Failed to process update information
com.google.gson.JsonSyntaxException: java.lang.IllegalStateException: Expected BEGIN_OBJECT but was STRING at line 1 column 1 path $
	at com.google.gson.Gson.fromJson(Gson.java:1226) ~[gson-2.10.jar%2372!/:?]
	at com.google.gson.Gson.fromJson(Gson.java:1124) ~[gson-2.10.jar%2372!/:?]
	at com.google.gson.Gson.fromJson(Gson.java:1034) ~[gson-2.10.jar%2372!/:?]
	at com.google.gson.Gson.fromJson(Gson.java:969) ~[gson-2.10.jar%2372!/:?]
	at net.minecraftforge.fml.VersionChecker$1.process(VersionChecker.java:183) ~[fmlcore-1.20.1-47.3.7.jar%23268!/:?]
	at java.lang.Iterable.forEach(Iterable.java:75) ~[?:?]
	at net.minecraftforge.fml.VersionChecker$1.run(VersionChecker.java:114) ~[fmlcore-1.20.1-47.3.7.jar%23268!/:?]
Caused by: java.lang.IllegalStateException: Expected BEGIN_OBJECT but was STRING at line 1 column 1 path $
	at com.google.gson.stream.JsonReader.beginObject(JsonReader.java:393) ~[gson-2.10.jar%2372!/:?]
	at com.google.gson.internal.bind.MapTypeAdapterFactory$Adapter.read(MapTypeAdapterFactory.java:182) ~[gson-2.10.jar%2372!/:?]
	at com.google.gson.internal.bind.MapTypeAdapterFactory$Adapter.read(MapTypeAdapterFactory.java:144) ~[gson-2.10.jar%2372!/:?]
	at com.google.gson.Gson.fromJson(Gson.java:1214) ~[gson-2.10.jar%2372!/:?]
	... 6 more
[29Mar2026 02:51:46.172] [Forge Version Check/INFO] [net.minecraftforge.fml.VersionChecker/]: [framework] Starting version check at https://mrcrayfish.com/modupdatejson?id=framework
[29Mar2026 02:51:46.383] [Forge Version Check/WARN] [net.minecraftforge.fml.VersionChecker/]: Failed to process update information
com.google.gson.JsonSyntaxException: java.lang.IllegalStateException: Expected BEGIN_OBJECT but was STRING at line 1 column 1 path $
	at com.google.gson.Gson.fromJson(Gson.java:1226) ~[gson-2.10.jar%2372!/:?]
	at com.google.gson.Gson.fromJson(Gson.java:1124) ~[gson-2.10.jar%2372!/:?]
	at com.google.gson.Gson.fromJson(Gson.java:1034) ~[gson-2.10.jar%2372!/:?]
	at com.google.gson.Gson.fromJson(Gson.java:969) ~[gson-2.10.jar%2372!/:?]
	at net.minecraftforge.fml.VersionChecker$1.process(VersionChecker.java:183) ~[fmlcore-1.20.1-47.3.7.jar%23268!/:?]
	at java.lang.Iterable.forEach(Iterable.java:75) ~[?:?]
	at net.minecraftforge.fml.VersionChecker$1.run(VersionChecker.java:114) ~[fmlcore-1.20.1-47.3.7.jar%23268!/:?]
Caused by: java.lang.IllegalStateException: Expected BEGIN_OBJECT but was STRING at line 1 column 1 path $
	at com.google.gson.stream.JsonReader.beginObject(JsonReader.java:393) ~[gson-2.10.jar%2372!/:?]
	at com.google.gson.internal.bind.MapTypeAdapterFactory$Adapter.read(MapTypeAdapterFactory.java:182) ~[gson-2.10.jar%2372!/:?]
	at com.google.gson.internal.bind.MapTypeAdapterFactory$Adapter.read(MapTypeAdapterFactory.java:144) ~[gson-2.10.jar%2372!/:?]
	at com.google.gson.Gson.fromJson(Gson.java:1214) ~[gson-2.10.jar%2372!/:?]
	... 6 more
[29Mar2026 02:51:46.384] [Forge Version Check/INFO] [net.minecraftforge.fml.VersionChecker/]: [aquamirae] Starting version check at https://raw.githubusercontent.com/ObscuriaLithium/Home/main/aquamirae/versions.json
[29Mar2026 02:51:46.396] [Forge Version Check/WARN] [net.minecraftforge.fml.VersionChecker/]: Failed to process update information
com.google.gson.JsonSyntaxException: java.lang.IllegalStateException: Expected BEGIN_OBJECT but was NUMBER at line 1 column 4 path $
	at com.google.gson.Gson.fromJson(Gson.java:1226) ~[gson-2.10.jar%2372!/:?]
	at com.google.gson.Gson.fromJson(Gson.java:1124) ~[gson-2.10.jar%2372!/:?]
	at com.google.gson.Gson.fromJson(Gson.java:1034) ~[gson-2.10.jar%2372!/:?]
	at com.google.gson.Gson.fromJson(Gson.java:969) ~[gson-2.10.jar%2372!/:?]
	at net.minecraftforge.fml.VersionChecker$1.process(VersionChecker.java:183) ~[fmlcore-1.20.1-47.3.7.jar%23268!/:?]
	at java.lang.Iterable.forEach(Iterable.java:75) ~[?:?]
	at net.minecraftforge.fml.VersionChecker$1.run(VersionChecker.java:114) ~[fmlcore-1.20.1-47.3.7.jar%23268!/:?]
Caused by: java.lang.IllegalStateException: Expected BEGIN_OBJECT but was NUMBER at line 1 column 4 path $
	at com.google.gson.stream.JsonReader.beginObject(JsonReader.java:393) ~[gson-2.10.jar%2372!/:?]
	at com.google.gson.internal.bind.MapTypeAdapterFactory$Adapter.read(MapTypeAdapterFactory.java:182) ~[gson-2.10.jar%2372!/:?]
	at com.google.gson.internal.bind.MapTypeAdapterFactory$Adapter.read(MapTypeAdapterFactory.java:144) ~[gson-2.10.jar%2372!/:?]
	at com.google.gson.Gson.fromJson(Gson.java:1214) ~[gson-2.10.jar%2372!/:?]
	... 6 more
[29Mar2026 02:51:52.613] [main/INFO] [com.mojang.authlib.yggdrasil.YggdrasilAuthenticationService/]: Environment: authHost='https://authserver.mojang.com', accountsHost='https://api.mojang.com', sessionHost='https://sessionserver.mojang.com', servicesHost='https://api.minecraftservices.com', name='PROD'
[29Mar2026 02:51:59.261] [main/WARN] [net.minecraft.server.packs.VanillaPackResourcesBuilder/]: Assets URL 'union:/workspaces/MC_Tomate/servidor_minecraft/libraries/net/minecraft/server/1.20.1-20230612.114412/server-1.20.1-20230612.114412-srg.jar%23267!/assets/.mcassetsroot' uses unexpected schema
[29Mar2026 02:51:59.261] [main/WARN] [net.minecraft.server.packs.VanillaPackResourcesBuilder/]: Assets URL 'union:/workspaces/MC_Tomate/servidor_minecraft/libraries/net/minecraft/server/1.20.1-20230612.114412/server-1.20.1-20230612.114412-srg.jar%23267!/data/.mcassetsroot' uses unexpected schema
[29Mar2026 02:51:59.473] [main/INFO] [com.simibubi.create.Create/]: Created 423 recipes which will be injected into the game
[29Mar2026 02:51:59.487] [main/INFO] [com.simibubi.create.Create/]: Created 24 tags which will be injected into the game
[29Mar2026 02:51:59.782] [main/INFO] [net.minecraft.server.MinecraftServer/]: Found new data pack create:dynamic_data, loading it automatically
[29Mar2026 02:51:59.782] [main/INFO] [net.minecraft.server.MinecraftServer/]: Found new data pack minecraft_bricks, loading it automatically
[29Mar2026 02:52:02.116] [main/INFO] [Easy NPC/]: 🗣 Register Easy NPC /easy_npc commands for Easy NPC ...
[29Mar2026 02:52:03.351] [Worker-Main-3/ERROR] [net.minecraftforge.common.ForgeHooks/]: Couldn't parse element loot_tables:redeco:blocks/soul_terrarium
com.google.gson.JsonSyntaxException: Expected name to be an item, was unknown string 'redeco:soul_terrarium'
	at net.minecraft.util.GsonHelper.m_13866_(GsonHelper.java:145) ~[server-1.20.1-20230612.114412-srg.jar%23267!/:?]
	at java.util.Optional.orElseThrow(Optional.java:403) ~[?:?]
	at net.minecraft.util.GsonHelper.m_13874_(GsonHelper.java:145) ~[server-1.20.1-20230612.114412-srg.jar%23267!/:?]
	at net.minecraft.util.GsonHelper.m_13909_(GsonHelper.java:153) ~[server-1.20.1-20230612.114412-srg.jar%23267!/:?]
	at net.minecraft.world.level.storage.loot.entries.LootItem$Serializer.m_7267_(LootItem.java:55) ~[server-1.20.1-20230612.114412-srg.jar%23267!/:?]
	at net.minecraft.world.level.storage.loot.entries.LootItem$Serializer.m_7267_(LootItem.java:40) ~[server-1.20.1-20230612.114412-srg.jar%23267!/:?]
	at net.minecraft.world.level.storage.loot.entries.LootPoolSingletonContainer$Serializer.m_5921_(LootPoolSingletonContainer.java:151) ~[server-1.20.1-20230612.114412-srg.jar%23267!/:?]
	at net.minecraft.world.level.storage.loot.entries.LootPoolSingletonContainer$Serializer.m_5921_(LootPoolSingletonContainer.java:129) ~[server-1.20.1-20230612.114412-srg.jar%23267!/:?]
	at net.minecraft.world.level.storage.loot.entries.LootPoolEntryContainer$Serializer.m_7561_(LootPoolEntryContainer.java:86) ~[server-1.20.1-20230612.114412-srg.jar%23267!/:?]
	at net.minecraft.world.level.storage.loot.entries.LootPoolEntryContainer$Serializer.m_7561_(LootPoolEntryContainer.java:74) ~[server-1.20.1-20230612.114412-srg.jar%23267!/:?]
	at net.minecraft.world.level.storage.loot.GsonAdapterFactory$JsonAdapter.deserialize(GsonAdapterFactory.java:102) ~[server-1.20.1-20230612.114412-srg.jar%23267!/:?]
	at com.google.gson.internal.bind.TreeTypeAdapter.read(TreeTypeAdapter.java:76) ~[gson-2.10.jar%2372!/:?]
	at com.google.gson.internal.bind.TypeAdapterRuntimeTypeWrapper.read(TypeAdapterRuntimeTypeWrapper.java:40) ~[gson-2.10.jar%2372!/:?]
	at com.google.gson.internal.bind.ArrayTypeAdapter.read(ArrayTypeAdapter.java:72) ~[gson-2.10.jar%2372!/:?]
	at com.google.gson.Gson.fromJson(Gson.java:1214) ~[gson-2.10.jar%2372!/:?]
	at com.google.gson.Gson.fromJson(Gson.java:1319) ~[gson-2.10.jar%2372!/:?]
	at com.google.gson.Gson.fromJson(Gson.java:1290) ~[gson-2.10.jar%2372!/:?]
	at com.google.gson.internal.bind.TreeTypeAdapter$GsonContextImpl.deserialize(TreeTypeAdapter.java:179) ~[gson-2.10.jar%2372!/:?]
	at net.minecraft.util.GsonHelper.m_13808_(GsonHelper.java:463) ~[server-1.20.1-20230612.114412-srg.jar%23267!/:?]
	at net.minecraft.util.GsonHelper.m_13836_(GsonHelper.java:471) ~[server-1.20.1-20230612.114412-srg.jar%23267!/:?]
	at net.minecraft.world.level.storage.loot.LootPool$Serializer.deserialize(LootPool.java:192) ~[server-1.20.1-20230612.114412-srg.jar%23267!/:?]
	at net.minecraft.world.level.storage.loot.LootPool$Serializer.deserialize(LootPool.java:189) ~[server-1.20.1-20230612.114412-srg.jar%23267!/:?]
	at com.google.gson.internal.bind.TreeTypeAdapter.read(TreeTypeAdapter.java:76) ~[gson-2.10.jar%2372!/:?]
	at com.google.gson.internal.bind.TypeAdapterRuntimeTypeWrapper.read(TypeAdapterRuntimeTypeWrapper.java:40) ~[gson-2.10.jar%2372!/:?]
	at com.google.gson.internal.bind.ArrayTypeAdapter.read(ArrayTypeAdapter.java:72) ~[gson-2.10.jar%2372!/:?]
	at com.google.gson.Gson.fromJson(Gson.java:1214) ~[gson-2.10.jar%2372!/:?]
	at com.google.gson.Gson.fromJson(Gson.java:1319) ~[gson-2.10.jar%2372!/:?]
	at com.google.gson.Gson.fromJson(Gson.java:1290) ~[gson-2.10.jar%2372!/:?]
	at com.google.gson.internal.bind.TreeTypeAdapter$GsonContextImpl.deserialize(TreeTypeAdapter.java:179) ~[gson-2.10.jar%2372!/:?]
	at net.minecraft.util.GsonHelper.m_13808_(GsonHelper.java:463) ~[server-1.20.1-20230612.114412-srg.jar%23267!/:?]
	at net.minecraft.util.GsonHelper.m_13845_(GsonHelper.java:481) ~[server-1.20.1-20230612.114412-srg.jar%23267!/:?]
	at net.minecraft.world.level.storage.loot.LootTable$Serializer.deserialize(LootTable.java:294) ~[server-1.20.1-20230612.114412-srg.jar%23267!/:?]
	at net.minecraft.world.level.storage.loot.LootTable$Serializer.deserialize(LootTable.java:291) ~[server-1.20.1-20230612.114412-srg.jar%23267!/:?]
	at com.google.gson.internal.bind.TreeTypeAdapter.read(TreeTypeAdapter.java:76) ~[gson-2.10.jar%2372!/:?]
	at com.google.gson.Gson.fromJson(Gson.java:1214) ~[gson-2.10.jar%2372!/:?]
	at com.google.gson.Gson.fromJson(Gson.java:1319) ~[gson-2.10.jar%2372!/:?]
	at com.google.gson.Gson.fromJson(Gson.java:1261) ~[gson-2.10.jar%2372!/:?]
	at net.minecraftforge.common.ForgeHooks.loadLootTable(ForgeHooks.java:871) ~[forge-1.20.1-47.3.7-universal.jar%23272!/:?]
	at net.minecraftforge.common.ForgeHooks.lambda$getLootTableDeserializer$3(ForgeHooks.java:848) ~[forge-1.20.1-47.3.7-universal.jar%23272!/:?]
	at net.minecraft.world.level.storage.loot.LootDataType.deserialize(LootDataType.java:45) ~[server-1.20.1-20230612.114412-srg.jar%23267!/:?]
	at net.minecraft.world.level.storage.loot.LootDataManager.lambda$scheduleElementParse$4(LootDataManager.java:56) ~[server-1.20.1-20230612.114412-srg.jar%23267!/:?]
	at java.util.HashMap.forEach(HashMap.java:1421) ~[?:?]
	at net.minecraft.world.level.storage.loot.LootDataManager.m_278660_(LootDataManager.java:55) ~[server-1.20.1-20230612.114412-srg.jar%23267!/:?]
	at java.util.concurrent.CompletableFuture$AsyncRun.run(CompletableFuture.java:1804) ~[?:?]
	at java.util.concurrent.CompletableFuture$AsyncRun.exec(CompletableFuture.java:1796) ~[?:?]
	at java.util.concurrent.ForkJoinTask.doExec(ForkJoinTask.java:373) ~[?:?]
	at java.util.concurrent.ForkJoinPool$WorkQueue.topLevelExec(ForkJoinPool.java:1182) ~[?:?]
	at java.util.concurrent.ForkJoinPool.scan(ForkJoinPool.java:1655) ~[?:?]
	at java.util.concurrent.ForkJoinPool.runWorker(ForkJoinPool.java:1622) ~[?:?]
	at java.util.concurrent.ForkJoinWorkerThread.run(ForkJoinWorkerThread.java:165) ~[?:?]
[29Mar2026 02:52:03.838] [Worker-Main-3/ERROR] [net.minecraftforge.common.ForgeHooks/]: Couldn't parse element loot_tables:slugterra:entities/shanejournalloottable
com.google.gson.JsonSyntaxException: Expected name to be an item, was unknown string 'patchouli:guide_book'
	at net.minecraft.util.GsonHelper.m_13866_(GsonHelper.java:145) ~[server-1.20.1-20230612.114412-srg.jar%23267!/:?]
	at java.util.Optional.orElseThrow(Optional.java:403) ~[?:?]
	at net.minecraft.util.GsonHelper.m_13874_(GsonHelper.java:145) ~[server-1.20.1-20230612.114412-srg.jar%23267!/:?]
	at net.minecraft.util.GsonHelper.m_13909_(GsonHelper.java:153) ~[server-1.20.1-20230612.114412-srg.jar%23267!/:?]
	at net.minecraft.world.level.storage.loot.entries.LootItem$Serializer.m_7267_(LootItem.java:55) ~[server-1.20.1-20230612.114412-srg.jar%23267!/:?]
	at net.minecraft.world.level.storage.loot.entries.LootItem$Serializer.m_7267_(LootItem.java:40) ~[server-1.20.1-20230612.114412-srg.jar%23267!/:?]
	at net.minecraft.world.level.storage.loot.entries.LootPoolSingletonContainer$Serializer.m_5921_(LootPoolSingletonContainer.java:151) ~[server-1.20.1-20230612.114412-srg.jar%23267!/:?]
	at net.minecraft.world.level.storage.loot.entries.LootPoolSingletonContainer$Serializer.m_5921_(LootPoolSingletonContainer.java:129) ~[server-1.20.1-20230612.114412-srg.jar%23267!/:?]
	at net.minecraft.world.level.storage.loot.entries.LootPoolEntryContainer$Serializer.m_7561_(LootPoolEntryContainer.java:86) ~[server-1.20.1-20230612.114412-srg.jar%23267!/:?]
	at net.minecraft.world.level.storage.loot.entries.LootPoolEntryContainer$Serializer.m_7561_(LootPoolEntryContainer.java:74) ~[server-1.20.1-20230612.114412-srg.jar%23267!/:?]
	at net.minecraft.world.level.storage.loot.GsonAdapterFactory$JsonAdapter.deserialize(GsonAdapterFactory.java:102) ~[server-1.20.1-20230612.114412-srg.jar%23267!/:?]
	at com.google.gson.internal.bind.TreeTypeAdapter.read(TreeTypeAdapter.java:76) ~[gson-2.10.jar%2372!/:?]
	at com.google.gson.internal.bind.TypeAdapterRuntimeTypeWrapper.read(TypeAdapterRuntimeTypeWrapper.java:40) ~[gson-2.10.jar%2372!/:?]
	at com.google.gson.internal.bind.ArrayTypeAdapter.read(ArrayTypeAdapter.java:72) ~[gson-2.10.jar%2372!/:?]
	at com.google.gson.Gson.fromJson(Gson.java:1214) ~[gson-2.10.jar%2372!/:?]
	at com.google.gson.Gson.fromJson(Gson.java:1319) ~[gson-2.10.jar%2372!/:?]
	at com.google.gson.Gson.fromJson(Gson.java:1290) ~[gson-2.10.jar%2372!/:?]
	at com.google.gson.internal.bind.TreeTypeAdapter$GsonContextImpl.deserialize(TreeTypeAdapter.java:179) ~[gson-2.10.jar%2372!/:?]
	at net.minecraft.util.GsonHelper.m_13808_(GsonHelper.java:463) ~[server-1.20.1-20230612.114412-srg.jar%23267!/:?]
	at net.minecraft.util.GsonHelper.m_13836_(GsonHelper.java:471) ~[server-1.20.1-20230612.114412-srg.jar%23267!/:?]
	at net.minecraft.world.level.storage.loot.LootPool$Serializer.deserialize(LootPool.java:192) ~[server-1.20.1-20230612.114412-srg.jar%23267!/:?]
	at net.minecraft.world.level.storage.loot.LootPool$Serializer.deserialize(LootPool.java:189) ~[server-1.20.1-20230612.114412-srg.jar%23267!/:?]
	at com.google.gson.internal.bind.TreeTypeAdapter.read(TreeTypeAdapter.java:76) ~[gson-2.10.jar%2372!/:?]
	at com.google.gson.internal.bind.TypeAdapterRuntimeTypeWrapper.read(TypeAdapterRuntimeTypeWrapper.java:40) ~[gson-2.10.jar%2372!/:?]
	at com.google.gson.internal.bind.ArrayTypeAdapter.read(ArrayTypeAdapter.java:72) ~[gson-2.10.jar%2372!/:?]
	at com.google.gson.Gson.fromJson(Gson.java:1214) ~[gson-2.10.jar%2372!/:?]
	at com.google.gson.Gson.fromJson(Gson.java:1319) ~[gson-2.10.jar%2372!/:?]
	at com.google.gson.Gson.fromJson(Gson.java:1290) ~[gson-2.10.jar%2372!/:?]
	at com.google.gson.internal.bind.TreeTypeAdapter$GsonContextImpl.deserialize(TreeTypeAdapter.java:179) ~[gson-2.10.jar%2372!/:?]
	at net.minecraft.util.GsonHelper.m_13808_(GsonHelper.java:463) ~[server-1.20.1-20230612.114412-srg.jar%23267!/:?]
	at net.minecraft.util.GsonHelper.m_13845_(GsonHelper.java:481) ~[server-1.20.1-20230612.114412-srg.jar%23267!/:?]
	at net.minecraft.world.level.storage.loot.LootTable$Serializer.deserialize(LootTable.java:294) ~[server-1.20.1-20230612.114412-srg.jar%23267!/:?]
	at net.minecraft.world.level.storage.loot.LootTable$Serializer.deserialize(LootTable.java:291) ~[server-1.20.1-20230612.114412-srg.jar%23267!/:?]
	at com.google.gson.internal.bind.TreeTypeAdapter.read(TreeTypeAdapter.java:76) ~[gson-2.10.jar%2372!/:?]
	at com.google.gson.Gson.fromJson(Gson.java:1214) ~[gson-2.10.jar%2372!/:?]
	at com.google.gson.Gson.fromJson(Gson.java:1319) ~[gson-2.10.jar%2372!/:?]
	at com.google.gson.Gson.fromJson(Gson.java:1261) ~[gson-2.10.jar%2372!/:?]
	at net.minecraftforge.common.ForgeHooks.loadLootTable(ForgeHooks.java:871) ~[forge-1.20.1-47.3.7-universal.jar%23272!/:?]
	at net.minecraftforge.common.ForgeHooks.lambda$getLootTableDeserializer$3(ForgeHooks.java:848) ~[forge-1.20.1-47.3.7-universal.jar%23272!/:?]
	at net.minecraft.world.level.storage.loot.LootDataType.deserialize(LootDataType.java:45) ~[server-1.20.1-20230612.114412-srg.jar%23267!/:?]
	at net.minecraft.world.level.storage.loot.LootDataManager.lambda$scheduleElementParse$4(LootDataManager.java:56) ~[server-1.20.1-20230612.114412-srg.jar%23267!/:?]
	at java.util.HashMap.forEach(HashMap.java:1421) ~[?:?]
	at net.minecraft.world.level.storage.loot.LootDataManager.m_278660_(LootDataManager.java:55) ~[server-1.20.1-20230612.114412-srg.jar%23267!/:?]
	at java.util.concurrent.CompletableFuture$AsyncRun.run(CompletableFuture.java:1804) ~[?:?]
	at java.util.concurrent.CompletableFuture$AsyncRun.exec(CompletableFuture.java:1796) ~[?:?]
	at java.util.concurrent.ForkJoinTask.doExec(ForkJoinTask.java:373) ~[?:?]
	at java.util.concurrent.ForkJoinPool$WorkQueue.topLevelExec(ForkJoinPool.java:1182) ~[?:?]
	at java.util.concurrent.ForkJoinPool.scan(ForkJoinPool.java:1655) ~[?:?]
	at java.util.concurrent.ForkJoinPool.runWorker(ForkJoinPool.java:1622) ~[?:?]
	at java.util.concurrent.ForkJoinWorkerThread.run(ForkJoinWorkerThread.java:165) ~[?:?]
[29Mar2026 02:52:04.163] [main/ERROR] [net.minecraft.world.item.crafting.RecipeManager/]: Parsing error loading recipe irons_spellbooks:curios/concentration_amulet
com.google.gson.JsonSyntaxException: Unknown item 'irons_spellbooks:mithril_ingot'
	at net.minecraft.world.item.crafting.ShapedRecipe.m_151280_(ShapedRecipe.java:292) ~[server-1.20.1-20230612.114412-srg.jar%23267!/:?]
	at java.util.Optional.orElseThrow(Optional.java:403) ~[?:?]
	at net.minecraft.world.item.crafting.ShapedRecipe.m_151278_(ShapedRecipe.java:291) ~[server-1.20.1-20230612.114412-srg.jar%23267!/:?]
	at net.minecraft.world.item.crafting.Ingredient.m_43919_(Ingredient.java:219) ~[server-1.20.1-20230612.114412-srg.jar%23267!/:?]
	at net.minecraftforge.common.crafting.VanillaIngredientSerializer.parse(VanillaIngredientSerializer.java:27) ~[forge-1.20.1-47.3.7-universal.jar%23272!/:?]
	at net.minecraftforge.common.crafting.CraftingHelper.getIngredient(CraftingHelper.java:148) ~[forge-1.20.1-47.3.7-universal.jar%23272!/:?]
	at net.minecraft.world.item.crafting.Ingredient.m_288218_(Ingredient.java:194) ~[server-1.20.1-20230612.114412-srg.jar%23267!/:?]
	at net.minecraft.world.item.crafting.ShapedRecipe.m_44210_(ShapedRecipe.java:278) ~[server-1.20.1-20230612.114412-srg.jar%23267!/:?]
	at net.minecraft.world.item.crafting.ShapedRecipe$Serializer.m_6729_(ShapedRecipe.java:306) ~[server-1.20.1-20230612.114412-srg.jar%23267!/:?]
	at net.minecraft.world.item.crafting.ShapedRecipe$Serializer.m_6729_(ShapedRecipe.java:301) ~[server-1.20.1-20230612.114412-srg.jar%23267!/:?]
	at net.minecraftforge.common.extensions.IForgeRecipeSerializer.fromJson(IForgeRecipeSerializer.java:23) ~[forge-1.20.1-47.3.7-universal.jar%23272!/:?]
	at net.minecraft.world.item.crafting.RecipeManager.fromJson(RecipeManager.java:171) ~[server-1.20.1-20230612.114412-srg.jar%23267!/:?]
	at net.minecraft.world.item.crafting.RecipeManager.m_5787_(RecipeManager.java:67) ~[server-1.20.1-20230612.114412-srg.jar%23267!/:?]
	at net.minecraft.world.item.crafting.RecipeManager.m_5787_(RecipeManager.java:34) ~[server-1.20.1-20230612.114412-srg.jar%23267!/:?]
	at net.minecraft.server.packs.resources.SimplePreparableReloadListener.m_10789_(SimplePreparableReloadListener.java:13) ~[server-1.20.1-20230612.114412-srg.jar%23267!/:?]
	at java.util.concurrent.CompletableFuture$UniAccept.tryFire(CompletableFuture.java:718) ~[?:?]
	at java.util.concurrent.CompletableFuture$Completion.run(CompletableFuture.java:482) ~[?:?]
	at net.minecraft.server.packs.resources.SimpleReloadInstance.m_143940_(SimpleReloadInstance.java:69) ~[server-1.20.1-20230612.114412-srg.jar%23267!/:?]
	at net.minecraft.Util.m_214652_(Util.java:783) ~[server-1.20.1-20230612.114412-srg.jar%23267!/:?]
	at net.minecraft.Util.m_214679_(Util.java:772) ~[server-1.20.1-20230612.114412-srg.jar%23267!/:?]
	at net.minecraft.server.Main.main(Main.java:166) ~[server-1.20.1-20230612.114412-srg.jar%23267!/:?]
	at jdk.internal.reflect.NativeMethodAccessorImpl.invoke0(Native Method) ~[?:?]
	at jdk.internal.reflect.NativeMethodAccessorImpl.invoke(NativeMethodAccessorImpl.java:77) ~[?:?]
	at jdk.internal.reflect.DelegatingMethodAccessorImpl.invoke(DelegatingMethodAccessorImpl.java:43) ~[?:?]
	at java.lang.reflect.Method.invoke(Method.java:569) ~[?:?]
	at net.minecraftforge.fml.loading.targets.CommonLaunchHandler.runTarget(CommonLaunchHandler.java:111) ~[fmlloader-1.20.1-47.3.7.jar%2369!/:?]
	at net.minecraftforge.fml.loading.targets.CommonLaunchHandler.serverService(CommonLaunchHandler.java:103) ~[fmlloader-1.20.1-47.3.7.jar%2369!/:?]
	at net.minecraftforge.fml.loading.targets.CommonServerLaunchHandler.lambda$makeService$0(CommonServerLaunchHandler.java:27) ~[fmlloader-1.20.1-47.3.7.jar%2369!/:?]
	at cpw.mods.modlauncher.LaunchServiceHandlerDecorator.launch(LaunchServiceHandlerDecorator.java:30) ~[modlauncher-10.0.9.jar%2355!/:?]
	at cpw.mods.modlauncher.LaunchServiceHandler.launch(LaunchServiceHandler.java:53) ~[modlauncher-10.0.9.jar%2355!/:?]
	at cpw.mods.modlauncher.LaunchServiceHandler.launch(LaunchServiceHandler.java:71) ~[modlauncher-10.0.9.jar%2355!/:?]
	at cpw.mods.modlauncher.Launcher.run(Launcher.java:108) ~[modlauncher-10.0.9.jar%2355!/:?]
	at cpw.mods.modlauncher.Launcher.main(Launcher.java:78) ~[modlauncher-10.0.9.jar%2355!/:?]
	at cpw.mods.modlauncher.BootstrapLaunchConsumer.accept(BootstrapLaunchConsumer.java:26) ~[modlauncher-10.0.9.jar%2355!/:?]
	at cpw.mods.modlauncher.BootstrapLaunchConsumer.accept(BootstrapLaunchConsumer.java:23) ~[modlauncher-10.0.9.jar%2355!/:?]
	at cpw.mods.bootstraplauncher.BootstrapLauncher.main(BootstrapLauncher.java:141) ~[bootstraplauncher-1.1.2.jar:?]
[29Mar2026 02:52:04.194] [Thread-1/WARN] [net.minecraftforge.fml.config.ConfigFileTypeHandler/CONFIG]: Configuration file /workspaces/MC_Tomate/servidor_minecraft/config/sophisticatedcore-common.toml is not correct. Correcting
[29Mar2026 02:52:04.380] [main/ERROR] [net.minecraft.world.item.crafting.RecipeManager/]: Parsing error loading recipe slashblade_addon:slashblade_tofu_ishi
com.google.gson.JsonSyntaxException: Unknown item 'tofucraft:tofuishi'
	at net.minecraft.world.item.crafting.ShapedRecipe.m_151280_(ShapedRecipe.java:292) ~[server-1.20.1-20230612.114412-srg.jar%23267!/:?]
	at java.util.Optional.orElseThrow(Optional.java:403) ~[?:?]
	at net.minecraft.world.item.crafting.ShapedRecipe.m_151278_(ShapedRecipe.java:291) ~[server-1.20.1-20230612.114412-srg.jar%23267!/:?]
	at net.minecraft.world.item.crafting.Ingredient.m_43919_(Ingredient.java:219) ~[server-1.20.1-20230612.114412-srg.jar%23267!/:?]
	at net.minecraftforge.common.crafting.VanillaIngredientSerializer.parse(VanillaIngredientSerializer.java:27) ~[forge-1.20.1-47.3.7-universal.jar%23272!/:?]
	at net.minecraftforge.common.crafting.CraftingHelper.getIngredient(CraftingHelper.java:148) ~[forge-1.20.1-47.3.7-universal.jar%23272!/:?]
	at net.minecraft.world.item.crafting.Ingredient.m_288218_(Ingredient.java:194) ~[server-1.20.1-20230612.114412-srg.jar%23267!/:?]
	at net.minecraft.world.item.crafting.ShapedRecipe.m_44210_(ShapedRecipe.java:278) ~[server-1.20.1-20230612.114412-srg.jar%23267!/:?]
	at net.minecraft.world.item.crafting.ShapedRecipe$Serializer.m_6729_(ShapedRecipe.java:306) ~[server-1.20.1-20230612.114412-srg.jar%23267!/:?]
	at net.minecraft.world.item.crafting.ShapedRecipe$Serializer.m_6729_(ShapedRecipe.java:301) ~[server-1.20.1-20230612.114412-srg.jar%23267!/:?]
	at mods.flammpfeil.slashblade.recipe.SlashBladeShapedRecipeSerializer.m_6729_(SlashBladeShapedRecipeSerializer.java:26) ~[SlashBladeResharped-1.20.1-0.7.3.jar%23249!/:0.7.3]
	at net.minecraftforge.common.extensions.IForgeRecipeSerializer.fromJson(IForgeRecipeSerializer.java:23) ~[forge-1.20.1-47.3.7-universal.jar%23272!/:?]
	at net.minecraft.world.item.crafting.RecipeManager.fromJson(RecipeManager.java:171) ~[server-1.20.1-20230612.114412-srg.jar%23267!/:?]
	at net.minecraft.world.item.crafting.RecipeManager.m_5787_(RecipeManager.java:67) ~[server-1.20.1-20230612.114412-srg.jar%23267!/:?]
	at net.minecraft.world.item.crafting.RecipeManager.m_5787_(RecipeManager.java:34) ~[server-1.20.1-20230612.114412-srg.jar%23267!/:?]
	at net.minecraft.server.packs.resources.SimplePreparableReloadListener.m_10789_(SimplePreparableReloadListener.java:13) ~[server-1.20.1-20230612.114412-srg.jar%23267!/:?]
	at java.util.concurrent.CompletableFuture$UniAccept.tryFire(CompletableFuture.java:718) ~[?:?]
	at java.util.concurrent.CompletableFuture$Completion.run(CompletableFuture.java:482) ~[?:?]
	at net.minecraft.server.packs.resources.SimpleReloadInstance.m_143940_(SimpleReloadInstance.java:69) ~[server-1.20.1-20230612.114412-srg.jar%23267!/:?]
	at net.minecraft.Util.m_214652_(Util.java:783) ~[server-1.20.1-20230612.114412-srg.jar%23267!/:?]
	at net.minecraft.Util.m_214679_(Util.java:772) ~[server-1.20.1-20230612.114412-srg.jar%23267!/:?]
	at net.minecraft.server.Main.main(Main.java:166) ~[server-1.20.1-20230612.114412-srg.jar%23267!/:?]
	at jdk.internal.reflect.NativeMethodAccessorImpl.invoke0(Native Method) ~[?:?]
	at jdk.internal.reflect.NativeMethodAccessorImpl.invoke(NativeMethodAccessorImpl.java:77) ~[?:?]
	at jdk.internal.reflect.DelegatingMethodAccessorImpl.invoke(DelegatingMethodAccessorImpl.java:43) ~[?:?]
	at java.lang.reflect.Method.invoke(Method.java:569) ~[?:?]
	at net.minecraftforge.fml.loading.targets.CommonLaunchHandler.runTarget(CommonLaunchHandler.java:111) ~[fmlloader-1.20.1-47.3.7.jar%2369!/:?]
	at net.minecraftforge.fml.loading.targets.CommonLaunchHandler.serverService(CommonLaunchHandler.java:103) ~[fmlloader-1.20.1-47.3.7.jar%2369!/:?]
	at net.minecraftforge.fml.loading.targets.CommonServerLaunchHandler.lambda$makeService$0(CommonServerLaunchHandler.java:27) ~[fmlloader-1.20.1-47.3.7.jar%2369!/:?]
	at cpw.mods.modlauncher.LaunchServiceHandlerDecorator.launch(LaunchServiceHandlerDecorator.java:30) ~[modlauncher-10.0.9.jar%2355!/:?]
	at cpw.mods.modlauncher.LaunchServiceHandler.launch(LaunchServiceHandler.java:53) ~[modlauncher-10.0.9.jar%2355!/:?]
	at cpw.mods.modlauncher.LaunchServiceHandler.launch(LaunchServiceHandler.java:71) ~[modlauncher-10.0.9.jar%2355!/:?]
	at cpw.mods.modlauncher.Launcher.run(Launcher.java:108) ~[modlauncher-10.0.9.jar%2355!/:?]
	at cpw.mods.modlauncher.Launcher.main(Launcher.java:78) ~[modlauncher-10.0.9.jar%2355!/:?]
	at cpw.mods.modlauncher.BootstrapLaunchConsumer.accept(BootstrapLaunchConsumer.java:26) ~[modlauncher-10.0.9.jar%2355!/:?]
	at cpw.mods.modlauncher.BootstrapLaunchConsumer.accept(BootstrapLaunchConsumer.java:23) ~[modlauncher-10.0.9.jar%2355!/:?]
	at cpw.mods.bootstraplauncher.BootstrapLauncher.main(BootstrapLauncher.java:141) ~[bootstraplauncher-1.1.2.jar:?]
[29Mar2026 02:52:04.501] [main/ERROR] [net.minecraft.world.item.crafting.RecipeManager/]: Parsing error loading recipe redeco:magenta_upholstery
com.google.gson.JsonSyntaxException: Unknown item 'minecraft:mangenta_wool'
	at net.minecraft.world.item.crafting.ShapedRecipe.m_151280_(ShapedRecipe.java:292) ~[server-1.20.1-20230612.114412-srg.jar%23267!/:?]
	at java.util.Optional.orElseThrow(Optional.java:403) ~[?:?]
	at net.minecraft.world.item.crafting.ShapedRecipe.m_151278_(ShapedRecipe.java:291) ~[server-1.20.1-20230612.114412-srg.jar%23267!/:?]
	at net.minecraft.world.item.crafting.Ingredient.m_43919_(Ingredient.java:219) ~[server-1.20.1-20230612.114412-srg.jar%23267!/:?]
	at net.minecraftforge.common.crafting.VanillaIngredientSerializer.parse(VanillaIngredientSerializer.java:27) ~[forge-1.20.1-47.3.7-universal.jar%23272!/:?]
	at net.minecraftforge.common.crafting.CraftingHelper.getIngredient(CraftingHelper.java:148) ~[forge-1.20.1-47.3.7-universal.jar%23272!/:?]
	at net.minecraft.world.item.crafting.Ingredient.m_288218_(Ingredient.java:194) ~[server-1.20.1-20230612.114412-srg.jar%23267!/:?]
	at net.minecraft.world.item.crafting.ShapelessRecipe$Serializer.m_44275_(ShapelessRecipe.java:104) ~[server-1.20.1-20230612.114412-srg.jar%23267!/:?]
	at net.minecraft.world.item.crafting.ShapelessRecipe$Serializer.m_6729_(ShapelessRecipe.java:89) ~[server-1.20.1-20230612.114412-srg.jar%23267!/:?]
	at net.minecraft.world.item.crafting.ShapelessRecipe$Serializer.m_6729_(ShapelessRecipe.java:84) ~[server-1.20.1-20230612.114412-srg.jar%23267!/:?]
	at net.minecraftforge.common.extensions.IForgeRecipeSerializer.fromJson(IForgeRecipeSerializer.java:23) ~[forge-1.20.1-47.3.7-universal.jar%23272!/:?]
	at net.minecraft.world.item.crafting.RecipeManager.fromJson(RecipeManager.java:171) ~[server-1.20.1-20230612.114412-srg.jar%23267!/:?]
	at net.minecraft.world.item.crafting.RecipeManager.m_5787_(RecipeManager.java:67) ~[server-1.20.1-20230612.114412-srg.jar%23267!/:?]
	at net.minecraft.world.item.crafting.RecipeManager.m_5787_(RecipeManager.java:34) ~[server-1.20.1-20230612.114412-srg.jar%23267!/:?]
	at net.minecraft.server.packs.resources.SimplePreparableReloadListener.m_10789_(SimplePreparableReloadListener.java:13) ~[server-1.20.1-20230612.114412-srg.jar%23267!/:?]
	at java.util.concurrent.CompletableFuture$UniAccept.tryFire(CompletableFuture.java:718) ~[?:?]
	at java.util.concurrent.CompletableFuture$Completion.run(CompletableFuture.java:482) ~[?:?]
	at net.minecraft.server.packs.resources.SimpleReloadInstance.m_143940_(SimpleReloadInstance.java:69) ~[server-1.20.1-20230612.114412-srg.jar%23267!/:?]
	at net.minecraft.Util.m_214652_(Util.java:783) ~[server-1.20.1-20230612.114412-srg.jar%23267!/:?]
	at net.minecraft.Util.m_214679_(Util.java:772) ~[server-1.20.1-20230612.114412-srg.jar%23267!/:?]
	at net.minecraft.server.Main.main(Main.java:166) ~[server-1.20.1-20230612.114412-srg.jar%23267!/:?]
	at jdk.internal.reflect.NativeMethodAccessorImpl.invoke0(Native Method) ~[?:?]
	at jdk.internal.reflect.NativeMethodAccessorImpl.invoke(NativeMethodAccessorImpl.java:77) ~[?:?]
	at jdk.internal.reflect.DelegatingMethodAccessorImpl.invoke(DelegatingMethodAccessorImpl.java:43) ~[?:?]
	at java.lang.reflect.Method.invoke(Method.java:569) ~[?:?]
	at net.minecraftforge.fml.loading.targets.CommonLaunchHandler.runTarget(CommonLaunchHandler.java:111) ~[fmlloader-1.20.1-47.3.7.jar%2369!/:?]
	at net.minecraftforge.fml.loading.targets.CommonLaunchHandler.serverService(CommonLaunchHandler.java:103) ~[fmlloader-1.20.1-47.3.7.jar%2369!/:?]
	at net.minecraftforge.fml.loading.targets.CommonServerLaunchHandler.lambda$makeService$0(CommonServerLaunchHandler.java:27) ~[fmlloader-1.20.1-47.3.7.jar%2369!/:?]
	at cpw.mods.modlauncher.LaunchServiceHandlerDecorator.launch(LaunchServiceHandlerDecorator.java:30) ~[modlauncher-10.0.9.jar%2355!/:?]
	at cpw.mods.modlauncher.LaunchServiceHandler.launch(LaunchServiceHandler.java:53) ~[modlauncher-10.0.9.jar%2355!/:?]
	at cpw.mods.modlauncher.LaunchServiceHandler.launch(LaunchServiceHandler.java:71) ~[modlauncher-10.0.9.jar%2355!/:?]
	at cpw.mods.modlauncher.Launcher.run(Launcher.java:108) ~[modlauncher-10.0.9.jar%2355!/:?]
	at cpw.mods.modlauncher.Launcher.main(Launcher.java:78) ~[modlauncher-10.0.9.jar%2355!/:?]
	at cpw.mods.modlauncher.BootstrapLaunchConsumer.accept(BootstrapLaunchConsumer.java:26) ~[modlauncher-10.0.9.jar%2355!/:?]
	at cpw.mods.modlauncher.BootstrapLaunchConsumer.accept(BootstrapLaunchConsumer.java:23) ~[modlauncher-10.0.9.jar%2355!/:?]
	at cpw.mods.bootstraplauncher.BootstrapLauncher.main(BootstrapLauncher.java:141) ~[bootstraplauncher-1.1.2.jar:?]
[29Mar2026 02:52:04.590] [main/ERROR] [net.minecraft.world.item.crafting.RecipeManager/]: Parsing error loading recipe slugterra:shane_journal_recipe
com.google.gson.JsonSyntaxException: Invalid or unsupported recipe type 'patchouli:shapeless_book_recipe'
	at net.minecraft.world.item.crafting.RecipeManager.m_220253_(RecipeManager.java:170) ~[server-1.20.1-20230612.114412-srg.jar%23267!/:?]
	at java.util.Optional.orElseThrow(Optional.java:403) ~[?:?]
	at net.minecraft.world.item.crafting.RecipeManager.fromJson(RecipeManager.java:169) ~[server-1.20.1-20230612.114412-srg.jar%23267!/:?]
	at net.minecraft.world.item.crafting.RecipeManager.m_5787_(RecipeManager.java:67) ~[server-1.20.1-20230612.114412-srg.jar%23267!/:?]
	at net.minecraft.world.item.crafting.RecipeManager.m_5787_(RecipeManager.java:34) ~[server-1.20.1-20230612.114412-srg.jar%23267!/:?]
	at net.minecraft.server.packs.resources.SimplePreparableReloadListener.m_10789_(SimplePreparableReloadListener.java:13) ~[server-1.20.1-20230612.114412-srg.jar%23267!/:?]
	at java.util.concurrent.CompletableFuture$UniAccept.tryFire(CompletableFuture.java:718) ~[?:?]
	at java.util.concurrent.CompletableFuture$Completion.run(CompletableFuture.java:482) ~[?:?]
	at net.minecraft.server.packs.resources.SimpleReloadInstance.m_143940_(SimpleReloadInstance.java:69) ~[server-1.20.1-20230612.114412-srg.jar%23267!/:?]
	at net.minecraft.Util.m_214652_(Util.java:783) ~[server-1.20.1-20230612.114412-srg.jar%23267!/:?]
	at net.minecraft.Util.m_214679_(Util.java:772) ~[server-1.20.1-20230612.114412-srg.jar%23267!/:?]
	at net.minecraft.server.Main.main(Main.java:166) ~[server-1.20.1-20230612.114412-srg.jar%23267!/:?]
	at jdk.internal.reflect.NativeMethodAccessorImpl.invoke0(Native Method) ~[?:?]
	at jdk.internal.reflect.NativeMethodAccessorImpl.invoke(NativeMethodAccessorImpl.java:77) ~[?:?]
	at jdk.internal.reflect.DelegatingMethodAccessorImpl.invoke(DelegatingMethodAccessorImpl.java:43) ~[?:?]
	at java.lang.reflect.Method.invoke(Method.java:569) ~[?:?]
	at net.minecraftforge.fml.loading.targets.CommonLaunchHandler.runTarget(CommonLaunchHandler.java:111) ~[fmlloader-1.20.1-47.3.7.jar%2369!/:?]
	at net.minecraftforge.fml.loading.targets.CommonLaunchHandler.serverService(CommonLaunchHandler.java:103) ~[fmlloader-1.20.1-47.3.7.jar%2369!/:?]
	at net.minecraftforge.fml.loading.targets.CommonServerLaunchHandler.lambda$makeService$0(CommonServerLaunchHandler.java:27) ~[fmlloader-1.20.1-47.3.7.jar%2369!/:?]
	at cpw.mods.modlauncher.LaunchServiceHandlerDecorator.launch(LaunchServiceHandlerDecorator.java:30) ~[modlauncher-10.0.9.jar%2355!/:?]
	at cpw.mods.modlauncher.LaunchServiceHandler.launch(LaunchServiceHandler.java:53) ~[modlauncher-10.0.9.jar%2355!/:?]
	at cpw.mods.modlauncher.LaunchServiceHandler.launch(LaunchServiceHandler.java:71) ~[modlauncher-10.0.9.jar%2355!/:?]
	at cpw.mods.modlauncher.Launcher.run(Launcher.java:108) ~[modlauncher-10.0.9.jar%2355!/:?]
	at cpw.mods.modlauncher.Launcher.main(Launcher.java:78) ~[modlauncher-10.0.9.jar%2355!/:?]
	at cpw.mods.modlauncher.BootstrapLaunchConsumer.accept(BootstrapLaunchConsumer.java:26) ~[modlauncher-10.0.9.jar%2355!/:?]
	at cpw.mods.modlauncher.BootstrapLaunchConsumer.accept(BootstrapLaunchConsumer.java:23) ~[modlauncher-10.0.9.jar%2355!/:?]
	at cpw.mods.bootstraplauncher.BootstrapLauncher.main(BootstrapLauncher.java:141) ~[bootstraplauncher-1.1.2.jar:?]
[29Mar2026 02:52:04.603] [main/ERROR] [net.minecraft.world.item.crafting.RecipeManager/]: Parsing error loading recipe slashblade_addon:tofu_diamond_blade
com.google.gson.JsonSyntaxException: Unknown item 'tofucraft:tofu_upgrade_smithing_template'
	at net.minecraft.world.item.crafting.ShapedRecipe.m_151280_(ShapedRecipe.java:292) ~[server-1.20.1-20230612.114412-srg.jar%23267!/:?]
	at java.util.Optional.orElseThrow(Optional.java:403) ~[?:?]
	at net.minecraft.world.item.crafting.ShapedRecipe.m_151278_(ShapedRecipe.java:291) ~[server-1.20.1-20230612.114412-srg.jar%23267!/:?]
	at net.minecraft.world.item.crafting.Ingredient.m_43919_(Ingredient.java:219) ~[server-1.20.1-20230612.114412-srg.jar%23267!/:?]
	at net.minecraftforge.common.crafting.VanillaIngredientSerializer.parse(VanillaIngredientSerializer.java:27) ~[forge-1.20.1-47.3.7-universal.jar%23272!/:?]
	at net.minecraftforge.common.crafting.CraftingHelper.getIngredient(CraftingHelper.java:148) ~[forge-1.20.1-47.3.7-universal.jar%23272!/:?]
	at net.minecraft.world.item.crafting.Ingredient.m_288218_(Ingredient.java:194) ~[server-1.20.1-20230612.114412-srg.jar%23267!/:?]
	at net.minecraft.world.item.crafting.Ingredient.m_43917_(Ingredient.java:189) ~[server-1.20.1-20230612.114412-srg.jar%23267!/:?]
	at net.minecraft.world.item.crafting.SmithingTransformRecipe$Serializer.m_6729_(SmithingTransformRecipe.java:73) ~[server-1.20.1-20230612.114412-srg.jar%23267!/:?]
	at net.minecraft.world.item.crafting.SmithingTransformRecipe$Serializer.m_6729_(SmithingTransformRecipe.java:71) ~[server-1.20.1-20230612.114412-srg.jar%23267!/:?]
	at net.minecraftforge.common.extensions.IForgeRecipeSerializer.fromJson(IForgeRecipeSerializer.java:23) ~[forge-1.20.1-47.3.7-universal.jar%23272!/:?]
	at net.minecraft.world.item.crafting.RecipeManager.fromJson(RecipeManager.java:171) ~[server-1.20.1-20230612.114412-srg.jar%23267!/:?]
	at net.minecraft.world.item.crafting.RecipeManager.m_5787_(RecipeManager.java:67) ~[server-1.20.1-20230612.114412-srg.jar%23267!/:?]
	at net.minecraft.world.item.crafting.RecipeManager.m_5787_(RecipeManager.java:34) ~[server-1.20.1-20230612.114412-srg.jar%23267!/:?]
	at net.minecraft.server.packs.resources.SimplePreparableReloadListener.m_10789_(SimplePreparableReloadListener.java:13) ~[server-1.20.1-20230612.114412-srg.jar%23267!/:?]
	at java.util.concurrent.CompletableFuture$UniAccept.tryFire(CompletableFuture.java:718) ~[?:?]
	at java.util.concurrent.CompletableFuture$Completion.run(CompletableFuture.java:482) ~[?:?]
	at net.minecraft.server.packs.resources.SimpleReloadInstance.m_143940_(SimpleReloadInstance.java:69) ~[server-1.20.1-20230612.114412-srg.jar%23267!/:?]
	at net.minecraft.Util.m_214652_(Util.java:783) ~[server-1.20.1-20230612.114412-srg.jar%23267!/:?]
	at net.minecraft.Util.m_214679_(Util.java:772) ~[server-1.20.1-20230612.114412-srg.jar%23267!/:?]
	at net.minecraft.server.Main.main(Main.java:166) ~[server-1.20.1-20230612.114412-srg.jar%23267!/:?]
	at jdk.internal.reflect.NativeMethodAccessorImpl.invoke0(Native Method) ~[?:?]
	at jdk.internal.reflect.NativeMethodAccessorImpl.invoke(NativeMethodAccessorImpl.java:77) ~[?:?]
	at jdk.internal.reflect.DelegatingMethodAccessorImpl.invoke(DelegatingMethodAccessorImpl.java:43) ~[?:?]
	at java.lang.reflect.Method.invoke(Method.java:569) ~[?:?]
	at net.minecraftforge.fml.loading.targets.CommonLaunchHandler.runTarget(CommonLaunchHandler.java:111) ~[fmlloader-1.20.1-47.3.7.jar%2369!/:?]
	at net.minecraftforge.fml.loading.targets.CommonLaunchHandler.serverService(CommonLaunchHandler.java:103) ~[fmlloader-1.20.1-47.3.7.jar%2369!/:?]
	at net.minecraftforge.fml.loading.targets.CommonServerLaunchHandler.lambda$makeService$0(CommonServerLaunchHandler.java:27) ~[fmlloader-1.20.1-47.3.7.jar%2369!/:?]
	at cpw.mods.modlauncher.LaunchServiceHandlerDecorator.launch(LaunchServiceHandlerDecorator.java:30) ~[modlauncher-10.0.9.jar%2355!/:?]
	at cpw.mods.modlauncher.LaunchServiceHandler.launch(LaunchServiceHandler.java:53) ~[modlauncher-10.0.9.jar%2355!/:?]
	at cpw.mods.modlauncher.LaunchServiceHandler.launch(LaunchServiceHandler.java:71) ~[modlauncher-10.0.9.jar%2355!/:?]
	at cpw.mods.modlauncher.Launcher.run(Launcher.java:108) ~[modlauncher-10.0.9.jar%2355!/:?]
	at cpw.mods.modlauncher.Launcher.main(Launcher.java:78) ~[modlauncher-10.0.9.jar%2355!/:?]
	at cpw.mods.modlauncher.BootstrapLaunchConsumer.accept(BootstrapLaunchConsumer.java:26) ~[modlauncher-10.0.9.jar%2355!/:?]
	at cpw.mods.modlauncher.BootstrapLaunchConsumer.accept(BootstrapLaunchConsumer.java:23) ~[modlauncher-10.0.9.jar%2355!/:?]
	at cpw.mods.bootstraplauncher.BootstrapLauncher.main(BootstrapLauncher.java:141) ~[bootstraplauncher-1.1.2.jar:?]
[29Mar2026 02:52:04.619] [main/ERROR] [net.minecraft.world.item.crafting.RecipeManager/]: Parsing error loading recipe slashblade_addon:slashblade_tofu_metal
com.google.gson.JsonSyntaxException: Unknown item 'tofucraft:tofuishi'
	at net.minecraft.world.item.crafting.ShapedRecipe.m_151280_(ShapedRecipe.java:292) ~[server-1.20.1-20230612.114412-srg.jar%23267!/:?]
	at java.util.Optional.orElseThrow(Optional.java:403) ~[?:?]
	at net.minecraft.world.item.crafting.ShapedRecipe.m_151278_(ShapedRecipe.java:291) ~[server-1.20.1-20230612.114412-srg.jar%23267!/:?]
	at net.minecraft.world.item.crafting.Ingredient.m_43919_(Ingredient.java:219) ~[server-1.20.1-20230612.114412-srg.jar%23267!/:?]
	at net.minecraftforge.common.crafting.VanillaIngredientSerializer.parse(VanillaIngredientSerializer.java:27) ~[forge-1.20.1-47.3.7-universal.jar%23272!/:?]
	at net.minecraftforge.common.crafting.CraftingHelper.getIngredient(CraftingHelper.java:148) ~[forge-1.20.1-47.3.7-universal.jar%23272!/:?]
	at net.minecraft.world.item.crafting.Ingredient.m_288218_(Ingredient.java:194) ~[server-1.20.1-20230612.114412-srg.jar%23267!/:?]
	at net.minecraft.world.item.crafting.ShapedRecipe.m_44210_(ShapedRecipe.java:278) ~[server-1.20.1-20230612.114412-srg.jar%23267!/:?]
	at net.minecraft.world.item.crafting.ShapedRecipe$Serializer.m_6729_(ShapedRecipe.java:306) ~[server-1.20.1-20230612.114412-srg.jar%23267!/:?]
	at net.minecraft.world.item.crafting.ShapedRecipe$Serializer.m_6729_(ShapedRecipe.java:301) ~[server-1.20.1-20230612.114412-srg.jar%23267!/:?]
	at mods.flammpfeil.slashblade.recipe.SlashBladeShapedRecipeSerializer.m_6729_(SlashBladeShapedRecipeSerializer.java:26) ~[SlashBladeResharped-1.20.1-0.7.3.jar%23249!/:0.7.3]
	at net.minecraftforge.common.extensions.IForgeRecipeSerializer.fromJson(IForgeRecipeSerializer.java:23) ~[forge-1.20.1-47.3.7-universal.jar%23272!/:?]
	at net.minecraft.world.item.crafting.RecipeManager.fromJson(RecipeManager.java:171) ~[server-1.20.1-20230612.114412-srg.jar%23267!/:?]
	at net.minecraft.world.item.crafting.RecipeManager.m_5787_(RecipeManager.java:67) ~[server-1.20.1-20230612.114412-srg.jar%23267!/:?]
	at net.minecraft.world.item.crafting.RecipeManager.m_5787_(RecipeManager.java:34) ~[server-1.20.1-20230612.114412-srg.jar%23267!/:?]
	at net.minecraft.server.packs.resources.SimplePreparableReloadListener.m_10789_(SimplePreparableReloadListener.java:13) ~[server-1.20.1-20230612.114412-srg.jar%23267!/:?]
	at java.util.concurrent.CompletableFuture$UniAccept.tryFire(CompletableFuture.java:718) ~[?:?]
	at java.util.concurrent.CompletableFuture$Completion.run(CompletableFuture.java:482) ~[?:?]
	at net.minecraft.server.packs.resources.SimpleReloadInstance.m_143940_(SimpleReloadInstance.java:69) ~[server-1.20.1-20230612.114412-srg.jar%23267!/:?]
	at net.minecraft.Util.m_214652_(Util.java:783) ~[server-1.20.1-20230612.114412-srg.jar%23267!/:?]
	at net.minecraft.Util.m_214679_(Util.java:772) ~[server-1.20.1-20230612.114412-srg.jar%23267!/:?]
	at net.minecraft.server.Main.main(Main.java:166) ~[server-1.20.1-20230612.114412-srg.jar%23267!/:?]
	at jdk.internal.reflect.NativeMethodAccessorImpl.invoke0(Native Method) ~[?:?]
	at jdk.internal.reflect.NativeMethodAccessorImpl.invoke(NativeMethodAccessorImpl.java:77) ~[?:?]
	at jdk.internal.reflect.DelegatingMethodAccessorImpl.invoke(DelegatingMethodAccessorImpl.java:43) ~[?:?]
	at java.lang.reflect.Method.invoke(Method.java:569) ~[?:?]
	at net.minecraftforge.fml.loading.targets.CommonLaunchHandler.runTarget(CommonLaunchHandler.java:111) ~[fmlloader-1.20.1-47.3.7.jar%2369!/:?]
	at net.minecraftforge.fml.loading.targets.CommonLaunchHandler.serverService(CommonLaunchHandler.java:103) ~[fmlloader-1.20.1-47.3.7.jar%2369!/:?]
	at net.minecraftforge.fml.loading.targets.CommonServerLaunchHandler.lambda$makeService$0(CommonServerLaunchHandler.java:27) ~[fmlloader-1.20.1-47.3.7.jar%2369!/:?]
	at cpw.mods.modlauncher.LaunchServiceHandlerDecorator.launch(LaunchServiceHandlerDecorator.java:30) ~[modlauncher-10.0.9.jar%2355!/:?]
	at cpw.mods.modlauncher.LaunchServiceHandler.launch(LaunchServiceHandler.java:53) ~[modlauncher-10.0.9.jar%2355!/:?]
	at cpw.mods.modlauncher.LaunchServiceHandler.launch(LaunchServiceHandler.java:71) ~[modlauncher-10.0.9.jar%2355!/:?]
	at cpw.mods.modlauncher.Launcher.run(Launcher.java:108) ~[modlauncher-10.0.9.jar%2355!/:?]
	at cpw.mods.modlauncher.Launcher.main(Launcher.java:78) ~[modlauncher-10.0.9.jar%2355!/:?]
	at cpw.mods.modlauncher.BootstrapLaunchConsumer.accept(BootstrapLaunchConsumer.java:26) ~[modlauncher-10.0.9.jar%2355!/:?]
	at cpw.mods.modlauncher.BootstrapLaunchConsumer.accept(BootstrapLaunchConsumer.java:23) ~[modlauncher-10.0.9.jar%2355!/:?]
	at cpw.mods.bootstraplauncher.BootstrapLauncher.main(BootstrapLauncher.java:141) ~[bootstraplauncher-1.1.2.jar:?]
[29Mar2026 02:52:04.625] [main/INFO] [net.minecraft.world.item.crafting.RecipeManager/]: Loaded 45 recipes
[29Mar2026 02:52:04.717] [main/ERROR] [net.minecraft.server.ServerAdvancementManager/]: Parsing error loading custom advancement slashblade_addon:recipes/combat/tofu_diamond_blade: Unknown item id 'slashblade_addon:slashblade_tofu_metal'
[29Mar2026 02:52:04.825] [main/ERROR] [net.minecraft.server.ServerAdvancementManager/]: Parsing error loading custom advancement beautify:progression/candelabra: Expected item to be an item, was unknown string 'beautify:lamp_candleabra'
[29Mar2026 02:52:04.859] [main/INFO] [net.minecraft.advancements.AdvancementList/]: Loaded 5591 advancements
[29Mar2026 02:52:04.972] [main/INFO] [top.theillusivec4.curios.Curios/]: Loaded 12 curio slots
[29Mar2026 02:52:04.981] [main/ERROR] [top.theillusivec4.curios.Curios/]: talisman is not a registered slot type!
[29Mar2026 02:52:04.982] [main/INFO] [top.theillusivec4.curios.Curios/]: Loaded 11 curio entities
[29Mar2026 02:52:10.874] [Server thread/INFO] [net.minecraft.server.dedicated.DedicatedServer/]: Starting minecraft server version 1.20.1
[29Mar2026 02:52:10.875] [Server thread/INFO] [net.minecraft.server.dedicated.DedicatedServer/]: Loading properties
[29Mar2026 02:52:10.875] [Server thread/INFO] [net.minecraft.server.dedicated.DedicatedServer/]: Default game type: SURVIVAL
[29Mar2026 02:52:10.875] [Server thread/INFO] [net.minecraft.server.MinecraftServer/]: Generating keypair
[29Mar2026 02:52:10.949] [Server thread/INFO] [net.minecraft.server.dedicated.DedicatedServer/]: Starting Minecraft server on *:25565
[29Mar2026 02:52:11.002] [Server thread/INFO] [net.minecraft.server.network.ServerConnectionListener/]: Using epoll channel type
[29Mar2026 02:52:11.143] [Server thread/WARN] [net.minecraft.server.dedicated.DedicatedServer/]: **** SERVER IS RUNNING IN OFFLINE/INSECURE MODE!
[29Mar2026 02:52:11.143] [Server thread/WARN] [net.minecraft.server.dedicated.DedicatedServer/]: The server will make no attempt to authenticate usernames. Beware.
[29Mar2026 02:52:11.143] [Server thread/WARN] [net.minecraft.server.dedicated.DedicatedServer/]: While this makes the game possible to play without internet access, it also opens up the ability for hackers to connect with any username they choose.
[29Mar2026 02:52:11.143] [Server thread/WARN] [net.minecraft.server.dedicated.DedicatedServer/]: To change this, set "online-mode" to "true" in the server.properties file.
[29Mar2026 02:52:11.160] [Server thread/WARN] [net.minecraftforge.common.ForgeConfigSpec/CORE]: Configuration file ./world/serverconfig/jei-server.toml is not correct. Correcting
[29Mar2026 02:52:11.161] [Server thread/WARN] [net.minecraftforge.common.ForgeConfigSpec/CORE]: Incorrect key cheat mode was corrected from null to its default, SimpleCommentedConfig:{}. 
[29Mar2026 02:52:11.162] [Server thread/WARN] [net.minecraftforge.common.ForgeConfigSpec/CORE]: Incorrect key cheat mode.enableCheatModeForOp was corrected from null to its default, true. 
[29Mar2026 02:52:11.162] [Server thread/WARN] [net.minecraftforge.common.ForgeConfigSpec/CORE]: Incorrect key cheat mode.enableCheatModeForCreative was corrected from null to its default, true. 
[29Mar2026 02:52:11.162] [Server thread/WARN] [net.minecraftforge.common.ForgeConfigSpec/CORE]: Incorrect key cheat mode.enableCheatModeForGive was corrected from null to its default, false. 
[29Mar2026 02:52:11.164] [Server thread/WARN] [net.minecraftforge.common.ForgeConfigSpec/CORE]: Configuration file ./world/serverconfig/beautify-server.toml is not correct. Correcting
[29Mar2026 02:52:11.164] [Server thread/WARN] [net.minecraftforge.common.ForgeConfigSpec/CORE]: Incorrect key CATEGORY_BLINDS was corrected from null to its default, SimpleCommentedConfig:{}. 
[29Mar2026 02:52:11.164] [Server thread/WARN] [net.minecraftforge.common.ForgeConfigSpec/CORE]: Incorrect key CATEGORY_BLINDS.searchRadius was corrected from null to its default, 6. 
[29Mar2026 02:52:11.164] [Server thread/WARN] [net.minecraftforge.common.ForgeConfigSpec/CORE]: Incorrect key CATEGORY_BLINDS.opensFromRoot was corrected from null to its default, true. 
[29Mar2026 02:52:11.165] [Server thread/WARN] [net.minecraftforge.common.ForgeConfigSpec/CORE]: Incorrect key CATEGORY_GENERATION was corrected from null to its default, SimpleCommentedConfig:{}. 
[29Mar2026 02:52:11.166] [Server thread/WARN] [net.minecraftforge.common.ForgeConfigSpec/CORE]: Incorrect key CATEGORY_GENERATION.botanistSpawnWeight was corrected from null to its default, 2. 
[29Mar2026 02:52:11.167] [Server thread/WARN] [net.minecraftforge.common.ForgeConfigSpec/CORE]: Configuration file ./world/serverconfig/journeymap-server.toml is not correct. Correcting
[29Mar2026 02:52:11.167] [Server thread/WARN] [net.minecraftforge.common.ForgeConfigSpec/CORE]: Incorrect key admins was corrected from null to its default, SimpleCommentedConfig:{}. 
[29Mar2026 02:52:11.168] [Server thread/WARN] [net.minecraftforge.common.ForgeConfigSpec/CORE]: Incorrect key admins.opAccess was corrected from null to its default, true. 
[29Mar2026 02:52:11.168] [Server thread/WARN] [net.minecraftforge.common.ForgeConfigSpec/CORE]: Incorrect key admins.serverAdmins was corrected from null to its default, [mysticdrew, 79f597fe-2877-4ecb-acdf-8c58cc1854ca]. 
[29Mar2026 02:52:11.169] [Server thread/INFO] [journeymap/]: Loading JourneyMap Forge Configs
[29Mar2026 02:52:11.171] [Thread-1/INFO] [journeymap/]: Loading JourneyMap Forge Configs
[29Mar2026 02:52:11.171] [Server thread/WARN] [net.minecraftforge.common.ForgeConfigSpec/CORE]: Configuration file ./world/serverconfig/sophisticatedbackpacks-server.toml is not correct. Correcting
[29Mar2026 02:52:11.172] [Server thread/WARN] [net.minecraftforge.common.ForgeConfigSpec/CORE]: Incorrect key server was corrected from null to its default, SimpleCommentedConfig:{}. 
[29Mar2026 02:52:11.172] [Server thread/WARN] [net.minecraftforge.common.ForgeConfigSpec/CORE]: Incorrect key server.disallowedItems was corrected from null to its default, []. 
[29Mar2026 02:52:11.172] [Server thread/WARN] [net.minecraftforge.common.ForgeConfigSpec/CORE]: Incorrect key server.containerItemsDisallowed was corrected from null to its default, false. 
[29Mar2026 02:52:11.173] [Server thread/WARN] [net.minecraftforge.common.ForgeConfigSpec/CORE]: Incorrect key server.noInteractionBlocks was corrected from null to its default, []. 
[29Mar2026 02:52:11.173] [Server thread/WARN] [net.minecraftforge.common.ForgeConfigSpec/CORE]: Incorrect key server.noConnectionBlocks was corrected from null to its default, []. 
[29Mar2026 02:52:11.174] [Server thread/WARN] [net.minecraftforge.common.ForgeConfigSpec/CORE]: Incorrect key server.leatherBackpack was corrected from null to its default, SimpleCommentedConfig:{}. 
[29Mar2026 02:52:11.174] [Server thread/WARN] [net.minecraftforge.common.ForgeConfigSpec/CORE]: Incorrect key server.leatherBackpack.inventorySlotCount was corrected from null to its default, 27. 
[29Mar2026 02:52:11.175] [Server thread/WARN] [net.minecraftforge.common.ForgeConfigSpec/CORE]: Incorrect key server.leatherBackpack.upgradeSlotCount was corrected from null to its default, 1. 
[29Mar2026 02:52:11.175] [Server thread/WARN] [net.minecraftforge.common.ForgeConfigSpec/CORE]: Incorrect key server.copperBackpack was corrected from null to its default, SimpleCommentedConfig:{}. 
[29Mar2026 02:52:11.176] [Server thread/WARN] [net.minecraftforge.common.ForgeConfigSpec/CORE]: Incorrect key server.copperBackpack.inventorySlotCount was corrected from null to its default, 45. 
[29Mar2026 02:52:11.176] [Server thread/WARN] [net.minecraftforge.common.ForgeConfigSpec/CORE]: Incorrect key server.copperBackpack.upgradeSlotCount was corrected from null to its default, 1. 
[29Mar2026 02:52:11.176] [Server thread/WARN] [net.minecraftforge.common.ForgeConfigSpec/CORE]: Incorrect key server.ironBackpack was corrected from null to its default, SimpleCommentedConfig:{}. 
[29Mar2026 02:52:11.176] [Server thread/WARN] [net.minecraftforge.common.ForgeConfigSpec/CORE]: Incorrect key server.ironBackpack.inventorySlotCount was corrected from null to its default, 54. 
[29Mar2026 02:52:11.177] [Server thread/WARN] [net.minecraftforge.common.ForgeConfigSpec/CORE]: Incorrect key server.ironBackpack.upgradeSlotCount was corrected from null to its default, 2. 
[29Mar2026 02:52:11.177] [Server thread/WARN] [net.minecraftforge.common.ForgeConfigSpec/CORE]: Incorrect key server.goldBackpack was corrected from null to its default, SimpleCommentedConfig:{}. 
[29Mar2026 02:52:11.177] [Server thread/WARN] [net.minecraftforge.common.ForgeConfigSpec/CORE]: Incorrect key server.goldBackpack.inventorySlotCount was corrected from null to its default, 81. 
[29Mar2026 02:52:11.177] [Server thread/WARN] [net.minecraftforge.common.ForgeConfigSpec/CORE]: Incorrect key server.goldBackpack.upgradeSlotCount was corrected from null to its default, 3. 
[29Mar2026 02:52:11.177] [Server thread/WARN] [net.minecraftforge.common.ForgeConfigSpec/CORE]: Incorrect key server.diamondBackpack was corrected from null to its default, SimpleCommentedConfig:{}. 
[29Mar2026 02:52:11.177] [Server thread/WARN] [net.minecraftforge.common.ForgeConfigSpec/CORE]: Incorrect key server.diamondBackpack.inventorySlotCount was corrected from null to its default, 108. 
[29Mar2026 02:52:11.178] [Server thread/WARN] [net.minecraftforge.common.ForgeConfigSpec/CORE]: Incorrect key server.diamondBackpack.upgradeSlotCount was corrected from null to its default, 5. 
[29Mar2026 02:52:11.178] [Server thread/WARN] [net.minecraftforge.common.ForgeConfigSpec/CORE]: Incorrect key server.netheriteBackpack was corrected from null to its default, SimpleCommentedConfig:{}. 
[29Mar2026 02:52:11.178] [Server thread/WARN] [net.minecraftforge.common.ForgeConfigSpec/CORE]: Incorrect key server.netheriteBackpack.inventorySlotCount was corrected from null to its default, 120. 
[29Mar2026 02:52:11.178] [Server thread/WARN] [net.minecraftforge.common.ForgeConfigSpec/CORE]: Incorrect key server.netheriteBackpack.upgradeSlotCount was corrected from null to its default, 7. 
[29Mar2026 02:52:11.178] [Server thread/WARN] [net.minecraftforge.common.ForgeConfigSpec/CORE]: Incorrect key server.compactingUpgrade was corrected from null to its default, SimpleCommentedConfig:{}. 
[29Mar2026 02:52:11.180] [Server thread/WARN] [net.minecraftforge.common.ForgeConfigSpec/CORE]: Incorrect key server.compactingUpgrade.filterSlots was corrected from null to its default, 9. 
[29Mar2026 02:52:11.181] [Server thread/WARN] [net.minecraftforge.common.ForgeConfigSpec/CORE]: Incorrect key server.compactingUpgrade.slotsInRow was corrected from null to its default, 3. 
[29Mar2026 02:52:11.181] [Server thread/WARN] [net.minecraftforge.common.ForgeConfigSpec/CORE]: Incorrect key server.advancedCompactingUpgrade was corrected from null to its default, SimpleCommentedConfig:{}. 
[29Mar2026 02:52:11.182] [Server thread/WARN] [net.minecraftforge.common.ForgeConfigSpec/CORE]: Incorrect key server.advancedCompactingUpgrade.filterSlots was corrected from null to its default, 16. 
[29Mar2026 02:52:11.183] [Server thread/WARN] [net.minecraftforge.common.ForgeConfigSpec/CORE]: Incorrect key server.advancedCompactingUpgrade.slotsInRow was corrected from null to its default, 4. 
[29Mar2026 02:52:11.184] [Server thread/WARN] [net.minecraftforge.common.ForgeConfigSpec/CORE]: Incorrect key server.depositUpgrade was corrected from null to its default, SimpleCommentedConfig:{}. 
[29Mar2026 02:52:11.184] [Server thread/WARN] [net.minecraftforge.common.ForgeConfigSpec/CORE]: Incorrect key server.depositUpgrade.filterSlots was corrected from null to its default, 9. 
[29Mar2026 02:52:11.185] [Server thread/WARN] [net.minecraftforge.common.ForgeConfigSpec/CORE]: Incorrect key server.depositUpgrade.slotsInRow was corrected from null to its default, 3. 
[29Mar2026 02:52:11.187] [Server thread/WARN] [net.minecraftforge.common.ForgeConfigSpec/CORE]: Incorrect key server.advancedDepositUpgrade was corrected from null to its default, SimpleCommentedConfig:{}. 
[29Mar2026 02:52:11.188] [Server thread/WARN] [net.minecraftforge.common.ForgeConfigSpec/CORE]: Incorrect key server.advancedDepositUpgrade.filterSlots was corrected from null to its default, 16. 
[29Mar2026 02:52:11.189] [Server thread/WARN] [net.minecraftforge.common.ForgeConfigSpec/CORE]: Incorrect key server.advancedDepositUpgrade.slotsInRow was corrected from null to its default, 4. 
[29Mar2026 02:52:11.190] [Server thread/WARN] [net.minecraftforge.common.ForgeConfigSpec/CORE]: Incorrect key server.feedingUpgrade was corrected from null to its default, SimpleCommentedConfig:{}. 
[29Mar2026 02:52:11.191] [Server thread/WARN] [net.minecraftforge.common.ForgeConfigSpec/CORE]: Incorrect key server.feedingUpgrade.filterSlots was corrected from null to its default, 9. 
[29Mar2026 02:52:11.191] [Server thread/WARN] [net.minecraftforge.common.ForgeConfigSpec/CORE]: Incorrect key server.feedingUpgrade.slotsInRow was corrected from null to its default, 3. 
[29Mar2026 02:52:11.192] [Server thread/WARN] [net.minecraftforge.common.ForgeConfigSpec/CORE]: Incorrect key server.advancedFeedingUpgrade was corrected from null to its default, SimpleCommentedConfig:{}. 
[29Mar2026 02:52:11.193] [Server thread/WARN] [net.minecraftforge.common.ForgeConfigSpec/CORE]: Incorrect key server.advancedFeedingUpgrade.filterSlots was corrected from null to its default, 16. 
[29Mar2026 02:52:11.193] [Server thread/WARN] [net.minecraftforge.common.ForgeConfigSpec/CORE]: Incorrect key server.advancedFeedingUpgrade.slotsInRow was corrected from null to its default, 4. 
[29Mar2026 02:52:11.193] [Server thread/WARN] [net.minecraftforge.common.ForgeConfigSpec/CORE]: Incorrect key server.filterUpgrade was corrected from null to its default, SimpleCommentedConfig:{}. 
[29Mar2026 02:52:11.193] [Server thread/WARN] [net.minecraftforge.common.ForgeConfigSpec/CORE]: Incorrect key server.filterUpgrade.filterSlots was corrected from null to its default, 9. 
[29Mar2026 02:52:11.193] [Server thread/WARN] [net.minecraftforge.common.ForgeConfigSpec/CORE]: Incorrect key server.filterUpgrade.slotsInRow was corrected from null to its default, 3. 
[29Mar2026 02:52:11.195] [Server thread/WARN] [net.minecraftforge.common.ForgeConfigSpec/CORE]: Incorrect key server.advancedFilterUpgrade was corrected from null to its default, SimpleCommentedConfig:{}. 
[29Mar2026 02:52:11.195] [Server thread/WARN] [net.minecraftforge.common.ForgeConfigSpec/CORE]: Incorrect key server.advancedFilterUpgrade.filterSlots was corrected from null to its default, 16. 
[29Mar2026 02:52:11.196] [Server thread/WARN] [net.minecraftforge.common.ForgeConfigSpec/CORE]: Incorrect key server.advancedFilterUpgrade.slotsInRow was corrected from null to its default, 4. 
[29Mar2026 02:52:11.197] [Server thread/WARN] [net.minecraftforge.common.ForgeConfigSpec/CORE]: Incorrect key server.magnetUpgrade was corrected from null to its default, SimpleCommentedConfig:{}. 
[29Mar2026 02:52:11.197] [Server thread/WARN] [net.minecraftforge.common.ForgeConfigSpec/CORE]: Incorrect key server.magnetUpgrade.filterSlots was corrected from null to its default, 9. 
[29Mar2026 02:52:11.198] [Server thread/WARN] [net.minecraftforge.common.ForgeConfigSpec/CORE]: Incorrect key server.magnetUpgrade.slotsInRow was corrected from null to its default, 3. 
[29Mar2026 02:52:11.198] [Server thread/WARN] [net.minecraftforge.common.ForgeConfigSpec/CORE]: Incorrect key server.magnetUpgrade.magnetRange was corrected from null to its default, 3. 
[29Mar2026 02:52:11.199] [Server thread/WARN] [net.minecraftforge.common.ForgeConfigSpec/CORE]: Incorrect key server.advancedMagnetUpgrade was corrected from null to its default, SimpleCommentedConfig:{}. 
[29Mar2026 02:52:11.199] [Server thread/WARN] [net.minecraftforge.common.ForgeConfigSpec/CORE]: Incorrect key server.advancedMagnetUpgrade.filterSlots was corrected from null to its default, 16. 
[29Mar2026 02:52:11.199] [Server thread/WARN] [net.minecraftforge.common.ForgeConfigSpec/CORE]: Incorrect key server.advancedMagnetUpgrade.slotsInRow was corrected from null to its default, 4. 
[29Mar2026 02:52:11.199] [Server thread/WARN] [net.minecraftforge.common.ForgeConfigSpec/CORE]: Incorrect key server.advancedMagnetUpgrade.magnetRange was corrected from null to its default, 5. 
[29Mar2026 02:52:11.199] [Server thread/WARN] [net.minecraftforge.common.ForgeConfigSpec/CORE]: Incorrect key server.pickupUpgrade was corrected from null to its default, SimpleCommentedConfig:{}. 
[29Mar2026 02:52:11.202] [Server thread/WARN] [net.minecraftforge.common.ForgeConfigSpec/CORE]: Incorrect key server.pickupUpgrade.filterSlots was corrected from null to its default, 9. 
[29Mar2026 02:52:11.203] [Server thread/WARN] [net.minecraftforge.common.ForgeConfigSpec/CORE]: Incorrect key server.pickupUpgrade.slotsInRow was corrected from null to its default, 3. 
[29Mar2026 02:52:11.205] [Server thread/WARN] [net.minecraftforge.common.ForgeConfigSpec/CORE]: Incorrect key server.advancedPickupUpgrade was corrected from null to its default, SimpleCommentedConfig:{}. 
[29Mar2026 02:52:11.205] [Server thread/WARN] [net.minecraftforge.common.ForgeConfigSpec/CORE]: Incorrect key server.advancedPickupUpgrade.filterSlots was corrected from null to its default, 16. 
[29Mar2026 02:52:11.205] [Server thread/WARN] [net.minecraftforge.common.ForgeConfigSpec/CORE]: Incorrect key server.advancedPickupUpgrade.slotsInRow was corrected from null to its default, 4. 
[29Mar2026 02:52:11.205] [Server thread/WARN] [net.minecraftforge.common.ForgeConfigSpec/CORE]: Incorrect key server.refillUpgrade was corrected from null to its default, SimpleCommentedConfig:{}. 
[29Mar2026 02:52:11.206] [Server thread/WARN] [net.minecraftforge.common.ForgeConfigSpec/CORE]: Incorrect key server.refillUpgrade.filterSlots was corrected from null to its default, 6. 
[29Mar2026 02:52:11.206] [Server thread/WARN] [net.minecraftforge.common.ForgeConfigSpec/CORE]: Incorrect key server.refillUpgrade.slotsInRow was corrected from null to its default, 3. 
[29Mar2026 02:52:11.206] [Server thread/WARN] [net.minecraftforge.common.ForgeConfigSpec/CORE]: Incorrect key server.advancedRefillUpgrade was corrected from null to its default, SimpleCommentedConfig:{}. 
[29Mar2026 02:52:11.206] [Server thread/WARN] [net.minecraftforge.common.ForgeConfigSpec/CORE]: Incorrect key server.advancedRefillUpgrade.filterSlots was corrected from null to its default, 12. 
[29Mar2026 02:52:11.206] [Server thread/WARN] [net.minecraftforge.common.ForgeConfigSpec/CORE]: Incorrect key server.advancedRefillUpgrade.slotsInRow was corrected from null to its default, 4. 
[29Mar2026 02:52:11.209] [Server thread/WARN] [net.minecraftforge.common.ForgeConfigSpec/CORE]: Incorrect key server.restockUpgrade was corrected from null to its default, SimpleCommentedConfig:{}. 
[29Mar2026 02:52:11.211] [Server thread/WARN] [net.minecraftforge.common.ForgeConfigSpec/CORE]: Incorrect key server.restockUpgrade.filterSlots was corrected from null to its default, 9. 
[29Mar2026 02:52:11.211] [Server thread/WARN] [net.minecraftforge.common.ForgeConfigSpec/CORE]: Incorrect key server.restockUpgrade.slotsInRow was corrected from null to its default, 3. 
[29Mar2026 02:52:11.212] [Server thread/WARN] [net.minecraftforge.common.ForgeConfigSpec/CORE]: Incorrect key server.advancedRestockUpgrade was corrected from null to its default, SimpleCommentedConfig:{}. 
[29Mar2026 02:52:11.213] [Server thread/WARN] [net.minecraftforge.common.ForgeConfigSpec/CORE]: Incorrect key server.advancedRestockUpgrade.filterSlots was corrected from null to its default, 16. 
[29Mar2026 02:52:11.215] [Server thread/WARN] [net.minecraftforge.common.ForgeConfigSpec/CORE]: Incorrect key server.advancedRestockUpgrade.slotsInRow was corrected from null to its default, 4. 
[29Mar2026 02:52:11.216] [Server thread/WARN] [net.minecraftforge.common.ForgeConfigSpec/CORE]: Incorrect key server.voidUpgrade was corrected from null to its default, SimpleCommentedConfig:{}. 
[29Mar2026 02:52:11.219] [Server thread/WARN] [net.minecraftforge.common.ForgeConfigSpec/CORE]: Incorrect key server.voidUpgrade.filterSlots was corrected from null to its default, 9. 
[29Mar2026 02:52:11.219] [Server thread/WARN] [net.minecraftforge.common.ForgeConfigSpec/CORE]: Incorrect key server.voidUpgrade.slotsInRow was corrected from null to its default, 3. 
[29Mar2026 02:52:11.219] [Server thread/WARN] [net.minecraftforge.common.ForgeConfigSpec/CORE]: Incorrect key server.voidUpgrade.voidAnythingEnabled was corrected from null to its default, true. 
[29Mar2026 02:52:11.219] [Server thread/WARN] [net.minecraftforge.common.ForgeConfigSpec/CORE]: Incorrect key server.advancedVoidUpgrade was corrected from null to its default, SimpleCommentedConfig:{}. 
[29Mar2026 02:52:11.219] [Server thread/WARN] [net.minecraftforge.common.ForgeConfigSpec/CORE]: Incorrect key server.advancedVoidUpgrade.filterSlots was corrected from null to its default, 16. 
[29Mar2026 02:52:11.220] [Server thread/WARN] [net.minecraftforge.common.ForgeConfigSpec/CORE]: Incorrect key server.advancedVoidUpgrade.slotsInRow was corrected from null to its default, 4. 
[29Mar2026 02:52:11.220] [Server thread/WARN] [net.minecraftforge.common.ForgeConfigSpec/CORE]: Incorrect key server.advancedVoidUpgrade.voidAnythingEnabled was corrected from null to its default, true. 
[29Mar2026 02:52:11.221] [Server thread/WARN] [net.minecraftforge.common.ForgeConfigSpec/CORE]: Incorrect key server.stackUpgrade was corrected from null to its default, SimpleCommentedConfig:{}. 
[29Mar2026 02:52:11.221] [Server thread/WARN] [net.minecraftforge.common.ForgeConfigSpec/CORE]: Incorrect key server.stackUpgrade.nonStackableItems was corrected from null to its default, [minecraft:bundle, minecraft:shulker_box, minecraft:white_shulker_box, minecraft:orange_shulker_box, minecraft:magenta_shulker_box, minecraft:light_blue_shulker_box, minecraft:yellow_shulker_box, minecraft:lime_shulker_box, minecraft:pink_shulker_box, minecraft:gray_shulker_box, minecraft:light_gray_shulker_box, minecraft:cyan_shulker_box, minecraft:purple_shulker_box, minecraft:blue_shulker_box, minecraft:brown_shulker_box, minecraft:green_shulker_box, minecraft:red_shulker_box, minecraft:black_shulker_box]. 
[29Mar2026 02:52:11.222] [Server thread/WARN] [net.minecraftforge.common.ForgeConfigSpec/CORE]: Incorrect key server.smeltingUpgrade was corrected from null to its default, SimpleCommentedConfig:{}. 
[29Mar2026 02:52:11.222] [Server thread/WARN] [net.minecraftforge.common.ForgeConfigSpec/CORE]: Incorrect key server.smeltingUpgrade.smeltingSpeedMultiplier was corrected from null to its default, 1.0. 
[29Mar2026 02:52:11.223] [Server thread/WARN] [net.minecraftforge.common.ForgeConfigSpec/CORE]: Incorrect key server.smeltingUpgrade.fuelEfficiencyMultiplier was corrected from null to its default, 1.0. 
[29Mar2026 02:52:11.223] [Server thread/WARN] [net.minecraftforge.common.ForgeConfigSpec/CORE]: Incorrect key server.smokingUpgrade was corrected from null to its default, SimpleCommentedConfig:{}. 
[29Mar2026 02:52:11.223] [Server thread/WARN] [net.minecraftforge.common.ForgeConfigSpec/CORE]: Incorrect key server.smokingUpgrade.smeltingSpeedMultiplier was corrected from null to its default, 1.0. 
[29Mar2026 02:52:11.223] [Server thread/WARN] [net.minecraftforge.common.ForgeConfigSpec/CORE]: Incorrect key server.smokingUpgrade.fuelEfficiencyMultiplier was corrected from null to its default, 1.0. 
[29Mar2026 02:52:11.223] [Server thread/WARN] [net.minecraftforge.common.ForgeConfigSpec/CORE]: Incorrect key server.blastingUpgrade was corrected from null to its default, SimpleCommentedConfig:{}. 
[29Mar2026 02:52:11.224] [Server thread/WARN] [net.minecraftforge.common.ForgeConfigSpec/CORE]: Incorrect key server.blastingUpgrade.smeltingSpeedMultiplier was corrected from null to its default, 1.0. 
[29Mar2026 02:52:11.224] [Server thread/WARN] [net.minecraftforge.common.ForgeConfigSpec/CORE]: Incorrect key server.blastingUpgrade.fuelEfficiencyMultiplier was corrected from null to its default, 1.0. 
[29Mar2026 02:52:11.224] [Server thread/WARN] [net.minecraftforge.common.ForgeConfigSpec/CORE]: Incorrect key server.autoSmeltingUpgrade was corrected from null to its default, SimpleCommentedConfig:{}. 
[29Mar2026 02:52:11.224] [Server thread/WARN] [net.minecraftforge.common.ForgeConfigSpec/CORE]: Incorrect key server.autoSmeltingUpgrade.smeltingSpeedMultiplier was corrected from null to its default, 1.0. 
[29Mar2026 02:52:11.224] [Server thread/WARN] [net.minecraftforge.common.ForgeConfigSpec/CORE]: Incorrect key server.autoSmeltingUpgrade.fuelEfficiencyMultiplier was corrected from null to its default, 1.0. 
[29Mar2026 02:52:11.225] [Server thread/WARN] [net.minecraftforge.common.ForgeConfigSpec/CORE]: Incorrect key server.autoSmeltingUpgrade.inputFilterSlots was corrected from null to its default, 8. 
[29Mar2026 02:52:11.226] [Server thread/WARN] [net.minecraftforge.common.ForgeConfigSpec/CORE]: Incorrect key server.autoSmeltingUpgrade.inputFilterSlotsInRow was corrected from null to its default, 4. 
[29Mar2026 02:52:11.226] [Server thread/WARN] [net.minecraftforge.common.ForgeConfigSpec/CORE]: Incorrect key server.autoSmeltingUpgrade.fuelFilterSlots was corrected from null to its default, 4. 
[29Mar2026 02:52:11.227] [Server thread/WARN] [net.minecraftforge.common.ForgeConfigSpec/CORE]: Incorrect key server.autoSmeltingUpgrade.fuelFilterSlotsInRow was corrected from null to its default, 4. 
[29Mar2026 02:52:11.227] [Server thread/WARN] [net.minecraftforge.common.ForgeConfigSpec/CORE]: Incorrect key server.autoSmokingUpgrade was corrected from null to its default, SimpleCommentedConfig:{}. 
[29Mar2026 02:52:11.227] [Server thread/WARN] [net.minecraftforge.common.ForgeConfigSpec/CORE]: Incorrect key server.autoSmokingUpgrade.smeltingSpeedMultiplier was corrected from null to its default, 1.0. 
[29Mar2026 02:52:11.228] [Server thread/WARN] [net.minecraftforge.common.ForgeConfigSpec/CORE]: Incorrect key server.autoSmokingUpgrade.fuelEfficiencyMultiplier was corrected from null to its default, 1.0. 
[29Mar2026 02:52:11.228] [Server thread/WARN] [net.minecraftforge.common.ForgeConfigSpec/CORE]: Incorrect key server.autoSmokingUpgrade.inputFilterSlots was corrected from null to its default, 8. 
[29Mar2026 02:52:11.228] [Server thread/WARN] [net.minecraftforge.common.ForgeConfigSpec/CORE]: Incorrect key server.autoSmokingUpgrade.inputFilterSlotsInRow was corrected from null to its default, 4. 
[29Mar2026 02:52:11.228] [Server thread/WARN] [net.minecraftforge.common.ForgeConfigSpec/CORE]: Incorrect key server.autoSmokingUpgrade.fuelFilterSlots was corrected from null to its default, 4. 
[29Mar2026 02:52:11.229] [Server thread/WARN] [net.minecraftforge.common.ForgeConfigSpec/CORE]: Incorrect key server.autoSmokingUpgrade.fuelFilterSlotsInRow was corrected from null to its default, 4. 
[29Mar2026 02:52:11.229] [Server thread/WARN] [net.minecraftforge.common.ForgeConfigSpec/CORE]: Incorrect key server.autoBlastingUpgrade was corrected from null to its default, SimpleCommentedConfig:{}. 
[29Mar2026 02:52:11.230] [Server thread/WARN] [net.minecraftforge.common.ForgeConfigSpec/CORE]: Incorrect key server.autoBlastingUpgrade.smeltingSpeedMultiplier was corrected from null to its default, 1.0. 
[29Mar2026 02:52:11.230] [Server thread/WARN] [net.minecraftforge.common.ForgeConfigSpec/CORE]: Incorrect key server.autoBlastingUpgrade.fuelEfficiencyMultiplier was corrected from null to its default, 1.0. 
[29Mar2026 02:52:11.231] [Server thread/WARN] [net.minecraftforge.common.ForgeConfigSpec/CORE]: Incorrect key server.autoBlastingUpgrade.inputFilterSlots was corrected from null to its default, 8. 
[29Mar2026 02:52:11.231] [Server thread/WARN] [net.minecraftforge.common.ForgeConfigSpec/CORE]: Incorrect key server.autoBlastingUpgrade.inputFilterSlotsInRow was corrected from null to its default, 4. 
[29Mar2026 02:52:11.231] [Server thread/WARN] [net.minecraftforge.common.ForgeConfigSpec/CORE]: Incorrect key server.autoBlastingUpgrade.fuelFilterSlots was corrected from null to its default, 4. 
[29Mar2026 02:52:11.231] [Server thread/WARN] [net.minecraftforge.common.ForgeConfigSpec/CORE]: Incorrect key server.autoBlastingUpgrade.fuelFilterSlotsInRow was corrected from null to its default, 4. 
[29Mar2026 02:52:11.232] [Server thread/WARN] [net.minecraftforge.common.ForgeConfigSpec/CORE]: Incorrect key server.inceptionUpgrade was corrected from null to its default, SimpleCommentedConfig:{}. 
[29Mar2026 02:52:11.232] [Server thread/WARN] [net.minecraftforge.common.ForgeConfigSpec/CORE]: Incorrect key server.inceptionUpgrade.upgradesUseInventoriesOfBackpacksInBackpack was corrected from null to its default, true. 
[29Mar2026 02:52:11.232] [Server thread/WARN] [net.minecraftforge.common.ForgeConfigSpec/CORE]: Incorrect key server.inceptionUpgrade.upgradesInContainedBackpacksAreFunctional was corrected from null to its default, true. 
[29Mar2026 02:52:11.232] [Server thread/WARN] [net.minecraftforge.common.ForgeConfigSpec/CORE]: Incorrect key server.toolSwapperUpgrade was corrected from null to its default, SimpleCommentedConfig:{}. 
[29Mar2026 02:52:11.232] [Server thread/WARN] [net.minecraftforge.common.ForgeConfigSpec/CORE]: Incorrect key server.toolSwapperUpgrade.filterSlots was corrected from null to its default, 8. 
[29Mar2026 02:52:11.232] [Server thread/WARN] [net.minecraftforge.common.ForgeConfigSpec/CORE]: Incorrect key server.toolSwapperUpgrade.slotsInRow was corrected from null to its default, 4. 
[29Mar2026 02:52:11.234] [Server thread/WARN] [net.minecraftforge.common.ForgeConfigSpec/CORE]: Incorrect key server.tankUpgrade was corrected from null to its default, SimpleCommentedConfig:{}. 
[29Mar2026 02:52:11.234] [Server thread/WARN] [net.minecraftforge.common.ForgeConfigSpec/CORE]: Incorrect key server.tankUpgrade.capacityPerSlotRow was corrected from null to its default, 4000. 
[29Mar2026 02:52:11.235] [Server thread/WARN] [net.minecraftforge.common.ForgeConfigSpec/CORE]: Incorrect key server.tankUpgrade.stackMultiplierRatio was corrected from null to its default, 1.0. 
[29Mar2026 02:52:11.235] [Server thread/WARN] [net.minecraftforge.common.ForgeConfigSpec/CORE]: Incorrect key server.tankUpgrade.autoFillDrainContainerCooldown was corrected from null to its default, 20. 
[29Mar2026 02:52:11.235] [Server thread/WARN] [net.minecraftforge.common.ForgeConfigSpec/CORE]: Incorrect key server.tankUpgrade.maxInputOutput was corrected from null to its default, 20. 
[29Mar2026 02:52:11.236] [Server thread/WARN] [net.minecraftforge.common.ForgeConfigSpec/CORE]: Incorrect key server.tankUpgrade.energyPerSlotRow was corrected from null to its default, 10000. 
[29Mar2026 02:52:11.236] [Server thread/WARN] [net.minecraftforge.common.ForgeConfigSpec/CORE]: Incorrect key server.pumpUpgrade was corrected from null to its default, SimpleCommentedConfig:{}. 
[29Mar2026 02:52:11.236] [Server thread/WARN] [net.minecraftforge.common.ForgeConfigSpec/CORE]: Incorrect key server.pumpUpgrade.filterSlots was corrected from null to its default, 4. 
[29Mar2026 02:52:11.237] [Server thread/WARN] [net.minecraftforge.common.ForgeConfigSpec/CORE]: Incorrect key server.pumpUpgrade.maxInputOutput was corrected from null to its default, 20. 
[29Mar2026 02:52:11.237] [Server thread/WARN] [net.minecraftforge.common.ForgeConfigSpec/CORE]: Incorrect key server.pumpUpgrade.stackMultiplierRatio was corrected from null to its default, 1.0. 
[29Mar2026 02:52:11.237] [Server thread/WARN] [net.minecraftforge.common.ForgeConfigSpec/CORE]: Incorrect key server.xpPumpUpgrade was corrected from null to its default, SimpleCommentedConfig:{}. 
[29Mar2026 02:52:11.237] [Server thread/WARN] [net.minecraftforge.common.ForgeConfigSpec/CORE]: Incorrect key server.xpPumpUpgrade.mendingOn was corrected from null to its default, true. 
[29Mar2026 02:52:11.237] [Server thread/WARN] [net.minecraftforge.common.ForgeConfigSpec/CORE]: Incorrect key server.xpPumpUpgrade.maxXpPointsPerMending was corrected from null to its default, 5. 
[29Mar2026 02:52:11.238] [Server thread/WARN] [net.minecraftforge.common.ForgeConfigSpec/CORE]: Incorrect key server.entityBackpackAdditions was corrected from null to its default, SimpleCommentedConfig:{}. 
[29Mar2026 02:52:11.239] [Server thread/WARN] [net.minecraftforge.common.ForgeConfigSpec/CORE]: Incorrect key server.entityBackpackAdditions.chance was corrected from null to its default, 0.01. 
[29Mar2026 02:52:11.239] [Server thread/WARN] [net.minecraftforge.common.ForgeConfigSpec/CORE]: Incorrect key server.entityBackpackAdditions.addLoot was corrected from null to its default, true. 
[29Mar2026 02:52:11.240] [Server thread/WARN] [net.minecraftforge.common.ForgeConfigSpec/CORE]: Incorrect key server.entityBackpackAdditions.buffWithPotionEffects was corrected from null to its default, true. 
[29Mar2026 02:52:11.240] [Server thread/WARN] [net.minecraftforge.common.ForgeConfigSpec/CORE]: Incorrect key server.entityBackpackAdditions.buffHealth was corrected from null to its default, true. 
[29Mar2026 02:52:11.240] [Server thread/WARN] [net.minecraftforge.common.ForgeConfigSpec/CORE]: Incorrect key server.entityBackpackAdditions.equipWithArmor was corrected from null to its default, true. 
[29Mar2026 02:52:11.241] [Server thread/WARN] [net.minecraftforge.common.ForgeConfigSpec/CORE]: Incorrect key server.entityBackpackAdditions.entityLootTableList was corrected from null to its default, [minecraft:creeper|minecraft:chests/desert_pyramid, minecraft:drowned|minecraft:chests/shipwreck_treasure, minecraft:enderman|minecraft:chests/end_city_treasure, minecraft:evoker|minecraft:chests/woodland_mansion, minecraft:husk|minecraft:chests/desert_pyramid, minecraft:piglin|minecraft:chests/bastion_bridge, minecraft:piglin_brute|minecraft:chests/bastion_treasure, minecraft:pillager|minecraft:chests/pillager_outpost, minecraft:skeleton|minecraft:chests/simple_dungeon, minecraft:stray|minecraft:chests/igloo_chest, minecraft:vex|minecraft:chests/woodland_mansion, minecraft:vindicator|minecraft:chests/woodland_mansion, minecraft:witch|minecraft:chests/buried_treasure, minecraft:wither_skeleton|minecraft:chests/nether_bridge, minecraft:zombie|minecraft:chests/simple_dungeon, minecraft:zombie_villager|minecraft:chests/village/village_armorer, minecraft:zombified_piglin|minecraft:chests/bastion_other]. 
[29Mar2026 02:52:11.242] [Server thread/WARN] [net.minecraftforge.common.ForgeConfigSpec/CORE]: Incorrect key server.entityBackpackAdditions.discBlockList was corrected from null to its default, [botania:record_gaia_1, botania:record_gaia_2]. 
[29Mar2026 02:52:11.243] [Server thread/WARN] [net.minecraftforge.common.ForgeConfigSpec/CORE]: Incorrect key server.entityBackpackAdditions.playJukebox was corrected from null to its default, true. 
[29Mar2026 02:52:11.243] [Server thread/WARN] [net.minecraftforge.common.ForgeConfigSpec/CORE]: Incorrect key server.entityBackpackAdditions.dropToFakePlayers was corrected from null to its default, false. 
[29Mar2026 02:52:11.243] [Server thread/WARN] [net.minecraftforge.common.ForgeConfigSpec/CORE]: Incorrect key server.entityBackpackAdditions.backpackDropChance was corrected from null to its default, 0.5. 
[29Mar2026 02:52:11.244] [Server thread/WARN] [net.minecraftforge.common.ForgeConfigSpec/CORE]: Incorrect key server.entityBackpackAdditions.lootingChanceIncreasePerLevel was corrected from null to its default, 0.15. 
[29Mar2026 02:52:11.244] [Server thread/WARN] [net.minecraftforge.common.ForgeConfigSpec/CORE]: Incorrect key server.nerfs was corrected from null to its default, SimpleCommentedConfig:{}. 
[29Mar2026 02:52:11.244] [Server thread/WARN] [net.minecraftforge.common.ForgeConfigSpec/CORE]: Incorrect key server.nerfs.tooManyBackpacksSlowness was corrected from null to its default, false. 
[29Mar2026 02:52:11.244] [Server thread/WARN] [net.minecraftforge.common.ForgeConfigSpec/CORE]: Incorrect key server.nerfs.maxNumberOfBackpacks was corrected from null to its default, 3. 
[29Mar2026 02:52:11.244] [Server thread/WARN] [net.minecraftforge.common.ForgeConfigSpec/CORE]: Incorrect key server.nerfs.slownessLevelsPerAdditionalBackpack was corrected from null to its default, 1.0. 
[29Mar2026 02:52:11.244] [Server thread/WARN] [net.minecraftforge.common.ForgeConfigSpec/CORE]: Incorrect key server.nerfs.onlyWornBackpackTriggersUpgrades was corrected from null to its default, false. 
[29Mar2026 02:52:11.246] [Server thread/WARN] [net.minecraftforge.common.ForgeConfigSpec/CORE]: Incorrect key server.maxUpgradesPerStorage was corrected from null to its default, [furnace_upgrades|1, jukebox_upgrade|1, stack_upgrades|3]. 
[29Mar2026 02:52:11.246] [Server thread/WARN] [net.minecraftforge.common.ForgeConfigSpec/CORE]: Incorrect key server.itemFluidHandlerEnabled was corrected from null to its default, true. 
[29Mar2026 02:52:11.246] [Server thread/WARN] [net.minecraftforge.common.ForgeConfigSpec/CORE]: Incorrect key server.allowOpeningOtherPlayerBackpacks was corrected from null to its default, true. 
[29Mar2026 02:52:11.247] [Server thread/WARN] [net.minecraftforge.common.ForgeConfigSpec/CORE]: Incorrect key server.itemDisplayDisabled was corrected from null to its default, false. 
[29Mar2026 02:52:11.247] [Server thread/WARN] [net.minecraftforge.common.ForgeConfigSpec/CORE]: Incorrect key server.tickDedupeLogicDisabled was corrected from null to its default, false. 
[29Mar2026 02:52:11.247] [Server thread/WARN] [net.minecraftforge.common.ForgeConfigSpec/CORE]: Incorrect key server.canBePlacedInContainerItems was corrected from null to its default, false. 
[29Mar2026 02:52:11.256] [Server thread/WARN] [net.minecraftforge.common.ForgeConfigSpec/CORE]: Configuration file ./world/serverconfig/curios-server.toml is not correct. Correcting
[29Mar2026 02:52:11.257] [Server thread/WARN] [net.minecraftforge.common.ForgeConfigSpec/CORE]: Incorrect key keepCurios was corrected from null to its default, DEFAULT. 
[29Mar2026 02:52:11.258] [Server thread/WARN] [net.minecraftforge.common.ForgeConfigSpec/CORE]: Incorrect key menu was corrected from null to its default, SimpleCommentedConfig:{}. 
[29Mar2026 02:52:11.258] [Server thread/WARN] [net.minecraftforge.common.ForgeConfigSpec/CORE]: Incorrect key menu.enableLegacyMenu was corrected from null to its default, false. 
[29Mar2026 02:52:11.259] [Server thread/WARN] [net.minecraftforge.common.ForgeConfigSpec/CORE]: Incorrect key menu.experimental was corrected from null to its default, SimpleCommentedConfig:{}. 
[29Mar2026 02:52:11.259] [Server thread/WARN] [net.minecraftforge.common.ForgeConfigSpec/CORE]: Incorrect key menu.experimental.minimumColumns was corrected from null to its default, 1. 
[29Mar2026 02:52:11.259] [Server thread/WARN] [net.minecraftforge.common.ForgeConfigSpec/CORE]: Incorrect key menu.experimental.maxSlotsPerPage was corrected from null to its default, 48. 
[29Mar2026 02:52:11.260] [Server thread/WARN] [net.minecraftforge.common.ForgeConfigSpec/CORE]: Configuration file ./world/serverconfig/gravestone-server.toml is not correct. Correcting
[29Mar2026 02:52:11.260] [Server thread/WARN] [net.minecraftforge.common.ForgeConfigSpec/CORE]: Incorrect key enable_obituary was corrected from null to its default, true. 
[29Mar2026 02:52:11.262] [Server thread/WARN] [net.minecraftforge.common.ForgeConfigSpec/CORE]: Incorrect key replaceable_blocks was corrected from null to its default, [#gravestone:grave_replaceable]. 
[29Mar2026 02:52:11.263] [Server thread/WARN] [net.minecraftforge.common.ForgeConfigSpec/CORE]: Incorrect key remove_obituary was corrected from null to its default, false. 
[29Mar2026 02:52:11.265] [Server thread/WARN] [net.minecraftforge.common.ForgeConfigSpec/CORE]: Incorrect key only_owners_can_break was corrected from null to its default, false. 
[29Mar2026 02:52:11.266] [Server thread/WARN] [net.minecraftforge.common.ForgeConfigSpec/CORE]: Incorrect key spawn_ghost was corrected from null to its default, false. 
[29Mar2026 02:52:11.267] [Server thread/WARN] [net.minecraftforge.common.ForgeConfigSpec/CORE]: Incorrect key friendly_ghost was corrected from null to its default, true. 
[29Mar2026 02:52:11.268] [Server thread/WARN] [net.minecraftforge.common.ForgeConfigSpec/CORE]: Incorrect key sneak_pickup was corrected from null to its default, false. 
[29Mar2026 02:52:11.269] [Server thread/WARN] [net.minecraftforge.common.ForgeConfigSpec/CORE]: Incorrect key break_pickup was corrected from null to its default, true. 
[29Mar2026 02:52:11.274] [Server thread/WARN] [net.minecraftforge.common.ForgeConfigSpec/CORE]: Configuration file ./world/serverconfig/camera-server.toml is not correct. Correcting
[29Mar2026 02:52:11.275] [Server thread/WARN] [net.minecraftforge.common.ForgeConfigSpec/CORE]: Incorrect key camera was corrected from null to its default, SimpleCommentedConfig:{}. 
[29Mar2026 02:52:11.275] [Server thread/WARN] [net.minecraftforge.common.ForgeConfigSpec/CORE]: Incorrect key camera.cooldown was corrected from null to its default, 5000. 
[29Mar2026 02:52:11.275] [Server thread/WARN] [net.minecraftforge.common.ForgeConfigSpec/CORE]: Incorrect key camera.consumed_item was corrected from null to its default, SimpleCommentedConfig:{}. 
[29Mar2026 02:52:11.276] [Server thread/WARN] [net.minecraftforge.common.ForgeConfigSpec/CORE]: Incorrect key camera.consumed_item.amount was corrected from null to its default, 1. 
[29Mar2026 02:52:11.277] [Server thread/WARN] [net.minecraftforge.common.ForgeConfigSpec/CORE]: Incorrect key image was corrected from null to its default, SimpleCommentedConfig:{}. 
[29Mar2026 02:52:11.277] [Server thread/WARN] [net.minecraftforge.common.ForgeConfigSpec/CORE]: Incorrect key image.max_size was corrected from null to its default, 200000. 
[29Mar2026 02:52:11.277] [Server thread/WARN] [net.minecraftforge.common.ForgeConfigSpec/CORE]: Incorrect key image.compression was corrected from null to its default, 0.5. 
[29Mar2026 02:52:11.278] [Server thread/WARN] [net.minecraftforge.common.ForgeConfigSpec/CORE]: Incorrect key image.allow_upload was corrected from null to its default, true. 
[29Mar2026 02:52:11.278] [Server thread/WARN] [net.minecraftforge.common.ForgeConfigSpec/CORE]: Incorrect key image_frame was corrected from null to its default, SimpleCommentedConfig:{}. 
[29Mar2026 02:52:11.280] [Server thread/WARN] [net.minecraftforge.common.ForgeConfigSpec/CORE]: Incorrect key image_frame.only_owner_modify was corrected from null to its default, false. 
[29Mar2026 02:52:11.282] [Server thread/WARN] [net.minecraftforge.common.ForgeConfigSpec/CORE]: Incorrect key advanced_data was corrected from null to its default, SimpleCommentedConfig:{}. 
[29Mar2026 02:52:11.282] [Server thread/WARN] [net.minecraftforge.common.ForgeConfigSpec/CORE]: Incorrect key advanced_data.enable was corrected from null to its default, false. 
[29Mar2026 02:52:11.283] [Server thread/WARN] [net.minecraftforge.common.ForgeConfigSpec/CORE]: Incorrect key advanced_data.max_entities was corrected from null to its default, 16. 
[29Mar2026 02:52:11.285] [Server thread/WARN] [net.minecraftforge.common.ForgeConfigSpec/CORE]: Configuration file ./world/serverconfig/securitycraft-server.toml is not correct. Correcting
[29Mar2026 02:52:11.286] [Server thread/WARN] [net.minecraftforge.common.ForgeConfigSpec/CORE]: Incorrect key codebreaker_chance was corrected from null to its default, 0.33. 
[29Mar2026 02:52:11.286] [Server thread/WARN] [net.minecraftforge.common.ForgeConfigSpec/CORE]: Incorrect key allowAdminTool was corrected from null to its default, true. 
[29Mar2026 02:52:11.287] [Server thread/WARN] [net.minecraftforge.common.ForgeConfigSpec/CORE]: Incorrect key shouldSpawnFire was corrected from null to its default, true. 
[29Mar2026 02:52:11.287] [Server thread/WARN] [net.minecraftforge.common.ForgeConfigSpec/CORE]: Incorrect key smallerMineExplosion was corrected from null to its default, false. 
[29Mar2026 02:52:11.288] [Server thread/WARN] [net.minecraftforge.common.ForgeConfigSpec/CORE]: Incorrect key mineExplodesWhenInCreative was corrected from null to its default, true. 
[29Mar2026 02:52:11.289] [Server thread/WARN] [net.minecraftforge.common.ForgeConfigSpec/CORE]: Incorrect key mineExplosionsBreakBlocks was corrected from null to its default, true. 
[29Mar2026 02:52:11.290] [Server thread/WARN] [net.minecraftforge.common.ForgeConfigSpec/CORE]: Incorrect key laserBlockRange was corrected from null to its default, 5. 
[29Mar2026 02:52:11.290] [Server thread/WARN] [net.minecraftforge.common.ForgeConfigSpec/CORE]: Incorrect key inventoryScannerRange was corrected from null to its default, 3. 
[29Mar2026 02:52:11.291] [Server thread/WARN] [net.minecraftforge.common.ForgeConfigSpec/CORE]: Incorrect key maxAlarmRange was corrected from null to its default, 100. 
[29Mar2026 02:52:11.292] [Server thread/WARN] [net.minecraftforge.common.ForgeConfigSpec/CORE]: Incorrect key allowBlockClaim was corrected from null to its default, false. 
[29Mar2026 02:52:11.293] [Server thread/WARN] [net.minecraftforge.common.ForgeConfigSpec/CORE]: Incorrect key reinforced_block_tint was corrected from null to its default, true. 
[29Mar2026 02:52:11.294] [Server thread/WARN] [net.minecraftforge.common.ForgeConfigSpec/CORE]: Incorrect key force_reinforced_block_tint was corrected from null to its default, false. 
[29Mar2026 02:52:11.294] [Server thread/WARN] [net.minecraftforge.common.ForgeConfigSpec/CORE]: Incorrect key retinalScannerFace was corrected from null to its default, true. 
[29Mar2026 02:52:11.295] [Server thread/WARN] [net.minecraftforge.common.ForgeConfigSpec/CORE]: Incorrect key enable_team_ownership was corrected from null to its default, false. 
[29Mar2026 02:52:11.296] [Server thread/WARN] [net.minecraftforge.common.ForgeConfigSpec/CORE]: Incorrect key team_ownership_precedence was corrected from null to its default, [FTB_TEAMS, VANILLA]. 
[29Mar2026 02:52:11.297] [Server thread/WARN] [net.minecraftforge.common.ForgeConfigSpec/CORE]: Incorrect key disable_thanks_message was corrected from null to its default, false. 
[29Mar2026 02:52:11.298] [Server thread/WARN] [net.minecraftforge.common.ForgeConfigSpec/CORE]: Incorrect key trick_scanners_with_player_heads was corrected from null to its default, false. 
[29Mar2026 02:52:11.299] [Server thread/WARN] [net.minecraftforge.common.ForgeConfigSpec/CORE]: Incorrect key prevent_reinforced_floor_glitching was corrected from null to its default, false. 
[29Mar2026 02:52:11.300] [Server thread/WARN] [net.minecraftforge.common.ForgeConfigSpec/CORE]: Incorrect key taser_damage was corrected from null to its default, 1.0. 
[29Mar2026 02:52:11.301] [Server thread/WARN] [net.minecraftforge.common.ForgeConfigSpec/CORE]: Incorrect key powered_taser_damage was corrected from null to its default, 2.0. 
[29Mar2026 02:52:11.302] [Server thread/WARN] [net.minecraftforge.common.ForgeConfigSpec/CORE]: Incorrect key taser_effects was corrected from null to its default, [minecraft:weakness|200|2, minecraft:nausea|200|2, minecraft:slowness|200|2]. 
[29Mar2026 02:52:11.303] [Server thread/WARN] [net.minecraftforge.common.ForgeConfigSpec/CORE]: Incorrect key powered_taser_effects was corrected from null to its default, [minecraft:weakness|400|5, minecraft:nausea|400|5, minecraft:slowness|400|5]. 
[29Mar2026 02:52:11.304] [Server thread/WARN] [net.minecraftforge.common.ForgeConfigSpec/CORE]: Incorrect key laser_damage was corrected from null to its default, 10.0. 
[29Mar2026 02:52:11.305] [Server thread/WARN] [net.minecraftforge.common.ForgeConfigSpec/CORE]: Incorrect key incorrectPasscodeDamage was corrected from null to its default, 4. 
[29Mar2026 02:52:11.306] [Server thread/WARN] [net.minecraftforge.common.ForgeConfigSpec/CORE]: Incorrect key sentry_bullet_damage was corrected from null to its default, 2. 
[29Mar2026 02:52:11.307] [Server thread/WARN] [net.minecraftforge.common.ForgeConfigSpec/CORE]: Incorrect key reinforced_suffocation_damage was corrected from null to its default, 5. 
[29Mar2026 02:52:11.308] [Server thread/WARN] [net.minecraftforge.common.ForgeConfigSpec/CORE]: Incorrect key allow_camera_night_vision was corrected from null to its default, true. 
[29Mar2026 02:52:11.308] [Server thread/WARN] [net.minecraftforge.common.ForgeConfigSpec/CORE]: Incorrect key passcode_check_cooldown was corrected from null to its default, 250. 
[29Mar2026 02:52:11.309] [Server thread/WARN] [net.minecraftforge.common.ForgeConfigSpec/CORE]: Incorrect key passcode_spam_log_warning_enabled was corrected from null to its default, true. 
[29Mar2026 02:52:11.311] [Server thread/WARN] [net.minecraftforge.common.ForgeConfigSpec/CORE]: Incorrect key passcode_spam_log_warning was corrected from null to its default, Player "%1$s" tried to enter a passcode into "%2$s" at position [%3$s] too quickly!. 
[29Mar2026 02:52:11.312] [Server thread/WARN] [net.minecraftforge.common.ForgeConfigSpec/CORE]: Incorrect key in_world_un_reinforcing was corrected from null to its default, true. 
[29Mar2026 02:52:11.313] [Server thread/WARN] [net.minecraftforge.common.ForgeConfigSpec/CORE]: Incorrect key frame_feed_viewing_enabled was corrected from null to its default, true. 
[29Mar2026 02:52:11.314] [Server thread/WARN] [net.minecraftforge.common.ForgeConfigSpec/CORE]: Incorrect key frame_feed_view_distance was corrected from null to its default, 16. 
[29Mar2026 02:52:11.315] [Server thread/WARN] [net.minecraftforge.common.ForgeConfigSpec/CORE]: Incorrect key vanilla_tool_block_breaking was corrected from null to its default, true. 
[29Mar2026 02:52:11.316] [Server thread/WARN] [net.minecraftforge.common.ForgeConfigSpec/CORE]: Incorrect key always_drop was corrected from null to its default, true. 
[29Mar2026 02:52:11.317] [Server thread/WARN] [net.minecraftforge.common.ForgeConfigSpec/CORE]: Incorrect key allow_breaking_non_owned_blocks was corrected from null to its default, false. 
[29Mar2026 02:52:11.318] [Server thread/WARN] [net.minecraftforge.common.ForgeConfigSpec/CORE]: Incorrect key non_owned_breaking_slowdown was corrected from null to its default, 1.0. 
[29Mar2026 02:52:11.319] [Server thread/WARN] [net.minecraftforge.common.ForgeConfigSpec/CORE]: Incorrect key sentry_attackable_entities_allowlist was corrected from null to its default, []. 
[29Mar2026 02:52:11.321] [Server thread/WARN] [net.minecraftforge.common.ForgeConfigSpec/CORE]: Incorrect key sentry_attackable_entities_denylist was corrected from null to its default, []. 
[29Mar2026 02:52:11.330] [Server thread/WARN] [net.minecraftforge.common.ForgeConfigSpec/CORE]: Configuration file ./world/serverconfig/irons_spellbooks-server.toml is not correct. Correcting
[29Mar2026 02:52:11.330] [Server thread/WARN] [net.minecraftforge.common.ForgeConfigSpec/CORE]: Incorrect key Misc was corrected from null to its default, SimpleCommentedConfig:{}. 
[29Mar2026 02:52:11.331] [Server thread/WARN] [net.minecraftforge.common.ForgeConfigSpec/CORE]: Incorrect key Misc.rarityConfig was corrected from null to its default, [0.3, 0.25, 0.2, 0.15, 0.1]. 
[29Mar2026 02:52:11.332] [Server thread/WARN] [net.minecraftforge.common.ForgeConfigSpec/CORE]: Incorrect key Misc.swordsConsumeMana was corrected from null to its default, true. 
[29Mar2026 02:52:11.333] [Server thread/WARN] [net.minecraftforge.common.ForgeConfigSpec/CORE]: Incorrect key Misc.swordsCooldownMultiplier was corrected from null to its default, 0.5. 
[29Mar2026 02:52:11.333] [Server thread/WARN] [net.minecraftforge.common.ForgeConfigSpec/CORE]: Incorrect key Misc.canAttackOwnSummons was corrected from null to its default, false. 
[29Mar2026 02:52:11.335] [Server thread/WARN] [net.minecraftforge.common.ForgeConfigSpec/CORE]: Incorrect key Misc.maxUpgrades was corrected from null to its default, 3. 
[29Mar2026 02:52:11.337] [Server thread/WARN] [net.minecraftforge.common.ForgeConfigSpec/CORE]: Incorrect key Misc.manaSpawnPercent was corrected from null to its default, 0.0. 
[29Mar2026 02:52:11.345] [Server thread/WARN] [net.minecraftforge.common.ForgeConfigSpec/CORE]: Incorrect key Misc.scrollRecycleChance was corrected from null to its default, 0.5. 
[29Mar2026 02:52:11.345] [Server thread/WARN] [net.minecraftforge.common.ForgeConfigSpec/CORE]: Incorrect key Misc.allowCauldronBrewing was corrected from null to its default, true. 
[29Mar2026 02:52:11.345] [Server thread/WARN] [net.minecraftforge.common.ForgeConfigSpec/CORE]: Incorrect key Misc.furledMapSkipsExistingChunks was corrected from null to its default, true. 
[29Mar2026 02:52:11.346] [Server thread/WARN] [net.minecraftforge.common.ForgeConfigSpec/CORE]: Incorrect key Misc.applyAllMultihandAttributes was corrected from null to its default, true. 
[29Mar2026 02:52:11.346] [Server thread/WARN] [net.minecraftforge.common.ForgeConfigSpec/CORE]: Incorrect key Misc.betterCreeperThunderHit was corrected from null to its default, true. 
[29Mar2026 02:52:11.348] [Server thread/WARN] [net.minecraftforge.common.ForgeConfigSpec/CORE]: Incorrect key Misc.spellGriefing was corrected from null to its default, false. 
[29Mar2026 02:52:11.350] [Server thread/WARN] [net.minecraftforge.common.ForgeConfigSpec/CORE]: Incorrect key Misc.additionalWanderingTraderTrades was corrected from null to its default, true. 
[29Mar2026 02:52:11.350] [Server thread/WARN] [net.minecraftforge.common.ForgeConfigSpec/CORE]: Incorrect key Misc.disableAdventureModeCasting was corrected from null to its default, false. 
[29Mar2026 02:52:11.355] [Server thread/WARN] [net.minecraftforge.common.ForgeConfigSpec/CORE]: Incorrect key Upgrade Overrides was corrected from null to its default, SimpleCommentedConfig:{}. 
[29Mar2026 02:52:11.357] [Server thread/WARN] [net.minecraftforge.common.ForgeConfigSpec/CORE]: Incorrect key Upgrade Overrides.scrollMerging was corrected from null to its default, true. 
[29Mar2026 02:52:11.358] [Server thread/WARN] [net.minecraftforge.common.ForgeConfigSpec/CORE]: Incorrect key Upgrade Overrides.upgradeWhitelist was corrected from null to its default, []. 
[29Mar2026 02:52:11.358] [Server thread/WARN] [net.minecraftforge.common.ForgeConfigSpec/CORE]: Incorrect key Upgrade Overrides.upgradeBlacklist was corrected from null to its default, []. 
[29Mar2026 02:52:11.360] [Server thread/WARN] [net.minecraftforge.common.ForgeConfigSpec/CORE]: Incorrect key Imbue Overrides was corrected from null to its default, SimpleCommentedConfig:{}. 
[29Mar2026 02:52:11.360] [Server thread/WARN] [net.minecraftforge.common.ForgeConfigSpec/CORE]: Incorrect key Imbue Overrides.imbueWhitelist was corrected from null to its default, []. 
[29Mar2026 02:52:11.360] [Server thread/WARN] [net.minecraftforge.common.ForgeConfigSpec/CORE]: Incorrect key Imbue Overrides.imbueBlacklist was corrected from null to its default, []. 
[29Mar2026 02:52:11.360] [Server thread/WARN] [net.minecraftforge.common.ForgeConfigSpec/CORE]: Incorrect key Worldgen was corrected from null to its default, SimpleCommentedConfig:{}. 
[29Mar2026 02:52:11.361] [Server thread/WARN] [net.minecraftforge.common.ForgeConfigSpec/CORE]: Incorrect key Worldgen.priestHouseWeight was corrected from null to its default, 4. 
[29Mar2026 02:52:11.363] [Server thread/WARN] [net.minecraftforge.common.ForgeConfigSpec/CORE]: Incorrect key Spells was corrected from null to its default, SimpleCommentedConfig:{}. 
[29Mar2026 02:52:11.363] [Server thread/WARN] [net.minecraftforge.common.ForgeConfigSpec/CORE]: Incorrect key Spells.irons_spellbooks:fireball was corrected from null to its default, SimpleCommentedConfig:{}. 
[29Mar2026 02:52:11.364] [Server thread/WARN] [net.minecraftforge.common.ForgeConfigSpec/CORE]: Incorrect key Spells.irons_spellbooks:fireball.Enabled was corrected from null to its default, true. 
[29Mar2026 02:52:11.365] [Server thread/WARN] [net.minecraftforge.common.ForgeConfigSpec/CORE]: Incorrect key Spells.irons_spellbooks:fireball.School was corrected from null to its default, irons_spellbooks:fire. 
[29Mar2026 02:52:11.365] [Server thread/WARN] [net.minecraftforge.common.ForgeConfigSpec/CORE]: Incorrect key Spells.irons_spellbooks:fireball.MaxLevel was corrected from null to its default, 5. 
[29Mar2026 02:52:11.366] [Server thread/WARN] [net.minecraftforge.common.ForgeConfigSpec/CORE]: Incorrect key Spells.irons_spellbooks:fireball.MinRarity was corrected from null to its default, RARE. 
[29Mar2026 02:52:11.367] [Server thread/WARN] [net.minecraftforge.common.ForgeConfigSpec/CORE]: Incorrect key Spells.irons_spellbooks:fireball.ManaCostMultiplier was corrected from null to its default, 1.0. 
[29Mar2026 02:52:11.367] [Server thread/WARN] [net.minecraftforge.common.ForgeConfigSpec/CORE]: Incorrect key Spells.irons_spellbooks:fireball.SpellPowerMultiplier was corrected from null to its default, 1.0. 
[29Mar2026 02:52:11.368] [Server thread/WARN] [net.minecraftforge.common.ForgeConfigSpec/CORE]: Incorrect key Spells.irons_spellbooks:fireball.CooldownInSeconds was corrected from null to its default, 25.0. 
[29Mar2026 02:52:11.368] [Server thread/WARN] [net.minecraftforge.common.ForgeConfigSpec/CORE]: Incorrect key Spells.irons_spellbooks:fireball.AllowCrafting was corrected from null to its default, true. 
[29Mar2026 02:52:11.369] [Server thread/WARN] [net.minecraftforge.common.ForgeConfigSpec/CORE]: Incorrect key Spells.irons_spellbooks:heat_surge was corrected from null to its default, SimpleCommentedConfig:{}. 
[29Mar2026 02:52:11.369] [Server thread/WARN] [net.minecraftforge.common.ForgeConfigSpec/CORE]: Incorrect key Spells.irons_spellbooks:heat_surge.Enabled was corrected from null to its default, true. 
[29Mar2026 02:52:11.369] [Server thread/WARN] [net.minecraftforge.common.ForgeConfigSpec/CORE]: Incorrect key Spells.irons_spellbooks:heat_surge.School was corrected from null to its default, irons_spellbooks:fire. 
[29Mar2026 02:52:11.369] [Server thread/WARN] [net.minecraftforge.common.ForgeConfigSpec/CORE]: Incorrect key Spells.irons_spellbooks:heat_surge.MaxLevel was corrected from null to its default, 8. 
[29Mar2026 02:52:11.369] [Server thread/WARN] [net.minecraftforge.common.ForgeConfigSpec/CORE]: Incorrect key Spells.irons_spellbooks:heat_surge.MinRarity was corrected from null to its default, COMMON. 
[29Mar2026 02:52:11.369] [Server thread/WARN] [net.minecraftforge.common.ForgeConfigSpec/CORE]: Incorrect key Spells.irons_spellbooks:heat_surge.ManaCostMultiplier was corrected from null to its default, 1.0. 
[29Mar2026 02:52:11.370] [Server thread/WARN] [net.minecraftforge.common.ForgeConfigSpec/CORE]: Incorrect key Spells.irons_spellbooks:heat_surge.SpellPowerMultiplier was corrected from null to its default, 1.0. 
[29Mar2026 02:52:11.370] [Server thread/WARN] [net.minecraftforge.common.ForgeConfigSpec/CORE]: Incorrect key Spells.irons_spellbooks:heat_surge.CooldownInSeconds was corrected from null to its default, 45.0. 
[29Mar2026 02:52:11.370] [Server thread/WARN] [net.minecraftforge.common.ForgeConfigSpec/CORE]: Incorrect key Spells.irons_spellbooks:heat_surge.AllowCrafting was corrected from null to its default, true. 
[29Mar2026 02:52:11.371] [Server thread/WARN] [net.minecraftforge.common.ForgeConfigSpec/CORE]: Incorrect key Spells.irons_spellbooks:wall_of_fire was corrected from null to its default, SimpleCommentedConfig:{}. 
[29Mar2026 02:52:11.373] [Server thread/WARN] [net.minecraftforge.common.ForgeConfigSpec/CORE]: Incorrect key Spells.irons_spellbooks:wall_of_fire.Enabled was corrected from null to its default, true. 
[29Mar2026 02:52:11.374] [Server thread/WARN] [net.minecraftforge.common.ForgeConfigSpec/CORE]: Incorrect key Spells.irons_spellbooks:wall_of_fire.School was corrected from null to its default, irons_spellbooks:fire. 
[29Mar2026 02:52:11.374] [Server thread/WARN] [net.minecraftforge.common.ForgeConfigSpec/CORE]: Incorrect key Spells.irons_spellbooks:wall_of_fire.MaxLevel was corrected from null to its default, 5. 
[29Mar2026 02:52:11.375] [Server thread/WARN] [net.minecraftforge.common.ForgeConfigSpec/CORE]: Incorrect key Spells.irons_spellbooks:wall_of_fire.MinRarity was corrected from null to its default, COMMON. 
[29Mar2026 02:52:11.375] [Server thread/WARN] [net.minecraftforge.common.ForgeConfigSpec/CORE]: Incorrect key Spells.irons_spellbooks:wall_of_fire.ManaCostMultiplier was corrected from null to its default, 1.0. 
[29Mar2026 02:52:11.375] [Server thread/WARN] [net.minecraftforge.common.ForgeConfigSpec/CORE]: Incorrect key Spells.irons_spellbooks:wall_of_fire.SpellPowerMultiplier was corrected from null to its default, 1.0. 
[29Mar2026 02:52:11.376] [Server thread/WARN] [net.minecraftforge.common.ForgeConfigSpec/CORE]: Incorrect key Spells.irons_spellbooks:wall_of_fire.CooldownInSeconds was corrected from null to its default, 30.0. 
[29Mar2026 02:52:11.376] [Server thread/WARN] [net.minecraftforge.common.ForgeConfigSpec/CORE]: Incorrect key Spells.irons_spellbooks:wall_of_fire.AllowCrafting was corrected from null to its default, true. 
[29Mar2026 02:52:11.376] [Server thread/WARN] [net.minecraftforge.common.ForgeConfigSpec/CORE]: Incorrect key Spells.irons_spellbooks:fire_breath was corrected from null to its default, SimpleCommentedConfig:{}. 
[29Mar2026 02:52:11.376] [Server thread/WARN] [net.minecraftforge.common.ForgeConfigSpec/CORE]: Incorrect key Spells.irons_spellbooks:fire_breath.Enabled was corrected from null to its default, true. 
[29Mar2026 02:52:11.377] [Server thread/WARN] [net.minecraftforge.common.ForgeConfigSpec/CORE]: Incorrect key Spells.irons_spellbooks:fire_breath.School was corrected from null to its default, irons_spellbooks:fire. 
[29Mar2026 02:52:11.377] [Server thread/WARN] [net.minecraftforge.common.ForgeConfigSpec/CORE]: Incorrect key Spells.irons_spellbooks:fire_breath.MaxLevel was corrected from null to its default, 10. 
[29Mar2026 02:52:11.377] [Server thread/WARN] [net.minecraftforge.common.ForgeConfigSpec/CORE]: Incorrect key Spells.irons_spellbooks:fire_breath.MinRarity was corrected from null to its default, COMMON. 
[29Mar2026 02:52:11.379] [Server thread/WARN] [net.minecraftforge.common.ForgeConfigSpec/CORE]: Incorrect key Spells.irons_spellbooks:fire_breath.ManaCostMultiplier was corrected from null to its default, 1.0. 
[29Mar2026 02:52:11.379] [Server thread/WARN] [net.minecraftforge.common.ForgeConfigSpec/CORE]: Incorrect key Spells.irons_spellbooks:fire_breath.SpellPowerMultiplier was corrected from null to its default, 1.0. 
[29Mar2026 02:52:11.379] [Server thread/WARN] [net.minecraftforge.common.ForgeConfigSpec/CORE]: Incorrect key Spells.irons_spellbooks:fire_breath.CooldownInSeconds was corrected from null to its default, 12.0. 
[29Mar2026 02:52:11.379] [Server thread/WARN] [net.minecraftforge.common.ForgeConfigSpec/CORE]: Incorrect key Spells.irons_spellbooks:fire_breath.AllowCrafting was corrected from null to its default, true. 
[29Mar2026 02:52:11.380] [Server thread/WARN] [net.minecraftforge.common.ForgeConfigSpec/CORE]: Incorrect key Spells.irons_spellbooks:magma_bomb was corrected from null to its default, SimpleCommentedConfig:{}. 
[29Mar2026 02:52:11.380] [Server thread/WARN] [net.minecraftforge.common.ForgeConfigSpec/CORE]: Incorrect key Spells.irons_spellbooks:magma_bomb.Enabled was corrected from null to its default, true. 
[29Mar2026 02:52:11.380] [Server thread/WARN] [net.minecraftforge.common.ForgeConfigSpec/CORE]: Incorrect key Spells.irons_spellbooks:magma_bomb.School was corrected from null to its default, irons_spellbooks:fire. 
[29Mar2026 02:52:11.380] [Server thread/WARN] [net.minecraftforge.common.ForgeConfigSpec/CORE]: Incorrect key Spells.irons_spellbooks:magma_bomb.MaxLevel was corrected from null to its default, 8. 
[29Mar2026 02:52:11.380] [Server thread/WARN] [net.minecraftforge.common.ForgeConfigSpec/CORE]: Incorrect key Spells.irons_spellbooks:magma_bomb.MinRarity was corrected from null to its default, UNCOMMON. 
[29Mar2026 02:52:11.381] [Server thread/WARN] [net.minecraftforge.common.ForgeConfigSpec/CORE]: Incorrect key Spells.irons_spellbooks:magma_bomb.ManaCostMultiplier was corrected from null to its default, 1.0. 
[29Mar2026 02:52:11.381] [Server thread/WARN] [net.minecraftforge.common.ForgeConfigSpec/CORE]: Incorrect key Spells.irons_spellbooks:magma_bomb.SpellPowerMultiplier was corrected from null to its default, 1.0. 
[29Mar2026 02:52:11.381] [Server thread/WARN] [net.minecraftforge.common.ForgeConfigSpec/CORE]: Incorrect key Spells.irons_spellbooks:magma_bomb.CooldownInSeconds was corrected from null to its default, 12.0. 
[29Mar2026 02:52:11.381] [Server thread/WARN] [net.minecraftforge.common.ForgeConfigSpec/CORE]: Incorrect key Spells.irons_spellbooks:magma_bomb.AllowCrafting was corrected from null to its default, true. 
[29Mar2026 02:52:11.381] [Server thread/WARN] [net.minecraftforge.common.ForgeConfigSpec/CORE]: Incorrect key Spells.irons_spellbooks:scorch was corrected from null to its default, SimpleCommentedConfig:{}. 
[29Mar2026 02:52:11.381] [Server thread/WARN] [net.minecraftforge.common.ForgeConfigSpec/CORE]: Incorrect key Spells.irons_spellbooks:scorch.Enabled was corrected from null to its default, true. 
[29Mar2026 02:52:11.381] [Server thread/WARN] [net.minecraftforge.common.ForgeConfigSpec/CORE]: Incorrect key Spells.irons_spellbooks:scorch.School was corrected from null to its default, irons_spellbooks:fire. 
[29Mar2026 02:52:11.382] [Server thread/WARN] [net.minecraftforge.common.ForgeConfigSpec/CORE]: Incorrect key Spells.irons_spellbooks:scorch.MaxLevel was corrected from null to its default, 10. 
[29Mar2026 02:52:11.382] [Server thread/WARN] [net.minecraftforge.common.ForgeConfigSpec/CORE]: Incorrect key Spells.irons_spellbooks:scorch.MinRarity was corrected from null to its default, UNCOMMON. 
[29Mar2026 02:52:11.382] [Server thread/WARN] [net.minecraftforge.common.ForgeConfigSpec/CORE]: Incorrect key Spells.irons_spellbooks:scorch.ManaCostMultiplier was corrected from null to its default, 1.0. 
[29Mar2026 02:52:11.382] [Server thread/WARN] [net.minecraftforge.common.ForgeConfigSpec/CORE]: Incorrect key Spells.irons_spellbooks:scorch.SpellPowerMultiplier was corrected from null to its default, 1.0. 
[29Mar2026 02:52:11.382] [Server thread/WARN] [net.minecraftforge.common.ForgeConfigSpec/CORE]: Incorrect key Spells.irons_spellbooks:scorch.CooldownInSeconds was corrected from null to its default, 12.0. 
[29Mar2026 02:52:11.382] [Server thread/WARN] [net.minecraftforge.common.ForgeConfigSpec/CORE]: Incorrect key Spells.irons_spellbooks:scorch.AllowCrafting was corrected from null to its default, true. 
[29Mar2026 02:52:11.382] [Server thread/WARN] [net.minecraftforge.common.ForgeConfigSpec/CORE]: Incorrect key Spells.irons_spellbooks:burning_dash was corrected from null to its default, SimpleCommentedConfig:{}. 
[29Mar2026 02:52:11.384] [Server thread/WARN] [net.minecraftforge.common.ForgeConfigSpec/CORE]: Incorrect key Spells.irons_spellbooks:burning_dash.Enabled was corrected from null to its default, true. 
[29Mar2026 02:52:11.385] [Server thread/WARN] [net.minecraftforge.common.ForgeConfigSpec/CORE]: Incorrect key Spells.irons_spellbooks:burning_dash.School was corrected from null to its default, irons_spellbooks:fire. 
[29Mar2026 02:52:11.385] [Server thread/WARN] [net.minecraftforge.common.ForgeConfigSpec/CORE]: Incorrect key Spells.irons_spellbooks:burning_dash.MaxLevel was corrected from null to its default, 10. 
[29Mar2026 02:52:11.386] [Server thread/WARN] [net.minecraftforge.common.ForgeConfigSpec/CORE]: Incorrect key Spells.irons_spellbooks:burning_dash.MinRarity was corrected from null to its default, COMMON. 
[29Mar2026 02:52:11.387] [Server thread/WARN] [net.minecraftforge.common.ForgeConfigSpec/CORE]: Incorrect key Spells.irons_spellbooks:burning_dash.ManaCostMultiplier was corrected from null to its default, 1.0. 
[29Mar2026 02:52:11.387] [Server thread/WARN] [net.minecraftforge.common.ForgeConfigSpec/CORE]: Incorrect key Spells.irons_spellbooks:burning_dash.SpellPowerMultiplier was corrected from null to its default, 1.0. 
[29Mar2026 02:52:11.387] [Server thread/WARN] [net.minecraftforge.common.ForgeConfigSpec/CORE]: Incorrect key Spells.irons_spellbooks:burning_dash.CooldownInSeconds was corrected from null to its default, 10.0. 
[29Mar2026 02:52:11.389] [Server thread/WARN] [net.minecraftforge.common.ForgeConfigSpec/CORE]: Incorrect key Spells.irons_spellbooks:burning_dash.AllowCrafting was corrected from null to its default, true. 
[29Mar2026 02:52:11.389] [Server thread/WARN] [net.minecraftforge.common.ForgeConfigSpec/CORE]: Incorrect key Spells.irons_spellbooks:blaze_storm was corrected from null to its default, SimpleCommentedConfig:{}. 
[29Mar2026 02:52:11.390] [Server thread/WARN] [net.minecraftforge.common.ForgeConfigSpec/CORE]: Incorrect key Spells.irons_spellbooks:blaze_storm.Enabled was corrected from null to its default, true. 
[29Mar2026 02:52:11.391] [Server thread/WARN] [net.minecraftforge.common.ForgeConfigSpec/CORE]: Incorrect key Spells.irons_spellbooks:blaze_storm.School was corrected from null to its default, irons_spellbooks:fire. 
[29Mar2026 02:52:11.391] [Server thread/WARN] [net.minecraftforge.common.ForgeConfigSpec/CORE]: Incorrect key Spells.irons_spellbooks:blaze_storm.MaxLevel was corrected from null to its default, 10. 
[29Mar2026 02:52:11.391] [Server thread/WARN] [net.minecraftforge.common.ForgeConfigSpec/CORE]: Incorrect key Spells.irons_spellbooks:blaze_storm.MinRarity was corrected from null to its default, COMMON. 
[29Mar2026 02:52:11.392] [Server thread/WARN] [net.minecraftforge.common.ForgeConfigSpec/CORE]: Incorrect key Spells.irons_spellbooks:blaze_storm.ManaCostMultiplier was corrected from null to its default, 1.0. 
[29Mar2026 02:52:11.392] [Server thread/WARN] [net.minecraftforge.common.ForgeConfigSpec/CORE]: Incorrect key Spells.irons_spellbooks:blaze_storm.SpellPowerMultiplier was corrected from null to its default, 1.0. 
[29Mar2026 02:52:11.392] [Server thread/WARN] [net.minecraftforge.common.ForgeConfigSpec/CORE]: Incorrect key Spells.irons_spellbooks:blaze_storm.CooldownInSeconds was corrected from null to its default, 20.0. 
[29Mar2026 02:52:11.392] [Server thread/WARN] [net.minecraftforge.common.ForgeConfigSpec/CORE]: Incorrect key Spells.irons_spellbooks:blaze_storm.AllowCrafting was corrected from null to its default, true. 
[29Mar2026 02:52:11.392] [Server thread/WARN] [net.minecraftforge.common.ForgeConfigSpec/CORE]: Incorrect key Spells.irons_spellbooks:firebolt was corrected from null to its default, SimpleCommentedConfig:{}. 
[29Mar2026 02:52:11.393] [Server thread/WARN] [net.minecraftforge.common.ForgeConfigSpec/CORE]: Incorrect key Spells.irons_spellbooks:firebolt.Enabled was corrected from null to its default, true. 
[29Mar2026 02:52:11.393] [Server thread/WARN] [net.minecraftforge.common.ForgeConfigSpec/CORE]: Incorrect key Spells.irons_spellbooks:firebolt.School was corrected from null to its default, irons_spellbooks:fire. 
[29Mar2026 02:52:11.394] [Server thread/WARN] [net.minecraftforge.common.ForgeConfigSpec/CORE]: Incorrect key Spells.irons_spellbooks:firebolt.MaxLevel was corrected from null to its default, 10. 
[29Mar2026 02:52:11.394] [Server thread/WARN] [net.minecraftforge.common.ForgeConfigSpec/CORE]: Incorrect key Spells.irons_spellbooks:firebolt.MinRarity was corrected from null to its default, COMMON. 
[29Mar2026 02:52:11.395] [Server thread/WARN] [net.minecraftforge.common.ForgeConfigSpec/CORE]: Incorrect key Spells.irons_spellbooks:firebolt.ManaCostMultiplier was corrected from null to its default, 1.0. 
[29Mar2026 02:52:11.396] [Server thread/WARN] [net.minecraftforge.common.ForgeConfigSpec/CORE]: Incorrect key Spells.irons_spellbooks:firebolt.SpellPowerMultiplier was corrected from null to its default, 1.0. 
[29Mar2026 02:52:11.396] [Server thread/WARN] [net.minecraftforge.common.ForgeConfigSpec/CORE]: Incorrect key Spells.irons_spellbooks:firebolt.CooldownInSeconds was corrected from null to its default, 1.0. 
[29Mar2026 02:52:11.397] [Server thread/WARN] [net.minecraftforge.common.ForgeConfigSpec/CORE]: Incorrect key Spells.irons_spellbooks:firebolt.AllowCrafting was corrected from null to its default, true. 
[29Mar2026 02:52:11.397] [Server thread/WARN] [net.minecraftforge.common.ForgeConfigSpec/CORE]: Incorrect key Spells.irons_spellbooks:flaming_barrage was corrected from null to its default, SimpleCommentedConfig:{}. 
[29Mar2026 02:52:11.397] [Server thread/WARN] [net.minecraftforge.common.ForgeConfigSpec/CORE]: Incorrect key Spells.irons_spellbooks:flaming_barrage.Enabled was corrected from null to its default, true. 
[29Mar2026 02:52:11.398] [Server thread/WARN] [net.minecraftforge.common.ForgeConfigSpec/CORE]: Incorrect key Spells.irons_spellbooks:flaming_barrage.School was corrected from null to its default, irons_spellbooks:fire. 
[29Mar2026 02:52:11.398] [Server thread/WARN] [net.minecraftforge.common.ForgeConfigSpec/CORE]: Incorrect key Spells.irons_spellbooks:flaming_barrage.MaxLevel was corrected from null to its default, 5. 
[29Mar2026 02:52:11.399] [Server thread/WARN] [net.minecraftforge.common.ForgeConfigSpec/CORE]: Incorrect key Spells.irons_spellbooks:flaming_barrage.MinRarity was corrected from null to its default, RARE. 
[29Mar2026 02:52:11.400] [Server thread/WARN] [net.minecraftforge.common.ForgeConfigSpec/CORE]: Incorrect key Spells.irons_spellbooks:flaming_barrage.ManaCostMultiplier was corrected from null to its default, 1.0. 
[29Mar2026 02:52:11.400] [Server thread/WARN] [net.minecraftforge.common.ForgeConfigSpec/CORE]: Incorrect key Spells.irons_spellbooks:flaming_barrage.SpellPowerMultiplier was corrected from null to its default, 1.0. 
[29Mar2026 02:52:11.400] [Server thread/WARN] [net.minecraftforge.common.ForgeConfigSpec/CORE]: Incorrect key Spells.irons_spellbooks:flaming_barrage.CooldownInSeconds was corrected from null to its default, 15.0. 
[29Mar2026 02:52:11.400] [Server thread/WARN] [net.minecraftforge.common.ForgeConfigSpec/CORE]: Incorrect key Spells.irons_spellbooks:flaming_barrage.AllowCrafting was corrected from null to its default, true. 
[29Mar2026 02:52:11.401] [Server thread/WARN] [net.minecraftforge.common.ForgeConfigSpec/CORE]: Incorrect key Spells.irons_spellbooks:flaming_strike was corrected from null to its default, SimpleCommentedConfig:{}. 
[29Mar2026 02:52:11.401] [Server thread/WARN] [net.minecraftforge.common.ForgeConfigSpec/CORE]: Incorrect key Spells.irons_spellbooks:flaming_strike.Enabled was corrected from null to its default, true. 
[29Mar2026 02:52:11.403] [Server thread/WARN] [net.minecraftforge.common.ForgeConfigSpec/CORE]: Incorrect key Spells.irons_spellbooks:flaming_strike.School was corrected from null to its default, irons_spellbooks:fire. 
[29Mar2026 02:52:11.403] [Server thread/WARN] [net.minecraftforge.common.ForgeConfigSpec/CORE]: Incorrect key Spells.irons_spellbooks:flaming_strike.MaxLevel was corrected from null to its default, 5. 
[29Mar2026 02:52:11.403] [Server thread/WARN] [net.minecraftforge.common.ForgeConfigSpec/CORE]: Incorrect key Spells.irons_spellbooks:flaming_strike.MinRarity was corrected from null to its default, COMMON. 
[29Mar2026 02:52:11.403] [Server thread/WARN] [net.minecraftforge.common.ForgeConfigSpec/CORE]: Incorrect key Spells.irons_spellbooks:flaming_strike.ManaCostMultiplier was corrected from null to its default, 1.0. 
[29Mar2026 02:52:11.404] [Server thread/WARN] [net.minecraftforge.common.ForgeConfigSpec/CORE]: Incorrect key Spells.irons_spellbooks:flaming_strike.SpellPowerMultiplier was corrected from null to its default, 1.0. 
[29Mar2026 02:52:11.404] [Server thread/WARN] [net.minecraftforge.common.ForgeConfigSpec/CORE]: Incorrect key Spells.irons_spellbooks:flaming_strike.CooldownInSeconds was corrected from null to its default, 15.0. 
[29Mar2026 02:52:11.404] [Server thread/WARN] [net.minecraftforge.common.ForgeConfigSpec/CORE]: Incorrect key Spells.irons_spellbooks:flaming_strike.AllowCrafting was corrected from null to its default, true. 
[29Mar2026 02:52:11.404] [Server thread/WARN] [net.minecraftforge.common.ForgeConfigSpec/CORE]: Incorrect key Spells.irons_spellbooks:poison_arrow was corrected from null to its default, SimpleCommentedConfig:{}. 
[29Mar2026 02:52:11.404] [Server thread/WARN] [net.minecraftforge.common.ForgeConfigSpec/CORE]: Incorrect key Spells.irons_spellbooks:poison_arrow.Enabled was corrected from null to its default, true. 
[29Mar2026 02:52:11.404] [Server thread/WARN] [net.minecraftforge.common.ForgeConfigSpec/CORE]: Incorrect key Spells.irons_spellbooks:poison_arrow.School was corrected from null to its default, irons_spellbooks:nature. 
[29Mar2026 02:52:11.404] [Server thread/WARN] [net.minecraftforge.common.ForgeConfigSpec/CORE]: Incorrect key Spells.irons_spellbooks:poison_arrow.MaxLevel was corrected from null to its default, 10. 
[29Mar2026 02:52:11.404] [Server thread/WARN] [net.minecraftforge.common.ForgeConfigSpec/CORE]: Incorrect key Spells.irons_spellbooks:poison_arrow.MinRarity was corrected from null to its default, COMMON. 
[29Mar2026 02:52:11.404] [Server thread/WARN] [net.minecraftforge.common.ForgeConfigSpec/CORE]: Incorrect key Spells.irons_spellbooks:poison_arrow.ManaCostMultiplier was corrected from null to its default, 1.0. 
[29Mar2026 02:52:11.405] [Server thread/WARN] [net.minecraftforge.common.ForgeConfigSpec/CORE]: Incorrect key Spells.irons_spellbooks:poison_arrow.SpellPowerMultiplier was corrected from null to its default, 1.0. 
[29Mar2026 02:52:11.405] [Server thread/WARN] [net.minecraftforge.common.ForgeConfigSpec/CORE]: Incorrect key Spells.irons_spellbooks:poison_arrow.CooldownInSeconds was corrected from null to its default, 15.0. 
[29Mar2026 02:52:11.405] [Server thread/WARN] [net.minecraftforge.common.ForgeConfigSpec/CORE]: Incorrect key Spells.irons_spellbooks:poison_arrow.AllowCrafting was corrected from null to its default, true. 
[29Mar2026 02:52:11.405] [Server thread/WARN] [net.minecraftforge.common.ForgeConfigSpec/CORE]: Incorrect key Spells.irons_spellbooks:earthquake was corrected from null to its default, SimpleCommentedConfig:{}. 
[29Mar2026 02:52:11.405] [Server thread/WARN] [net.minecraftforge.common.ForgeConfigSpec/CORE]: Incorrect key Spells.irons_spellbooks:earthquake.Enabled was corrected from null to its default, true. 
[29Mar2026 02:52:11.405] [Server thread/WARN] [net.minecraftforge.common.ForgeConfigSpec/CORE]: Incorrect key Spells.irons_spellbooks:earthquake.School was corrected from null to its default, irons_spellbooks:nature. 
[29Mar2026 02:52:11.405] [Server thread/WARN] [net.minecraftforge.common.ForgeConfigSpec/CORE]: Incorrect key Spells.irons_spellbooks:earthquake.MaxLevel was corrected from null to its default, 10. 
[29Mar2026 02:52:11.405] [Server thread/WARN] [net.minecraftforge.common.ForgeConfigSpec/CORE]: Incorrect key Spells.irons_spellbooks:earthquake.MinRarity was corrected from null to its default, UNCOMMON. 
[29Mar2026 02:52:11.405] [Server thread/WARN] [net.minecraftforge.common.ForgeConfigSpec/CORE]: Incorrect key Spells.irons_spellbooks:earthquake.ManaCostMultiplier was corrected from null to its default, 1.0. 
[29Mar2026 02:52:11.408] [Server thread/WARN] [net.minecraftforge.common.ForgeConfigSpec/CORE]: Incorrect key Spells.irons_spellbooks:earthquake.SpellPowerMultiplier was corrected from null to its default, 1.0. 
[29Mar2026 02:52:11.408] [Server thread/WARN] [net.minecraftforge.common.ForgeConfigSpec/CORE]: Incorrect key Spells.irons_spellbooks:earthquake.CooldownInSeconds was corrected from null to its default, 16.0. 
[29Mar2026 02:52:11.408] [Server thread/WARN] [net.minecraftforge.common.ForgeConfigSpec/CORE]: Incorrect key Spells.irons_spellbooks:earthquake.AllowCrafting was corrected from null to its default, true. 
[29Mar2026 02:52:11.408] [Server thread/WARN] [net.minecraftforge.common.ForgeConfigSpec/CORE]: Incorrect key Spells.irons_spellbooks:poison_splash was corrected from null to its default, SimpleCommentedConfig:{}. 
[29Mar2026 02:52:11.409] [Server thread/WARN] [net.minecraftforge.common.ForgeConfigSpec/CORE]: Incorrect key Spells.irons_spellbooks:poison_splash.Enabled was corrected from null to its default, true. 
[29Mar2026 02:52:11.409] [Server thread/WARN] [net.minecraftforge.common.ForgeConfigSpec/CORE]: Incorrect key Spells.irons_spellbooks:poison_splash.School was corrected from null to its default, irons_spellbooks:nature. 
[29Mar2026 02:52:11.410] [Server thread/WARN] [net.minecraftforge.common.ForgeConfigSpec/CORE]: Incorrect key Spells.irons_spellbooks:poison_splash.MaxLevel was corrected from null to its default, 10. 
[29Mar2026 02:52:11.411] [Server thread/WARN] [net.minecraftforge.common.ForgeConfigSpec/CORE]: Incorrect key Spells.irons_spellbooks:poison_splash.MinRarity was corrected from null to its default, UNCOMMON. 
[29Mar2026 02:52:11.412] [Server thread/WARN] [net.minecraftforge.common.ForgeConfigSpec/CORE]: Incorrect key Spells.irons_spellbooks:poison_splash.ManaCostMultiplier was corrected from null to its default, 1.0. 
[29Mar2026 02:52:11.412] [Server thread/WARN] [net.minecraftforge.common.ForgeConfigSpec/CORE]: Incorrect key Spells.irons_spellbooks:poison_splash.SpellPowerMultiplier was corrected from null to its default, 1.0. 
[29Mar2026 02:52:11.413] [Server thread/WARN] [net.minecraftforge.common.ForgeConfigSpec/CORE]: Incorrect key Spells.irons_spellbooks:poison_splash.CooldownInSeconds was corrected from null to its default, 20.0. 
[29Mar2026 02:52:11.414] [Server thread/WARN] [net.minecraftforge.common.ForgeConfigSpec/CORE]: Incorrect key Spells.irons_spellbooks:poison_splash.AllowCrafting was corrected from null to its default, true. 
[29Mar2026 02:52:11.414] [Server thread/WARN] [net.minecraftforge.common.ForgeConfigSpec/CORE]: Incorrect key Spells.irons_spellbooks:oakskin was corrected from null to its default, SimpleCommentedConfig:{}. 
[29Mar2026 02:52:11.414] [Server thread/WARN] [net.minecraftforge.common.ForgeConfigSpec/CORE]: Incorrect key Spells.irons_spellbooks:oakskin.Enabled was corrected from null to its default, true. 
[29Mar2026 02:52:11.414] [Server thread/WARN] [net.minecraftforge.common.ForgeConfigSpec/CORE]: Incorrect key Spells.irons_spellbooks:oakskin.School was corrected from null to its default, irons_spellbooks:nature. 
[29Mar2026 02:52:11.415] [Server thread/WARN] [net.minecraftforge.common.ForgeConfigSpec/CORE]: Incorrect key Spells.irons_spellbooks:oakskin.MaxLevel was corrected from null to its default, 8. 
[29Mar2026 02:52:11.415] [Server thread/WARN] [net.minecraftforge.common.ForgeConfigSpec/CORE]: Incorrect key Spells.irons_spellbooks:oakskin.MinRarity was corrected from null to its default, COMMON. 
[29Mar2026 02:52:11.415] [Server thread/WARN] [net.minecraftforge.common.ForgeConfigSpec/CORE]: Incorrect key Spells.irons_spellbooks:oakskin.ManaCostMultiplier was corrected from null to its default, 1.0. 
[29Mar2026 02:52:11.415] [Server thread/WARN] [net.minecraftforge.common.ForgeConfigSpec/CORE]: Incorrect key Spells.irons_spellbooks:oakskin.SpellPowerMultiplier was corrected from null to its default, 1.0. 
[29Mar2026 02:52:11.415] [Server thread/WARN] [net.minecraftforge.common.ForgeConfigSpec/CORE]: Incorrect key Spells.irons_spellbooks:oakskin.CooldownInSeconds was corrected from null to its default, 35.0. 
[29Mar2026 02:52:11.415] [Server thread/WARN] [net.minecraftforge.common.ForgeConfigSpec/CORE]: Incorrect key Spells.irons_spellbooks:oakskin.AllowCrafting was corrected from null to its default, true. 
[29Mar2026 02:52:11.415] [Server thread/WARN] [net.minecraftforge.common.ForgeConfigSpec/CORE]: Incorrect key Spells.irons_spellbooks:spider_aspect was corrected from null to its default, SimpleCommentedConfig:{}. 
[29Mar2026 02:52:11.416] [Server thread/WARN] [net.minecraftforge.common.ForgeConfigSpec/CORE]: Incorrect key Spells.irons_spellbooks:spider_aspect.Enabled was corrected from null to its default, true. 
[29Mar2026 02:52:11.416] [Server thread/WARN] [net.minecraftforge.common.ForgeConfigSpec/CORE]: Incorrect key Spells.irons_spellbooks:spider_aspect.School was corrected from null to its default, irons_spellbooks:nature. 
[29Mar2026 02:52:11.416] [Server thread/WARN] [net.minecraftforge.common.ForgeConfigSpec/CORE]: Incorrect key Spells.irons_spellbooks:spider_aspect.MaxLevel was corrected from null to its default, 8. 
[29Mar2026 02:52:11.416] [Server thread/WARN] [net.minecraftforge.common.ForgeConfigSpec/CORE]: Incorrect key Spells.irons_spellbooks:spider_aspect.MinRarity was corrected from null to its default, RARE. 
[29Mar2026 02:52:11.416] [Server thread/WARN] [net.minecraftforge.common.ForgeConfigSpec/CORE]: Incorrect key Spells.irons_spellbooks:spider_aspect.ManaCostMultiplier was corrected from null to its default, 1.0. 
[29Mar2026 02:52:11.416] [Server thread/WARN] [net.minecraftforge.common.ForgeConfigSpec/CORE]: Incorrect key Spells.irons_spellbooks:spider_aspect.SpellPowerMultiplier was corrected from null to its default, 1.0. 
[29Mar2026 02:52:11.416] [Server thread/WARN] [net.minecraftforge.common.ForgeConfigSpec/CORE]: Incorrect key Spells.irons_spellbooks:spider_aspect.CooldownInSeconds was corrected from null to its default, 90.0. 
[29Mar2026 02:52:11.416] [Server thread/WARN] [net.minecraftforge.common.ForgeConfigSpec/CORE]: Incorrect key Spells.irons_spellbooks:spider_aspect.AllowCrafting was corrected from null to its default, true. 
[29Mar2026 02:52:11.417] [Server thread/WARN] [net.minecraftforge.common.ForgeConfigSpec/CORE]: Incorrect key Spells.irons_spellbooks:firefly_swarm was corrected from null to its default, SimpleCommentedConfig:{}. 
[29Mar2026 02:52:11.417] [Server thread/WARN] [net.minecraftforge.common.ForgeConfigSpec/CORE]: Incorrect key Spells.irons_spellbooks:firefly_swarm.Enabled was corrected from null to its default, true. 
[29Mar2026 02:52:11.417] [Server thread/WARN] [net.minecraftforge.common.ForgeConfigSpec/CORE]: Incorrect key Spells.irons_spellbooks:firefly_swarm.School was corrected from null to its default, irons_spellbooks:nature. 
[29Mar2026 02:52:11.417] [Server thread/WARN] [net.minecraftforge.common.ForgeConfigSpec/CORE]: Incorrect key Spells.irons_spellbooks:firefly_swarm.MaxLevel was corrected from null to its default, 10. 
[29Mar2026 02:52:11.417] [Server thread/WARN] [net.minecraftforge.common.ForgeConfigSpec/CORE]: Incorrect key Spells.irons_spellbooks:firefly_swarm.MinRarity was corrected from null to its default, UNCOMMON. 
[29Mar2026 02:52:11.417] [Server thread/WARN] [net.minecraftforge.common.ForgeConfigSpec/CORE]: Incorrect key Spells.irons_spellbooks:firefly_swarm.ManaCostMultiplier was corrected from null to its default, 1.0. 
[29Mar2026 02:52:11.417] [Server thread/WARN] [net.minecraftforge.common.ForgeConfigSpec/CORE]: Incorrect key Spells.irons_spellbooks:firefly_swarm.SpellPowerMultiplier was corrected from null to its default, 1.0. 
[29Mar2026 02:52:11.417] [Server thread/WARN] [net.minecraftforge.common.ForgeConfigSpec/CORE]: Incorrect key Spells.irons_spellbooks:firefly_swarm.CooldownInSeconds was corrected from null to its default, 20.0. 
[29Mar2026 02:52:11.419] [Server thread/WARN] [net.minecraftforge.common.ForgeConfigSpec/CORE]: Incorrect key Spells.irons_spellbooks:firefly_swarm.AllowCrafting was corrected from null to its default, true. 
[29Mar2026 02:52:11.420] [Server thread/WARN] [net.minecraftforge.common.ForgeConfigSpec/CORE]: Incorrect key Spells.irons_spellbooks:root was corrected from null to its default, SimpleCommentedConfig:{}. 
[29Mar2026 02:52:11.420] [Server thread/WARN] [net.minecraftforge.common.ForgeConfigSpec/CORE]: Incorrect key Spells.irons_spellbooks:root.Enabled was corrected from null to its default, true. 
[29Mar2026 02:52:11.420] [Server thread/WARN] [net.minecraftforge.common.ForgeConfigSpec/CORE]: Incorrect key Spells.irons_spellbooks:root.School was corrected from null to its default, irons_spellbooks:nature. 
[29Mar2026 02:52:11.420] [Server thread/WARN] [net.minecraftforge.common.ForgeConfigSpec/CORE]: Incorrect key Spells.irons_spellbooks:root.MaxLevel was corrected from null to its default, 10. 
[29Mar2026 02:52:11.420] [Server thread/WARN] [net.minecraftforge.common.ForgeConfigSpec/CORE]: Incorrect key Spells.irons_spellbooks:root.MinRarity was corrected from null to its default, UNCOMMON. 
[29Mar2026 02:52:11.421] [Server thread/WARN] [net.minecraftforge.common.ForgeConfigSpec/CORE]: Incorrect key Spells.irons_spellbooks:root.ManaCostMultiplier was corrected from null to its default, 1.0. 
[29Mar2026 02:52:11.421] [Server thread/WARN] [net.minecraftforge.common.ForgeConfigSpec/CORE]: Incorrect key Spells.irons_spellbooks:root.SpellPowerMultiplier was corrected from null to its default, 1.0. 
[29Mar2026 02:52:11.421] [Server thread/WARN] [net.minecraftforge.common.ForgeConfigSpec/CORE]: Incorrect key Spells.irons_spellbooks:root.CooldownInSeconds was corrected from null to its default, 35.0. 
[29Mar2026 02:52:11.421] [Server thread/WARN] [net.minecraftforge.common.ForgeConfigSpec/CORE]: Incorrect key Spells.irons_spellbooks:root.AllowCrafting was corrected from null to its default, true. 
[29Mar2026 02:52:11.421] [Server thread/WARN] [net.minecraftforge.common.ForgeConfigSpec/CORE]: Incorrect key Spells.irons_spellbooks:blight was corrected from null to its default, SimpleCommentedConfig:{}. 
[29Mar2026 02:52:11.421] [Server thread/WARN] [net.minecraftforge.common.ForgeConfigSpec/CORE]: Incorrect key Spells.irons_spellbooks:blight.Enabled was corrected from null to its default, true. 
[29Mar2026 02:52:11.421] [Server thread/WARN] [net.minecraftforge.common.ForgeConfigSpec/CORE]: Incorrect key Spells.irons_spellbooks:blight.School was corrected from null to its default, irons_spellbooks:nature. 
[29Mar2026 02:52:11.421] [Server thread/WARN] [net.minecraftforge.common.ForgeConfigSpec/CORE]: Incorrect key Spells.irons_spellbooks:blight.MaxLevel was corrected from null to its default, 8. 
[29Mar2026 02:52:11.421] [Server thread/WARN] [net.minecraftforge.common.ForgeConfigSpec/CORE]: Incorrect key Spells.irons_spellbooks:blight.MinRarity was corrected from null to its default, RARE. 
[29Mar2026 02:52:11.422] [Server thread/WARN] [net.minecraftforge.common.ForgeConfigSpec/CORE]: Incorrect key Spells.irons_spellbooks:blight.ManaCostMultiplier was corrected from null to its default, 1.0. 
[29Mar2026 02:52:11.422] [Server thread/WARN] [net.minecraftforge.common.ForgeConfigSpec/CORE]: Incorrect key Spells.irons_spellbooks:blight.SpellPowerMultiplier was corrected from null to its default, 1.0. 
[29Mar2026 02:52:11.422] [Server thread/WARN] [net.minecraftforge.common.ForgeConfigSpec/CORE]: Incorrect key Spells.irons_spellbooks:blight.CooldownInSeconds was corrected from null to its default, 35.0. 
[29Mar2026 02:52:11.422] [Server thread/WARN] [net.minecraftforge.common.ForgeConfigSpec/CORE]: Incorrect key Spells.irons_spellbooks:blight.AllowCrafting was corrected from null to its default, true. 
[29Mar2026 02:52:11.422] [Server thread/WARN] [net.minecraftforge.common.ForgeConfigSpec/CORE]: Incorrect key Spells.irons_spellbooks:stomp was corrected from null to its default, SimpleCommentedConfig:{}. 
[29Mar2026 02:52:11.422] [Server thread/WARN] [net.minecraftforge.common.ForgeConfigSpec/CORE]: Incorrect key Spells.irons_spellbooks:stomp.Enabled was corrected from null to its default, true. 
[29Mar2026 02:52:11.424] [Server thread/WARN] [net.minecraftforge.common.ForgeConfigSpec/CORE]: Incorrect key Spells.irons_spellbooks:stomp.School was corrected from null to its default, irons_spellbooks:nature. 
[29Mar2026 02:52:11.424] [Server thread/WARN] [net.minecraftforge.common.ForgeConfigSpec/CORE]: Incorrect key Spells.irons_spellbooks:stomp.MaxLevel was corrected from null to its default, 5. 
[29Mar2026 02:52:11.424] [Server thread/WARN] [net.minecraftforge.common.ForgeConfigSpec/CORE]: Incorrect key Spells.irons_spellbooks:stomp.MinRarity was corrected from null to its default, UNCOMMON. 
[29Mar2026 02:52:11.424] [Server thread/WARN] [net.minecraftforge.common.ForgeConfigSpec/CORE]: Incorrect key Spells.irons_spellbooks:stomp.ManaCostMultiplier was corrected from null to its default, 1.0. 
[29Mar2026 02:52:11.424] [Server thread/WARN] [net.minecraftforge.common.ForgeConfigSpec/CORE]: Incorrect key Spells.irons_spellbooks:stomp.SpellPowerMultiplier was corrected from null to its default, 1.0. 
[29Mar2026 02:52:11.425] [Server thread/WARN] [net.minecraftforge.common.ForgeConfigSpec/CORE]: Incorrect key Spells.irons_spellbooks:stomp.CooldownInSeconds was corrected from null to its default, 16.0. 
[29Mar2026 02:52:11.425] [Server thread/WARN] [net.minecraftforge.common.ForgeConfigSpec/CORE]: Incorrect key Spells.irons_spellbooks:stomp.AllowCrafting was corrected from null to its default, true. 
[29Mar2026 02:52:11.425] [Server thread/WARN] [net.minecraftforge.common.ForgeConfigSpec/CORE]: Incorrect key Spells.irons_spellbooks:acid_orb was corrected from null to its default, SimpleCommentedConfig:{}. 
[29Mar2026 02:52:11.425] [Server thread/WARN] [net.minecraftforge.common.ForgeConfigSpec/CORE]: Incorrect key Spells.irons_spellbooks:acid_orb.Enabled was corrected from null to its default, true. 
[29Mar2026 02:52:11.425] [Server thread/WARN] [net.minecraftforge.common.ForgeConfigSpec/CORE]: Incorrect key Spells.irons_spellbooks:acid_orb.School was corrected from null to its default, irons_spellbooks:nature. 
[29Mar2026 02:52:11.425] [Server thread/WARN] [net.minecraftforge.common.ForgeConfigSpec/CORE]: Incorrect key Spells.irons_spellbooks:acid_orb.MaxLevel was corrected from null to its default, 10. 
[29Mar2026 02:52:11.425] [Server thread/WARN] [net.minecraftforge.common.ForgeConfigSpec/CORE]: Incorrect key Spells.irons_spellbooks:acid_orb.MinRarity was corrected from null to its default, COMMON. 
[29Mar2026 02:52:11.426] [Server thread/WARN] [net.minecraftforge.common.ForgeConfigSpec/CORE]: Incorrect key Spells.irons_spellbooks:acid_orb.ManaCostMultiplier was corrected from null to its default, 1.0. 
[29Mar2026 02:52:11.426] [Server thread/WARN] [net.minecraftforge.common.ForgeConfigSpec/CORE]: Incorrect key Spells.irons_spellbooks:acid_orb.SpellPowerMultiplier was corrected from null to its default, 1.0. 
[29Mar2026 02:52:11.426] [Server thread/WARN] [net.minecraftforge.common.ForgeConfigSpec/CORE]: Incorrect key Spells.irons_spellbooks:acid_orb.CooldownInSeconds was corrected from null to its default, 15.0. 
[29Mar2026 02:52:11.426] [Server thread/WARN] [net.minecraftforge.common.ForgeConfigSpec/CORE]: Incorrect key Spells.irons_spellbooks:acid_orb.AllowCrafting was corrected from null to its default, true. 
[29Mar2026 02:52:11.426] [Server thread/WARN] [net.minecraftforge.common.ForgeConfigSpec/CORE]: Incorrect key Spells.irons_spellbooks:poison_breath was corrected from null to its default, SimpleCommentedConfig:{}. 
[29Mar2026 02:52:11.426] [Server thread/WARN] [net.minecraftforge.common.ForgeConfigSpec/CORE]: Incorrect key Spells.irons_spellbooks:poison_breath.Enabled was corrected from null to its default, true. 
[29Mar2026 02:52:11.426] [Server thread/WARN] [net.minecraftforge.common.ForgeConfigSpec/CORE]: Incorrect key Spells.irons_spellbooks:poison_breath.School was corrected from null to its default, irons_spellbooks:nature. 
[29Mar2026 02:52:11.426] [Server thread/WARN] [net.minecraftforge.common.ForgeConfigSpec/CORE]: Incorrect key Spells.irons_spellbooks:poison_breath.MaxLevel was corrected from null to its default, 10. 
[29Mar2026 02:52:11.427] [Server thread/WARN] [net.minecraftforge.common.ForgeConfigSpec/CORE]: Incorrect key Spells.irons_spellbooks:poison_breath.MinRarity was corrected from null to its default, COMMON. 
[29Mar2026 02:52:11.432] [Server thread/WARN] [net.minecraftforge.common.ForgeConfigSpec/CORE]: Incorrect key Spells.irons_spellbooks:poison_breath.ManaCostMultiplier was corrected from null to its default, 1.0. 
[29Mar2026 02:52:11.433] [Server thread/WARN] [net.minecraftforge.common.ForgeConfigSpec/CORE]: Incorrect key Spells.irons_spellbooks:poison_breath.SpellPowerMultiplier was corrected from null to its default, 1.0. 
[29Mar2026 02:52:11.433] [Server thread/WARN] [net.minecraftforge.common.ForgeConfigSpec/CORE]: Incorrect key Spells.irons_spellbooks:poison_breath.CooldownInSeconds was corrected from null to its default, 12.0. 
[29Mar2026 02:52:11.433] [Server thread/WARN] [net.minecraftforge.common.ForgeConfigSpec/CORE]: Incorrect key Spells.irons_spellbooks:poison_breath.AllowCrafting was corrected from null to its default, true. 
[29Mar2026 02:52:11.433] [Server thread/WARN] [net.minecraftforge.common.ForgeConfigSpec/CORE]: Incorrect key Spells.irons_spellbooks:gluttony was corrected from null to its default, SimpleCommentedConfig:{}. 
[29Mar2026 02:52:11.433] [Server thread/WARN] [net.minecraftforge.common.ForgeConfigSpec/CORE]: Incorrect key Spells.irons_spellbooks:gluttony.Enabled was corrected from null to its default, true. 
[29Mar2026 02:52:11.434] [Server thread/WARN] [net.minecraftforge.common.ForgeConfigSpec/CORE]: Incorrect key Spells.irons_spellbooks:gluttony.School was corrected from null to its default, irons_spellbooks:nature. 
[29Mar2026 02:52:11.434] [Server thread/WARN] [net.minecraftforge.common.ForgeConfigSpec/CORE]: Incorrect key Spells.irons_spellbooks:gluttony.MaxLevel was corrected from null to its default, 5. 
[29Mar2026 02:52:11.435] [Server thread/WARN] [net.minecraftforge.common.ForgeConfigSpec/CORE]: Incorrect key Spells.irons_spellbooks:gluttony.MinRarity was corrected from null to its default, COMMON. 
[29Mar2026 02:52:11.435] [Server thread/WARN] [net.minecraftforge.common.ForgeConfigSpec/CORE]: Incorrect key Spells.irons_spellbooks:gluttony.ManaCostMultiplier was corrected from null to its default, 1.0. 
[29Mar2026 02:52:11.435] [Server thread/WARN] [net.minecraftforge.common.ForgeConfigSpec/CORE]: Incorrect key Spells.irons_spellbooks:gluttony.SpellPowerMultiplier was corrected from null to its default, 1.0. 
[29Mar2026 02:52:11.435] [Server thread/WARN] [net.minecraftforge.common.ForgeConfigSpec/CORE]: Incorrect key Spells.irons_spellbooks:gluttony.CooldownInSeconds was corrected from null to its default, 90.0. 
[29Mar2026 02:52:11.436] [Server thread/WARN] [net.minecraftforge.common.ForgeConfigSpec/CORE]: Incorrect key Spells.irons_spellbooks:gluttony.AllowCrafting was corrected from null to its default, true. 
[29Mar2026 02:52:11.436] [Server thread/WARN] [net.minecraftforge.common.ForgeConfigSpec/CORE]: Incorrect key Spells.irons_spellbooks:frostbite was corrected from null to its default, SimpleCommentedConfig:{}. 
[29Mar2026 02:52:11.437] [Server thread/WARN] [net.minecraftforge.common.ForgeConfigSpec/CORE]: Incorrect key Spells.irons_spellbooks:frostbite.Enabled was corrected from null to its default, true. 
[29Mar2026 02:52:11.437] [Server thread/WARN] [net.minecraftforge.common.ForgeConfigSpec/CORE]: Incorrect key Spells.irons_spellbooks:frostbite.School was corrected from null to its default, irons_spellbooks:ice. 
[29Mar2026 02:52:11.438] [Server thread/WARN] [net.minecraftforge.common.ForgeConfigSpec/CORE]: Incorrect key Spells.irons_spellbooks:frostbite.MaxLevel was corrected from null to its default, 5. 
[29Mar2026 02:52:11.439] [Server thread/WARN] [net.minecraftforge.common.ForgeConfigSpec/CORE]: Incorrect key Spells.irons_spellbooks:frostbite.MinRarity was corrected from null to its default, COMMON. 
[29Mar2026 02:52:11.440] [Server thread/WARN] [net.minecraftforge.common.ForgeConfigSpec/CORE]: Incorrect key Spells.irons_spellbooks:frostbite.ManaCostMultiplier was corrected from null to its default, 1.0. 
[29Mar2026 02:52:11.440] [Server thread/WARN] [net.minecraftforge.common.ForgeConfigSpec/CORE]: Incorrect key Spells.irons_spellbooks:frostbite.SpellPowerMultiplier was corrected from null to its default, 1.0. 
[29Mar2026 02:52:11.442] [Server thread/WARN] [net.minecraftforge.common.ForgeConfigSpec/CORE]: Incorrect key Spells.irons_spellbooks:frostbite.CooldownInSeconds was corrected from null to its default, 0.0. 
[29Mar2026 02:52:11.442] [Server thread/WARN] [net.minecraftforge.common.ForgeConfigSpec/CORE]: Incorrect key Spells.irons_spellbooks:frostbite.AllowCrafting was corrected from null to its default, true. 
[29Mar2026 02:52:11.442] [Server thread/WARN] [net.minecraftforge.common.ForgeConfigSpec/CORE]: Incorrect key Spells.irons_spellbooks:ice_block was corrected from null to its default, SimpleCommentedConfig:{}. 
[29Mar2026 02:52:11.442] [Server thread/WARN] [net.minecraftforge.common.ForgeConfigSpec/CORE]: Incorrect key Spells.irons_spellbooks:ice_block.Enabled was corrected from null to its default, true. 
[29Mar2026 02:52:11.442] [Server thread/WARN] [net.minecraftforge.common.ForgeConfigSpec/CORE]: Incorrect key Spells.irons_spellbooks:ice_block.School was corrected from null to its default, irons_spellbooks:ice. 
[29Mar2026 02:52:11.442] [Server thread/WARN] [net.minecraftforge.common.ForgeConfigSpec/CORE]: Incorrect key Spells.irons_spellbooks:ice_block.MaxLevel was corrected from null to its default, 6. 
[29Mar2026 02:52:11.442] [Server thread/WARN] [net.minecraftforge.common.ForgeConfigSpec/CORE]: Incorrect key Spells.irons_spellbooks:ice_block.MinRarity was corrected from null to its default, RARE. 
[29Mar2026 02:52:11.442] [Server thread/WARN] [net.minecraftforge.common.ForgeConfigSpec/CORE]: Incorrect key Spells.irons_spellbooks:ice_block.ManaCostMultiplier was corrected from null to its default, 1.0. 
[29Mar2026 02:52:11.445] [Server thread/WARN] [net.minecraftforge.common.ForgeConfigSpec/CORE]: Incorrect key Spells.irons_spellbooks:ice_block.SpellPowerMultiplier was corrected from null to its default, 1.0. 
[29Mar2026 02:52:11.445] [Server thread/WARN] [net.minecraftforge.common.ForgeConfigSpec/CORE]: Incorrect key Spells.irons_spellbooks:ice_block.CooldownInSeconds was corrected from null to its default, 15.0. 
[29Mar2026 02:52:11.445] [Server thread/WARN] [net.minecraftforge.common.ForgeConfigSpec/CORE]: Incorrect key Spells.irons_spellbooks:ice_block.AllowCrafting was corrected from null to its default, true. 
[29Mar2026 02:52:11.445] [Server thread/WARN] [net.minecraftforge.common.ForgeConfigSpec/CORE]: Incorrect key Spells.irons_spellbooks:ray_of_frost was corrected from null to its default, SimpleCommentedConfig:{}. 
[29Mar2026 02:52:11.446] [Server thread/WARN] [net.minecraftforge.common.ForgeConfigSpec/CORE]: Incorrect key Spells.irons_spellbooks:ray_of_frost.Enabled was corrected from null to its default, true. 
[29Mar2026 02:52:11.447] [Server thread/WARN] [net.minecraftforge.common.ForgeConfigSpec/CORE]: Incorrect key Spells.irons_spellbooks:ray_of_frost.School was corrected from null to its default, irons_spellbooks:ice. 
[29Mar2026 02:52:11.448] [Server thread/WARN] [net.minecraftforge.common.ForgeConfigSpec/CORE]: Incorrect key Spells.irons_spellbooks:ray_of_frost.MaxLevel was corrected from null to its default, 5. 
[29Mar2026 02:52:11.448] [Server thread/WARN] [net.minecraftforge.common.ForgeConfigSpec/CORE]: Incorrect key Spells.irons_spellbooks:ray_of_frost.MinRarity was corrected from null to its default, COMMON. 
[29Mar2026 02:52:11.449] [Server thread/WARN] [net.minecraftforge.common.ForgeConfigSpec/CORE]: Incorrect key Spells.irons_spellbooks:ray_of_frost.ManaCostMultiplier was corrected from null to its default, 1.0. 
[29Mar2026 02:52:11.449] [Server thread/WARN] [net.minecraftforge.common.ForgeConfigSpec/CORE]: Incorrect key Spells.irons_spellbooks:ray_of_frost.SpellPowerMultiplier was corrected from null to its default, 1.0. 
[29Mar2026 02:52:11.449] [Server thread/WARN] [net.minecraftforge.common.ForgeConfigSpec/CORE]: Incorrect key Spells.irons_spellbooks:ray_of_frost.CooldownInSeconds was corrected from null to its default, 15.0. 
[29Mar2026 02:52:11.449] [Server thread/WARN] [net.minecraftforge.common.ForgeConfigSpec/CORE]: Incorrect key Spells.irons_spellbooks:ray_of_frost.AllowCrafting was corrected from null to its default, true. 
[29Mar2026 02:52:11.449] [Server thread/WARN] [net.minecraftforge.common.ForgeConfigSpec/CORE]: Incorrect key Spells.irons_spellbooks:cone_of_cold was corrected from null to its default, SimpleCommentedConfig:{}. 
[29Mar2026 02:52:11.449] [Server thread/WARN] [net.minecraftforge.common.ForgeConfigSpec/CORE]: Incorrect key Spells.irons_spellbooks:cone_of_cold.Enabled was corrected from null to its default, true. 
[29Mar2026 02:52:11.449] [Server thread/WARN] [net.minecraftforge.common.ForgeConfigSpec/CORE]: Incorrect key Spells.irons_spellbooks:cone_of_cold.School was corrected from null to its default, irons_spellbooks:ice. 
[29Mar2026 02:52:11.452] [Server thread/WARN] [net.minecraftforge.common.ForgeConfigSpec/CORE]: Incorrect key Spells.irons_spellbooks:cone_of_cold.MaxLevel was corrected from null to its default, 10. 
[29Mar2026 02:52:11.452] [Server thread/WARN] [net.minecraftforge.common.ForgeConfigSpec/CORE]: Incorrect key Spells.irons_spellbooks:cone_of_cold.MinRarity was corrected from null to its default, COMMON. 
[29Mar2026 02:52:11.452] [Server thread/WARN] [net.minecraftforge.common.ForgeConfigSpec/CORE]: Incorrect key Spells.irons_spellbooks:cone_of_cold.ManaCostMultiplier was corrected from null to its default, 1.0. 
[29Mar2026 02:52:11.452] [Server thread/WARN] [net.minecraftforge.common.ForgeConfigSpec/CORE]: Incorrect key Spells.irons_spellbooks:cone_of_cold.SpellPowerMultiplier was corrected from null to its default, 1.0. 
[29Mar2026 02:52:11.452] [Server thread/WARN] [net.minecraftforge.common.ForgeConfigSpec/CORE]: Incorrect key Spells.irons_spellbooks:cone_of_cold.CooldownInSeconds was corrected from null to its default, 12.0. 
[29Mar2026 02:52:11.452] [Server thread/WARN] [net.minecraftforge.common.ForgeConfigSpec/CORE]: Incorrect key Spells.irons_spellbooks:cone_of_cold.AllowCrafting was corrected from null to its default, true. 
[29Mar2026 02:52:11.452] [Server thread/WARN] [net.minecraftforge.common.ForgeConfigSpec/CORE]: Incorrect key Spells.irons_spellbooks:frost_step was corrected from null to its default, SimpleCommentedConfig:{}. 
[29Mar2026 02:52:11.452] [Server thread/WARN] [net.minecraftforge.common.ForgeConfigSpec/CORE]: Incorrect key Spells.irons_spellbooks:frost_step.Enabled was corrected from null to its default, true. 
[29Mar2026 02:52:11.453] [Server thread/WARN] [net.minecraftforge.common.ForgeConfigSpec/CORE]: Incorrect key Spells.irons_spellbooks:frost_step.School was corrected from null to its default, irons_spellbooks:ice. 
[29Mar2026 02:52:11.453] [Server thread/WARN] [net.minecraftforge.common.ForgeConfigSpec/CORE]: Incorrect key Spells.irons_spellbooks:frost_step.MaxLevel was corrected from null to its default, 8. 
[29Mar2026 02:52:11.453] [Server thread/WARN] [net.minecraftforge.common.ForgeConfigSpec/CORE]: Incorrect key Spells.irons_spellbooks:frost_step.MinRarity was corrected from null to its default, RARE. 
[29Mar2026 02:52:11.453] [Server thread/WARN] [net.minecraftforge.common.ForgeConfigSpec/CORE]: Incorrect key Spells.irons_spellbooks:frost_step.ManaCostMultiplier was corrected from null to its default, 1.0. 
[29Mar2026 02:52:11.453] [Server thread/WARN] [net.minecraftforge.common.ForgeConfigSpec/CORE]: Incorrect key Spells.irons_spellbooks:frost_step.SpellPowerMultiplier was corrected from null to its default, 1.0. 
[29Mar2026 02:52:11.453] [Server thread/WARN] [net.minecraftforge.common.ForgeConfigSpec/CORE]: Incorrect key Spells.irons_spellbooks:frost_step.CooldownInSeconds was corrected from null to its default, 10.0. 
[29Mar2026 02:52:11.453] [Server thread/WARN] [net.minecraftforge.common.ForgeConfigSpec/CORE]: Incorrect key Spells.irons_spellbooks:frost_step.AllowCrafting was corrected from null to its default, true. 
[29Mar2026 02:52:11.453] [Server thread/WARN] [net.minecraftforge.common.ForgeConfigSpec/CORE]: Incorrect key Spells.irons_spellbooks:frostwave was corrected from null to its default, SimpleCommentedConfig:{}. 
[29Mar2026 02:52:11.454] [Server thread/WARN] [net.minecraftforge.common.ForgeConfigSpec/CORE]: Incorrect key Spells.irons_spellbooks:frostwave.Enabled was corrected from null to its default, true. 
[29Mar2026 02:52:11.456] [Server thread/WARN] [net.minecraftforge.common.ForgeConfigSpec/CORE]: Incorrect key Spells.irons_spellbooks:frostwave.School was corrected from null to its default, irons_spellbooks:ice. 
[29Mar2026 02:52:11.456] [Server thread/WARN] [net.minecraftforge.common.ForgeConfigSpec/CORE]: Incorrect key Spells.irons_spellbooks:frostwave.MaxLevel was corrected from null to its default, 8. 
[29Mar2026 02:52:11.456] [Server thread/WARN] [net.minecraftforge.common.ForgeConfigSpec/CORE]: Incorrect key Spells.irons_spellbooks:frostwave.MinRarity was corrected from null to its default, COMMON. 
[29Mar2026 02:52:11.456] [Server thread/WARN] [net.minecraftforge.common.ForgeConfigSpec/CORE]: Incorrect key Spells.irons_spellbooks:frostwave.ManaCostMultiplier was corrected from null to its default, 1.0. 
[29Mar2026 02:52:11.456] [Server thread/WARN] [net.minecraftforge.common.ForgeConfigSpec/CORE]: Incorrect key Spells.irons_spellbooks:frostwave.SpellPowerMultiplier was corrected from null to its default, 1.0. 
[29Mar2026 02:52:11.457] [Server thread/WARN] [net.minecraftforge.common.ForgeConfigSpec/CORE]: Incorrect key Spells.irons_spellbooks:frostwave.CooldownInSeconds was corrected from null to its default, 45.0. 
[29Mar2026 02:52:11.457] [Server thread/WARN] [net.minecraftforge.common.ForgeConfigSpec/CORE]: Incorrect key Spells.irons_spellbooks:frostwave.AllowCrafting was corrected from null to its default, true. 
[29Mar2026 02:52:11.457] [Server thread/WARN] [net.minecraftforge.common.ForgeConfigSpec/CORE]: Incorrect key Spells.irons_spellbooks:summon_polar_bear was corrected from null to its default, SimpleCommentedConfig:{}. 
[29Mar2026 02:52:11.457] [Server thread/WARN] [net.minecraftforge.common.ForgeConfigSpec/CORE]: Incorrect key Spells.irons_spellbooks:summon_polar_bear.Enabled was corrected from null to its default, true. 
[29Mar2026 02:52:11.457] [Server thread/WARN] [net.minecraftforge.common.ForgeConfigSpec/CORE]: Incorrect key Spells.irons_spellbooks:summon_polar_bear.School was corrected from null to its default, irons_spellbooks:ice. 
[29Mar2026 02:52:11.458] [Server thread/WARN] [net.minecraftforge.common.ForgeConfigSpec/CORE]: Incorrect key Spells.irons_spellbooks:summon_polar_bear.MaxLevel was corrected from null to its default, 10. 
[29Mar2026 02:52:11.458] [Server thread/WARN] [net.minecraftforge.common.ForgeConfigSpec/CORE]: Incorrect key Spells.irons_spellbooks:summon_polar_bear.MinRarity was corrected from null to its default, RARE. 
[29Mar2026 02:52:11.458] [Server thread/WARN] [net.minecraftforge.common.ForgeConfigSpec/CORE]: Incorrect key Spells.irons_spellbooks:summon_polar_bear.ManaCostMultiplier was corrected from null to its default, 1.0. 
[29Mar2026 02:52:11.458] [Server thread/WARN] [net.minecraftforge.common.ForgeConfigSpec/CORE]: Incorrect key Spells.irons_spellbooks:summon_polar_bear.SpellPowerMultiplier was corrected from null to its default, 1.0. 
[29Mar2026 02:52:11.458] [Server thread/WARN] [net.minecraftforge.common.ForgeConfigSpec/CORE]: Incorrect key Spells.irons_spellbooks:summon_polar_bear.CooldownInSeconds was corrected from null to its default, 180.0. 
[29Mar2026 02:52:11.458] [Server thread/WARN] [net.minecraftforge.common.ForgeConfigSpec/CORE]: Incorrect key Spells.irons_spellbooks:summon_polar_bear.AllowCrafting was corrected from null to its default, true. 
[29Mar2026 02:52:11.458] [Server thread/WARN] [net.minecraftforge.common.ForgeConfigSpec/CORE]: Incorrect key Spells.irons_spellbooks:icicle was corrected from null to its default, SimpleCommentedConfig:{}. 
[29Mar2026 02:52:11.458] [Server thread/WARN] [net.minecraftforge.common.ForgeConfigSpec/CORE]: Incorrect key Spells.irons_spellbooks:icicle.Enabled was corrected from null to its default, true. 
[29Mar2026 02:52:11.459] [Server thread/WARN] [net.minecraftforge.common.ForgeConfigSpec/CORE]: Incorrect key Spells.irons_spellbooks:icicle.School was corrected from null to its default, irons_spellbooks:ice. 
[29Mar2026 02:52:11.459] [Server thread/WARN] [net.minecraftforge.common.ForgeConfigSpec/CORE]: Incorrect key Spells.irons_spellbooks:icicle.MaxLevel was corrected from null to its default, 10. 
[29Mar2026 02:52:11.459] [Server thread/WARN] [net.minecraftforge.common.ForgeConfigSpec/CORE]: Incorrect key Spells.irons_spellbooks:icicle.MinRarity was corrected from null to its default, COMMON. 
[29Mar2026 02:52:11.459] [Server thread/WARN] [net.minecraftforge.common.ForgeConfigSpec/CORE]: Incorrect key Spells.irons_spellbooks:icicle.ManaCostMultiplier was corrected from null to its default, 1.0. 
[29Mar2026 02:52:11.459] [Server thread/WARN] [net.minecraftforge.common.ForgeConfigSpec/CORE]: Incorrect key Spells.irons_spellbooks:icicle.SpellPowerMultiplier was corrected from null to its default, 1.0. 
[29Mar2026 02:52:11.459] [Server thread/WARN] [net.minecraftforge.common.ForgeConfigSpec/CORE]: Incorrect key Spells.irons_spellbooks:icicle.CooldownInSeconds was corrected from null to its default, 1.0. 
[29Mar2026 02:52:11.459] [Server thread/WARN] [net.minecraftforge.common.ForgeConfigSpec/CORE]: Incorrect key Spells.irons_spellbooks:icicle.AllowCrafting was corrected from null to its default, true. 
[29Mar2026 02:52:11.460] [Server thread/WARN] [net.minecraftforge.common.ForgeConfigSpec/CORE]: Incorrect key Spells.irons_spellbooks:arrow_volley was corrected from null to its default, SimpleCommentedConfig:{}. 
[29Mar2026 02:52:11.460] [Server thread/WARN] [net.minecraftforge.common.ForgeConfigSpec/CORE]: Incorrect key Spells.irons_spellbooks:arrow_volley.Enabled was corrected from null to its default, true. 
[29Mar2026 02:52:11.460] [Server thread/WARN] [net.minecraftforge.common.ForgeConfigSpec/CORE]: Incorrect key Spells.irons_spellbooks:arrow_volley.School was corrected from null to its default, irons_spellbooks:evocation. 
[29Mar2026 02:52:11.460] [Server thread/WARN] [net.minecraftforge.common.ForgeConfigSpec/CORE]: Incorrect key Spells.irons_spellbooks:arrow_volley.MaxLevel was corrected from null to its default, 6. 
[29Mar2026 02:52:11.460] [Server thread/WARN] [net.minecraftforge.common.ForgeConfigSpec/CORE]: Incorrect key Spells.irons_spellbooks:arrow_volley.MinRarity was corrected from null to its default, UNCOMMON. 
[29Mar2026 02:52:11.461] [Server thread/WARN] [net.minecraftforge.common.ForgeConfigSpec/CORE]: Incorrect key Spells.irons_spellbooks:arrow_volley.ManaCostMultiplier was corrected from null to its default, 1.0. 
[29Mar2026 02:52:11.461] [Server thread/WARN] [net.minecraftforge.common.ForgeConfigSpec/CORE]: Incorrect key Spells.irons_spellbooks:arrow_volley.SpellPowerMultiplier was corrected from null to its default, 1.0. 
[29Mar2026 02:52:11.461] [Server thread/WARN] [net.minecraftforge.common.ForgeConfigSpec/CORE]: Incorrect key Spells.irons_spellbooks:arrow_volley.CooldownInSeconds was corrected from null to its default, 15.0. 
[29Mar2026 02:52:11.461] [Server thread/WARN] [net.minecraftforge.common.ForgeConfigSpec/CORE]: Incorrect key Spells.irons_spellbooks:arrow_volley.AllowCrafting was corrected from null to its default, true. 
[29Mar2026 02:52:11.462] [Server thread/WARN] [net.minecraftforge.common.ForgeConfigSpec/CORE]: Incorrect key Spells.irons_spellbooks:fang_ward was corrected from null to its default, SimpleCommentedConfig:{}. 
[29Mar2026 02:52:11.462] [Server thread/WARN] [net.minecraftforge.common.ForgeConfigSpec/CORE]: Incorrect key Spells.irons_spellbooks:fang_ward.Enabled was corrected from null to its default, true. 
[29Mar2026 02:52:11.462] [Server thread/WARN] [net.minecraftforge.common.ForgeConfigSpec/CORE]: Incorrect key Spells.irons_spellbooks:fang_ward.School was corrected from null to its default, irons_spellbooks:evocation. 
[29Mar2026 02:52:11.463] [Server thread/WARN] [net.minecraftforge.common.ForgeConfigSpec/CORE]: Incorrect key Spells.irons_spellbooks:fang_ward.MaxLevel was corrected from null to its default, 8. 
[29Mar2026 02:52:11.463] [Server thread/WARN] [net.minecraftforge.common.ForgeConfigSpec/CORE]: Incorrect key Spells.irons_spellbooks:fang_ward.MinRarity was corrected from null to its default, COMMON. 
[29Mar2026 02:52:11.465] [Server thread/WARN] [net.minecraftforge.common.ForgeConfigSpec/CORE]: Incorrect key Spells.irons_spellbooks:fang_ward.ManaCostMultiplier was corrected from null to its default, 1.0. 
[29Mar2026 02:52:11.468] [Server thread/WARN] [net.minecraftforge.common.ForgeConfigSpec/CORE]: Incorrect key Spells.irons_spellbooks:fang_ward.SpellPowerMultiplier was corrected from null to its default, 1.0. 
[29Mar2026 02:52:11.468] [Server thread/WARN] [net.minecraftforge.common.ForgeConfigSpec/CORE]: Incorrect key Spells.irons_spellbooks:fang_ward.CooldownInSeconds was corrected from null to its default, 15.0. 
[29Mar2026 02:52:11.468] [Server thread/WARN] [net.minecraftforge.common.ForgeConfigSpec/CORE]: Incorrect key Spells.irons_spellbooks:fang_ward.AllowCrafting was corrected from null to its default, true. 
[29Mar2026 02:52:11.469] [Server thread/WARN] [net.minecraftforge.common.ForgeConfigSpec/CORE]: Incorrect key Spells.irons_spellbooks:fang_strike was corrected from null to its default, SimpleCommentedConfig:{}. 
[29Mar2026 02:52:11.471] [Server thread/WARN] [net.minecraftforge.common.ForgeConfigSpec/CORE]: Incorrect key Spells.irons_spellbooks:fang_strike.Enabled was corrected from null to its default, true. 
[29Mar2026 02:52:11.472] [Server thread/WARN] [net.minecraftforge.common.ForgeConfigSpec/CORE]: Incorrect key Spells.irons_spellbooks:fang_strike.School was corrected from null to its default, irons_spellbooks:evocation. 
[29Mar2026 02:52:11.472] [Server thread/WARN] [net.minecraftforge.common.ForgeConfigSpec/CORE]: Incorrect key Spells.irons_spellbooks:fang_strike.MaxLevel was corrected from null to its default, 10. 
[29Mar2026 02:52:11.473] [Server thread/WARN] [net.minecraftforge.common.ForgeConfigSpec/CORE]: Incorrect key Spells.irons_spellbooks:fang_strike.MinRarity was corrected from null to its default, COMMON. 
[29Mar2026 02:52:11.474] [Server thread/WARN] [net.minecraftforge.common.ForgeConfigSpec/CORE]: Incorrect key Spells.irons_spellbooks:fang_strike.ManaCostMultiplier was corrected from null to its default, 1.0. 
[29Mar2026 02:52:11.474] [Server thread/WARN] [net.minecraftforge.common.ForgeConfigSpec/CORE]: Incorrect key Spells.irons_spellbooks:fang_strike.SpellPowerMultiplier was corrected from null to its default, 1.0. 
[29Mar2026 02:52:11.474] [Server thread/WARN] [net.minecraftforge.common.ForgeConfigSpec/CORE]: Incorrect key Spells.irons_spellbooks:fang_strike.CooldownInSeconds was corrected from null to its default, 5.0. 
[29Mar2026 02:52:11.474] [Server thread/WARN] [net.minecraftforge.common.ForgeConfigSpec/CORE]: Incorrect key Spells.irons_spellbooks:fang_strike.AllowCrafting was corrected from null to its default, true. 
[29Mar2026 02:52:11.474] [Server thread/WARN] [net.minecraftforge.common.ForgeConfigSpec/CORE]: Incorrect key Spells.irons_spellbooks:chain_creeper was corrected from null to its default, SimpleCommentedConfig:{}. 
[29Mar2026 02:52:11.474] [Server thread/WARN] [net.minecraftforge.common.ForgeConfigSpec/CORE]: Incorrect key Spells.irons_spellbooks:chain_creeper.Enabled was corrected from null to its default, true. 
[29Mar2026 02:52:11.474] [Server thread/WARN] [net.minecraftforge.common.ForgeConfigSpec/CORE]: Incorrect key Spells.irons_spellbooks:chain_creeper.School was corrected from null to its default, irons_spellbooks:evocation. 
[29Mar2026 02:52:11.475] [Server thread/WARN] [net.minecraftforge.common.ForgeConfigSpec/CORE]: Incorrect key Spells.irons_spellbooks:chain_creeper.MaxLevel was corrected from null to its default, 6. 
[29Mar2026 02:52:11.475] [Server thread/WARN] [net.minecraftforge.common.ForgeConfigSpec/CORE]: Incorrect key Spells.irons_spellbooks:chain_creeper.MinRarity was corrected from null to its default, UNCOMMON. 
[29Mar2026 02:52:11.475] [Server thread/WARN] [net.minecraftforge.common.ForgeConfigSpec/CORE]: Incorrect key Spells.irons_spellbooks:chain_creeper.ManaCostMultiplier was corrected from null to its default, 1.0. 
[29Mar2026 02:52:11.475] [Server thread/WARN] [net.minecraftforge.common.ForgeConfigSpec/CORE]: Incorrect key Spells.irons_spellbooks:chain_creeper.SpellPowerMultiplier was corrected from null to its default, 1.0. 
[29Mar2026 02:52:11.475] [Server thread/WARN] [net.minecraftforge.common.ForgeConfigSpec/CORE]: Incorrect key Spells.irons_spellbooks:chain_creeper.CooldownInSeconds was corrected from null to its default, 15.0. 
[29Mar2026 02:52:11.478] [Server thread/WARN] [net.minecraftforge.common.ForgeConfigSpec/CORE]: Incorrect key Spells.irons_spellbooks:chain_creeper.AllowCrafting was corrected from null to its default, true. 
[29Mar2026 02:52:11.478] [Server thread/WARN] [net.minecraftforge.common.ForgeConfigSpec/CORE]: Incorrect key Spells.irons_spellbooks:gust was corrected from null to its default, SimpleCommentedConfig:{}. 
[29Mar2026 02:52:11.479] [Server thread/WARN] [net.minecraftforge.common.ForgeConfigSpec/CORE]: Incorrect key Spells.irons_spellbooks:gust.Enabled was corrected from null to its default, true. 
[29Mar2026 02:52:11.479] [Server thread/WARN] [net.minecraftforge.common.ForgeConfigSpec/CORE]: Incorrect key Spells.irons_spellbooks:gust.School was corrected from null to its default, irons_spellbooks:evocation. 
[29Mar2026 02:52:11.479] [Server thread/WARN] [net.minecraftforge.common.ForgeConfigSpec/CORE]: Incorrect key Spells.irons_spellbooks:gust.MaxLevel was corrected from null to its default, 10. 
[29Mar2026 02:52:11.479] [Server thread/WARN] [net.minecraftforge.common.ForgeConfigSpec/CORE]: Incorrect key Spells.irons_spellbooks:gust.MinRarity was corrected from null to its default, UNCOMMON. 
[29Mar2026 02:52:11.480] [Server thread/WARN] [net.minecraftforge.common.ForgeConfigSpec/CORE]: Incorrect key Spells.irons_spellbooks:gust.ManaCostMultiplier was corrected from null to its default, 1.0. 
[29Mar2026 02:52:11.480] [Server thread/WARN] [net.minecraftforge.common.ForgeConfigSpec/CORE]: Incorrect key Spells.irons_spellbooks:gust.SpellPowerMultiplier was corrected from null to its default, 1.0. 
[29Mar2026 02:52:11.480] [Server thread/WARN] [net.minecraftforge.common.ForgeConfigSpec/CORE]: Incorrect key Spells.irons_spellbooks:gust.CooldownInSeconds was corrected from null to its default, 12.0. 
[29Mar2026 02:52:11.481] [Server thread/WARN] [net.minecraftforge.common.ForgeConfigSpec/CORE]: Incorrect key Spells.irons_spellbooks:gust.AllowCrafting was corrected from null to its default, true. 
[29Mar2026 02:52:11.482] [Server thread/WARN] [net.minecraftforge.common.ForgeConfigSpec/CORE]: Incorrect key Spells.irons_spellbooks:invisibility was corrected from null to its default, SimpleCommentedConfig:{}. 
[29Mar2026 02:52:11.482] [Server thread/WARN] [net.minecraftforge.common.ForgeConfigSpec/CORE]: Incorrect key Spells.irons_spellbooks:invisibility.Enabled was corrected from null to its default, true. 
[29Mar2026 02:52:11.483] [Server thread/WARN] [net.minecraftforge.common.ForgeConfigSpec/CORE]: Incorrect key Spells.irons_spellbooks:invisibility.School was corrected from null to its default, irons_spellbooks:evocation. 
[29Mar2026 02:52:11.483] [Server thread/WARN] [net.minecraftforge.common.ForgeConfigSpec/CORE]: Incorrect key Spells.irons_spellbooks:invisibility.MaxLevel was corrected from null to its default, 6. 
[29Mar2026 02:52:11.484] [Server thread/WARN] [net.minecraftforge.common.ForgeConfigSpec/CORE]: Incorrect key Spells.irons_spellbooks:invisibility.MinRarity was corrected from null to its default, RARE. 
[29Mar2026 02:52:11.484] [Server thread/WARN] [net.minecraftforge.common.ForgeConfigSpec/CORE]: Incorrect key Spells.irons_spellbooks:invisibility.ManaCostMultiplier was corrected from null to its default, 1.0. 
[29Mar2026 02:52:11.484] [Server thread/WARN] [net.minecraftforge.common.ForgeConfigSpec/CORE]: Incorrect key Spells.irons_spellbooks:invisibility.SpellPowerMultiplier was corrected from null to its default, 1.0. 
[29Mar2026 02:52:11.485] [Server thread/WARN] [net.minecraftforge.common.ForgeConfigSpec/CORE]: Incorrect key Spells.irons_spellbooks:invisibility.CooldownInSeconds was corrected from null to its default, 45.0. 
[29Mar2026 02:52:11.485] [Server thread/WARN] [net.minecraftforge.common.ForgeConfigSpec/CORE]: Incorrect key Spells.irons_spellbooks:invisibility.AllowCrafting was corrected from null to its default, true. 
[29Mar2026 02:52:11.485] [Server thread/WARN] [net.minecraftforge.common.ForgeConfigSpec/CORE]: Incorrect key Spells.irons_spellbooks:summon_vex was corrected from null to its default, SimpleCommentedConfig:{}. 
[29Mar2026 02:52:11.486] [Server thread/WARN] [net.minecraftforge.common.ForgeConfigSpec/CORE]: Incorrect key Spells.irons_spellbooks:summon_vex.Enabled was corrected from null to its default, true. 
[29Mar2026 02:52:11.486] [Server thread/WARN] [net.minecraftforge.common.ForgeConfigSpec/CORE]: Incorrect key Spells.irons_spellbooks:summon_vex.School was corrected from null to its default, irons_spellbooks:evocation. 
[29Mar2026 02:52:11.486] [Server thread/WARN] [net.minecraftforge.common.ForgeConfigSpec/CORE]: Incorrect key Spells.irons_spellbooks:summon_vex.MaxLevel was corrected from null to its default, 5. 
[29Mar2026 02:52:11.487] [Server thread/WARN] [net.minecraftforge.common.ForgeConfigSpec/CORE]: Incorrect key Spells.irons_spellbooks:summon_vex.MinRarity was corrected from null to its default, RARE. 
[29Mar2026 02:52:11.487] [Server thread/WARN] [net.minecraftforge.common.ForgeConfigSpec/CORE]: Incorrect key Spells.irons_spellbooks:summon_vex.ManaCostMultiplier was corrected from null to its default, 1.0. 
[29Mar2026 02:52:11.487] [Server thread/WARN] [net.minecraftforge.common.ForgeConfigSpec/CORE]: Incorrect key Spells.irons_spellbooks:summon_vex.SpellPowerMultiplier was corrected from null to its default, 1.0. 
[29Mar2026 02:52:11.487] [Server thread/WARN] [net.minecraftforge.common.ForgeConfigSpec/CORE]: Incorrect key Spells.irons_spellbooks:summon_vex.CooldownInSeconds was corrected from null to its default, 150.0. 
[29Mar2026 02:52:11.487] [Server thread/WARN] [net.minecraftforge.common.ForgeConfigSpec/CORE]: Incorrect key Spells.irons_spellbooks:summon_vex.AllowCrafting was corrected from null to its default, true. 
[29Mar2026 02:52:11.487] [Server thread/WARN] [net.minecraftforge.common.ForgeConfigSpec/CORE]: Incorrect key Spells.irons_spellbooks:lob_creeper was corrected from null to its default, SimpleCommentedConfig:{}. 
[29Mar2026 02:52:11.488] [Server thread/WARN] [net.minecraftforge.common.ForgeConfigSpec/CORE]: Incorrect key Spells.irons_spellbooks:lob_creeper.Enabled was corrected from null to its default, true. 
[29Mar2026 02:52:11.488] [Server thread/WARN] [net.minecraftforge.common.ForgeConfigSpec/CORE]: Incorrect key Spells.irons_spellbooks:lob_creeper.School was corrected from null to its default, irons_spellbooks:evocation. 
[29Mar2026 02:52:11.488] [Server thread/WARN] [net.minecraftforge.common.ForgeConfigSpec/CORE]: Incorrect key Spells.irons_spellbooks:lob_creeper.MaxLevel was corrected from null to its default, 10. 
[29Mar2026 02:52:11.488] [Server thread/WARN] [net.minecraftforge.common.ForgeConfigSpec/CORE]: Incorrect key Spells.irons_spellbooks:lob_creeper.MinRarity was corrected from null to its default, UNCOMMON. 
[29Mar2026 02:52:11.488] [Server thread/WARN] [net.minecraftforge.common.ForgeConfigSpec/CORE]: Incorrect key Spells.irons_spellbooks:lob_creeper.ManaCostMultiplier was corrected from null to its default, 1.0. 
[29Mar2026 02:52:11.488] [Server thread/WARN] [net.minecraftforge.common.ForgeConfigSpec/CORE]: Incorrect key Spells.irons_spellbooks:lob_creeper.SpellPowerMultiplier was corrected from null to its default, 1.0. 
[29Mar2026 02:52:11.488] [Server thread/WARN] [net.minecraftforge.common.ForgeConfigSpec/CORE]: Incorrect key Spells.irons_spellbooks:lob_creeper.CooldownInSeconds was corrected from null to its default, 2.0. 
[29Mar2026 02:52:11.488] [Server thread/WARN] [net.minecraftforge.common.ForgeConfigSpec/CORE]: Incorrect key Spells.irons_spellbooks:lob_creeper.AllowCrafting was corrected from null to its default, true. 
[29Mar2026 02:52:11.488] [Server thread/WARN] [net.minecraftforge.common.ForgeConfigSpec/CORE]: Incorrect key Spells.irons_spellbooks:wololo was corrected from null to its default, SimpleCommentedConfig:{}. 
[29Mar2026 02:52:11.488] [Server thread/WARN] [net.minecraftforge.common.ForgeConfigSpec/CORE]: Incorrect key Spells.irons_spellbooks:wololo.Enabled was corrected from null to its default, true. 
[29Mar2026 02:52:11.488] [Server thread/WARN] [net.minecraftforge.common.ForgeConfigSpec/CORE]: Incorrect key Spells.irons_spellbooks:wololo.School was corrected from null to its default, irons_spellbooks:evocation. 
[29Mar2026 02:52:11.488] [Server thread/WARN] [net.minecraftforge.common.ForgeConfigSpec/CORE]: Incorrect key Spells.irons_spellbooks:wololo.MaxLevel was corrected from null to its default, 1. 
[29Mar2026 02:52:11.489] [Server thread/WARN] [net.minecraftforge.common.ForgeConfigSpec/CORE]: Incorrect key Spells.irons_spellbooks:wololo.MinRarity was corrected from null to its default, LEGENDARY. 
[29Mar2026 02:52:11.489] [Server thread/WARN] [net.minecraftforge.common.ForgeConfigSpec/CORE]: Incorrect key Spells.irons_spellbooks:wololo.ManaCostMultiplier was corrected from null to its default, 1.0. 
[29Mar2026 02:52:11.489] [Server thread/WARN] [net.minecraftforge.common.ForgeConfigSpec/CORE]: Incorrect key Spells.irons_spellbooks:wololo.SpellPowerMultiplier was corrected from null to its default, 1.0. 
[29Mar2026 02:52:11.489] [Server thread/WARN] [net.minecraftforge.common.ForgeConfigSpec/CORE]: Incorrect key Spells.irons_spellbooks:wololo.CooldownInSeconds was corrected from null to its default, 10.0. 
[29Mar2026 02:52:11.489] [Server thread/WARN] [net.minecraftforge.common.ForgeConfigSpec/CORE]: Incorrect key Spells.irons_spellbooks:wololo.AllowCrafting was corrected from null to its default, true. 
[29Mar2026 02:52:11.489] [Server thread/WARN] [net.minecraftforge.common.ForgeConfigSpec/CORE]: Incorrect key Spells.irons_spellbooks:shield was corrected from null to its default, SimpleCommentedConfig:{}. 
[29Mar2026 02:52:11.489] [Server thread/WARN] [net.minecraftforge.common.ForgeConfigSpec/CORE]: Incorrect key Spells.irons_spellbooks:shield.Enabled was corrected from null to its default, true. 
[29Mar2026 02:52:11.489] [Server thread/WARN] [net.minecraftforge.common.ForgeConfigSpec/CORE]: Incorrect key Spells.irons_spellbooks:shield.School was corrected from null to its default, irons_spellbooks:evocation. 
[29Mar2026 02:52:11.489] [Server thread/WARN] [net.minecraftforge.common.ForgeConfigSpec/CORE]: Incorrect key Spells.irons_spellbooks:shield.MaxLevel was corrected from null to its default, 10. 
[29Mar2026 02:52:11.489] [Server thread/WARN] [net.minecraftforge.common.ForgeConfigSpec/CORE]: Incorrect key Spells.irons_spellbooks:shield.MinRarity was corrected from null to its default, COMMON. 
[29Mar2026 02:52:11.489] [Server thread/WARN] [net.minecraftforge.common.ForgeConfigSpec/CORE]: Incorrect key Spells.irons_spellbooks:shield.ManaCostMultiplier was corrected from null to its default, 1.0. 
[29Mar2026 02:52:11.489] [Server thread/WARN] [net.minecraftforge.common.ForgeConfigSpec/CORE]: Incorrect key Spells.irons_spellbooks:shield.SpellPowerMultiplier was corrected from null to its default, 1.0. 
[29Mar2026 02:52:11.489] [Server thread/WARN] [net.minecraftforge.common.ForgeConfigSpec/CORE]: Incorrect key Spells.irons_spellbooks:shield.CooldownInSeconds was corrected from null to its default, 8.0. 
[29Mar2026 02:52:11.490] [Server thread/WARN] [net.minecraftforge.common.ForgeConfigSpec/CORE]: Incorrect key Spells.irons_spellbooks:shield.AllowCrafting was corrected from null to its default, true. 
[29Mar2026 02:52:11.492] [Server thread/WARN] [net.minecraftforge.common.ForgeConfigSpec/CORE]: Incorrect key Spells.irons_spellbooks:summon_horse was corrected from null to its default, SimpleCommentedConfig:{}. 
[29Mar2026 02:52:11.492] [Server thread/WARN] [net.minecraftforge.common.ForgeConfigSpec/CORE]: Incorrect key Spells.irons_spellbooks:summon_horse.Enabled was corrected from null to its default, true. 
[29Mar2026 02:52:11.492] [Server thread/WARN] [net.minecraftforge.common.ForgeConfigSpec/CORE]: Incorrect key Spells.irons_spellbooks:summon_horse.School was corrected from null to its default, irons_spellbooks:evocation. 
[29Mar2026 02:52:11.493] [Server thread/WARN] [net.minecraftforge.common.ForgeConfigSpec/CORE]: Incorrect key Spells.irons_spellbooks:summon_horse.MaxLevel was corrected from null to its default, 5. 
[29Mar2026 02:52:11.494] [Server thread/WARN] [net.minecraftforge.common.ForgeConfigSpec/CORE]: Incorrect key Spells.irons_spellbooks:summon_horse.MinRarity was corrected from null to its default, COMMON. 
[29Mar2026 02:52:11.494] [Server thread/WARN] [net.minecraftforge.common.ForgeConfigSpec/CORE]: Incorrect key Spells.irons_spellbooks:summon_horse.ManaCostMultiplier was corrected from null to its default, 1.0. 
[29Mar2026 02:52:11.495] [Server thread/WARN] [net.minecraftforge.common.ForgeConfigSpec/CORE]: Incorrect key Spells.irons_spellbooks:summon_horse.SpellPowerMultiplier was corrected from null to its default, 1.0. 
[29Mar2026 02:52:11.495] [Server thread/WARN] [net.minecraftforge.common.ForgeConfigSpec/CORE]: Incorrect key Spells.irons_spellbooks:summon_horse.CooldownInSeconds was corrected from null to its default, 20.0. 
[29Mar2026 02:52:11.496] [Server thread/WARN] [net.minecraftforge.common.ForgeConfigSpec/CORE]: Incorrect key Spells.irons_spellbooks:summon_horse.AllowCrafting was corrected from null to its default, true. 
[29Mar2026 02:52:11.496] [Server thread/WARN] [net.minecraftforge.common.ForgeConfigSpec/CORE]: Incorrect key Spells.irons_spellbooks:spectral_hammer was corrected from null to its default, SimpleCommentedConfig:{}. 
[29Mar2026 02:52:11.497] [Server thread/WARN] [net.minecraftforge.common.ForgeConfigSpec/CORE]: Incorrect key Spells.irons_spellbooks:spectral_hammer.Enabled was corrected from null to its default, true. 
[29Mar2026 02:52:11.497] [Server thread/WARN] [net.minecraftforge.common.ForgeConfigSpec/CORE]: Incorrect key Spells.irons_spellbooks:spectral_hammer.School was corrected from null to its default, irons_spellbooks:evocation. 
[29Mar2026 02:52:11.498] [Server thread/WARN] [net.minecraftforge.common.ForgeConfigSpec/CORE]: Incorrect key Spells.irons_spellbooks:spectral_hammer.MaxLevel was corrected from null to its default, 5. 
[29Mar2026 02:52:11.498] [Server thread/WARN] [net.minecraftforge.common.ForgeConfigSpec/CORE]: Incorrect key Spells.irons_spellbooks:spectral_hammer.MinRarity was corrected from null to its default, UNCOMMON. 
[29Mar2026 02:52:11.499] [Server thread/WARN] [net.minecraftforge.common.ForgeConfigSpec/CORE]: Incorrect key Spells.irons_spellbooks:spectral_hammer.ManaCostMultiplier was corrected from null to its default, 1.0. 
[29Mar2026 02:52:11.500] [Server thread/WARN] [net.minecraftforge.common.ForgeConfigSpec/CORE]: Incorrect key Spells.irons_spellbooks:spectral_hammer.SpellPowerMultiplier was corrected from null to its default, 1.0. 
[29Mar2026 02:52:11.500] [Server thread/WARN] [net.minecraftforge.common.ForgeConfigSpec/CORE]: Incorrect key Spells.irons_spellbooks:spectral_hammer.CooldownInSeconds was corrected from null to its default, 2.0. 
[29Mar2026 02:52:11.501] [Server thread/WARN] [net.minecraftforge.common.ForgeConfigSpec/CORE]: Incorrect key Spells.irons_spellbooks:spectral_hammer.AllowCrafting was corrected from null to its default, true. 
[29Mar2026 02:52:11.501] [Server thread/WARN] [net.minecraftforge.common.ForgeConfigSpec/CORE]: Incorrect key Spells.irons_spellbooks:slow was corrected from null to its default, SimpleCommentedConfig:{}. 
[29Mar2026 02:52:11.502] [Server thread/WARN] [net.minecraftforge.common.ForgeConfigSpec/CORE]: Incorrect key Spells.irons_spellbooks:slow.Enabled was corrected from null to its default, true. 
[29Mar2026 02:52:11.503] [Server thread/WARN] [net.minecraftforge.common.ForgeConfigSpec/CORE]: Incorrect key Spells.irons_spellbooks:slow.School was corrected from null to its default, irons_spellbooks:evocation. 
[29Mar2026 02:52:11.503] [Server thread/WARN] [net.minecraftforge.common.ForgeConfigSpec/CORE]: Incorrect key Spells.irons_spellbooks:slow.MaxLevel was corrected from null to its default, 4. 
[29Mar2026 02:52:11.503] [Server thread/WARN] [net.minecraftforge.common.ForgeConfigSpec/CORE]: Incorrect key Spells.irons_spellbooks:slow.MinRarity was corrected from null to its default, EPIC. 
[29Mar2026 02:52:11.504] [Server thread/WARN] [net.minecraftforge.common.ForgeConfigSpec/CORE]: Incorrect key Spells.irons_spellbooks:slow.ManaCostMultiplier was corrected from null to its default, 1.0. 
[29Mar2026 02:52:11.505] [Server thread/WARN] [net.minecraftforge.common.ForgeConfigSpec/CORE]: Incorrect key Spells.irons_spellbooks:slow.SpellPowerMultiplier was corrected from null to its default, 1.0. 
[29Mar2026 02:52:11.505] [Server thread/WARN] [net.minecraftforge.common.ForgeConfigSpec/CORE]: Incorrect key Spells.irons_spellbooks:slow.CooldownInSeconds was corrected from null to its default, 80.0. 
[29Mar2026 02:52:11.505] [Server thread/WARN] [net.minecraftforge.common.ForgeConfigSpec/CORE]: Incorrect key Spells.irons_spellbooks:slow.AllowCrafting was corrected from null to its default, true. 
[29Mar2026 02:52:11.507] [Server thread/WARN] [net.minecraftforge.common.ForgeConfigSpec/CORE]: Incorrect key Spells.irons_spellbooks:firecracker was corrected from null to its default, SimpleCommentedConfig:{}. 
[29Mar2026 02:52:11.507] [Server thread/WARN] [net.minecraftforge.common.ForgeConfigSpec/CORE]: Incorrect key Spells.irons_spellbooks:firecracker.Enabled was corrected from null to its default, true. 
[29Mar2026 02:52:11.507] [Server thread/WARN] [net.minecraftforge.common.ForgeConfigSpec/CORE]: Incorrect key Spells.irons_spellbooks:firecracker.School was corrected from null to its default, irons_spellbooks:evocation. 
[29Mar2026 02:52:11.507] [Server thread/WARN] [net.minecraftforge.common.ForgeConfigSpec/CORE]: Incorrect key Spells.irons_spellbooks:firecracker.MaxLevel was corrected from null to its default, 10. 
[29Mar2026 02:52:11.507] [Server thread/WARN] [net.minecraftforge.common.ForgeConfigSpec/CORE]: Incorrect key Spells.irons_spellbooks:firecracker.MinRarity was corrected from null to its default, COMMON. 
[29Mar2026 02:52:11.507] [Server thread/WARN] [net.minecraftforge.common.ForgeConfigSpec/CORE]: Incorrect key Spells.irons_spellbooks:firecracker.ManaCostMultiplier was corrected from null to its default, 1.0. 
[29Mar2026 02:52:11.507] [Server thread/WARN] [net.minecraftforge.common.ForgeConfigSpec/CORE]: Incorrect key Spells.irons_spellbooks:firecracker.SpellPowerMultiplier was corrected from null to its default, 1.0. 
[29Mar2026 02:52:11.507] [Server thread/WARN] [net.minecraftforge.common.ForgeConfigSpec/CORE]: Incorrect key Spells.irons_spellbooks:firecracker.CooldownInSeconds was corrected from null to its default, 1.5. 
[29Mar2026 02:52:11.508] [Server thread/WARN] [net.minecraftforge.common.ForgeConfigSpec/CORE]: Incorrect key Spells.irons_spellbooks:firecracker.AllowCrafting was corrected from null to its default, true. 
[29Mar2026 02:52:11.508] [Server thread/WARN] [net.minecraftforge.common.ForgeConfigSpec/CORE]: Incorrect key Spells.irons_spellbooks:portal was corrected from null to its default, SimpleCommentedConfig:{}. 
[29Mar2026 02:52:11.508] [Server thread/WARN] [net.minecraftforge.common.ForgeConfigSpec/CORE]: Incorrect key Spells.irons_spellbooks:portal.Enabled was corrected from null to its default, true. 
[29Mar2026 02:52:11.509] [Server thread/WARN] [net.minecraftforge.common.ForgeConfigSpec/CORE]: Incorrect key Spells.irons_spellbooks:portal.School was corrected from null to its default, irons_spellbooks:ender. 
[29Mar2026 02:52:11.510] [Server thread/WARN] [net.minecraftforge.common.ForgeConfigSpec/CORE]: Incorrect key Spells.irons_spellbooks:portal.MaxLevel was corrected from null to its default, 3. 
[29Mar2026 02:52:11.511] [Server thread/WARN] [net.minecraftforge.common.ForgeConfigSpec/CORE]: Incorrect key Spells.irons_spellbooks:portal.MinRarity was corrected from null to its default, UNCOMMON. 
[29Mar2026 02:52:11.511] [Server thread/WARN] [net.minecraftforge.common.ForgeConfigSpec/CORE]: Incorrect key Spells.irons_spellbooks:portal.ManaCostMultiplier was corrected from null to its default, 1.0. 
[29Mar2026 02:52:11.511] [Server thread/WARN] [net.minecraftforge.common.ForgeConfigSpec/CORE]: Incorrect key Spells.irons_spellbooks:portal.SpellPowerMultiplier was corrected from null to its default, 1.0. 
[29Mar2026 02:52:11.512] [Server thread/WARN] [net.minecraftforge.common.ForgeConfigSpec/CORE]: Incorrect key Spells.irons_spellbooks:portal.CooldownInSeconds was corrected from null to its default, 180.0. 
[29Mar2026 02:52:11.512] [Server thread/WARN] [net.minecraftforge.common.ForgeConfigSpec/CORE]: Incorrect key Spells.irons_spellbooks:portal.AllowCrafting was corrected from null to its default, true. 
[29Mar2026 02:52:11.512] [Server thread/WARN] [net.minecraftforge.common.ForgeConfigSpec/CORE]: Incorrect key Spells.irons_spellbooks:black_hole was corrected from null to its default, SimpleCommentedConfig:{}. 
[29Mar2026 02:52:11.512] [Server thread/WARN] [net.minecraftforge.common.ForgeConfigSpec/CORE]: Incorrect key Spells.irons_spellbooks:black_hole.Enabled was corrected from null to its default, true. 
[29Mar2026 02:52:11.512] [Server thread/WARN] [net.minecraftforge.common.ForgeConfigSpec/CORE]: Incorrect key Spells.irons_spellbooks:black_hole.School was corrected from null to its default, irons_spellbooks:ender. 
[29Mar2026 02:52:11.512] [Server thread/WARN] [net.minecraftforge.common.ForgeConfigSpec/CORE]: Incorrect key Spells.irons_spellbooks:black_hole.MaxLevel was corrected from null to its default, 6. 
[29Mar2026 02:52:11.512] [Server thread/WARN] [net.minecraftforge.common.ForgeConfigSpec/CORE]: Incorrect key Spells.irons_spellbooks:black_hole.MinRarity was corrected from null to its default, LEGENDARY. 
[29Mar2026 02:52:11.512] [Server thread/WARN] [net.minecraftforge.common.ForgeConfigSpec/CORE]: Incorrect key Spells.irons_spellbooks:black_hole.ManaCostMultiplier was corrected from null to its default, 1.0. 
[29Mar2026 02:52:11.512] [Server thread/WARN] [net.minecraftforge.common.ForgeConfigSpec/CORE]: Incorrect key Spells.irons_spellbooks:black_hole.SpellPowerMultiplier was corrected from null to its default, 1.0. 
[29Mar2026 02:52:11.513] [Server thread/WARN] [net.minecraftforge.common.ForgeConfigSpec/CORE]: Incorrect key Spells.irons_spellbooks:black_hole.CooldownInSeconds was corrected from null to its default, 120.0. 
[29Mar2026 02:52:11.513] [Server thread/WARN] [net.minecraftforge.common.ForgeConfigSpec/CORE]: Incorrect key Spells.irons_spellbooks:black_hole.AllowCrafting was corrected from null to its default, true. 
[29Mar2026 02:52:11.513] [Server thread/WARN] [net.minecraftforge.common.ForgeConfigSpec/CORE]: Incorrect key Spells.irons_spellbooks:evasion was corrected from null to its default, SimpleCommentedConfig:{}. 
[29Mar2026 02:52:11.513] [Server thread/WARN] [net.minecraftforge.common.ForgeConfigSpec/CORE]: Incorrect key Spells.irons_spellbooks:evasion.Enabled was corrected from null to its default, true. 
[29Mar2026 02:52:11.513] [Server thread/WARN] [net.minecraftforge.common.ForgeConfigSpec/CORE]: Incorrect key Spells.irons_spellbooks:evasion.School was corrected from null to its default, irons_spellbooks:ender. 
[29Mar2026 02:52:11.513] [Server thread/WARN] [net.minecraftforge.common.ForgeConfigSpec/CORE]: Incorrect key Spells.irons_spellbooks:evasion.MaxLevel was corrected from null to its default, 5. 
[29Mar2026 02:52:11.513] [Server thread/WARN] [net.minecraftforge.common.ForgeConfigSpec/CORE]: Incorrect key Spells.irons_spellbooks:evasion.MinRarity was corrected from null to its default, EPIC. 
[29Mar2026 02:52:11.513] [Server thread/WARN] [net.minecraftforge.common.ForgeConfigSpec/CORE]: Incorrect key Spells.irons_spellbooks:evasion.ManaCostMultiplier was corrected from null to its default, 1.0. 
[29Mar2026 02:52:11.513] [Server thread/WARN] [net.minecraftforge.common.ForgeConfigSpec/CORE]: Incorrect key Spells.irons_spellbooks:evasion.SpellPowerMultiplier was corrected from null to its default, 1.0. 
[29Mar2026 02:52:11.513] [Server thread/WARN] [net.minecraftforge.common.ForgeConfigSpec/CORE]: Incorrect key Spells.irons_spellbooks:evasion.CooldownInSeconds was corrected from null to its default, 180.0. 
[29Mar2026 02:52:11.513] [Server thread/WARN] [net.minecraftforge.common.ForgeConfigSpec/CORE]: Incorrect key Spells.irons_spellbooks:evasion.AllowCrafting was corrected from null to its default, true. 
[29Mar2026 02:52:11.514] [Server thread/WARN] [net.minecraftforge.common.ForgeConfigSpec/CORE]: Incorrect key Spells.irons_spellbooks:recall was corrected from null to its default, SimpleCommentedConfig:{}. 
[29Mar2026 02:52:11.514] [Server thread/WARN] [net.minecraftforge.common.ForgeConfigSpec/CORE]: Incorrect key Spells.irons_spellbooks:recall.Enabled was corrected from null to its default, true. 
[29Mar2026 02:52:11.514] [Server thread/WARN] [net.minecraftforge.common.ForgeConfigSpec/CORE]: Incorrect key Spells.irons_spellbooks:recall.School was corrected from null to its default, irons_spellbooks:ender. 
[29Mar2026 02:52:11.514] [Server thread/WARN] [net.minecraftforge.common.ForgeConfigSpec/CORE]: Incorrect key Spells.irons_spellbooks:recall.MaxLevel was corrected from null to its default, 1. 
[29Mar2026 02:52:11.514] [Server thread/WARN] [net.minecraftforge.common.ForgeConfigSpec/CORE]: Incorrect key Spells.irons_spellbooks:recall.MinRarity was corrected from null to its default, UNCOMMON. 
[29Mar2026 02:52:11.514] [Server thread/WARN] [net.minecraftforge.common.ForgeConfigSpec/CORE]: Incorrect key Spells.irons_spellbooks:recall.ManaCostMultiplier was corrected from null to its default, 1.0. 
[29Mar2026 02:52:11.514] [Server thread/WARN] [net.minecraftforge.common.ForgeConfigSpec/CORE]: Incorrect key Spells.irons_spellbooks:recall.SpellPowerMultiplier was corrected from null to its default, 1.0. 
[29Mar2026 02:52:11.514] [Server thread/WARN] [net.minecraftforge.common.ForgeConfigSpec/CORE]: Incorrect key Spells.irons_spellbooks:recall.CooldownInSeconds was corrected from null to its default, 300.0. 
[29Mar2026 02:52:11.514] [Server thread/WARN] [net.minecraftforge.common.ForgeConfigSpec/CORE]: Incorrect key Spells.irons_spellbooks:recall.AllowCrafting was corrected from null to its default, true. 
[29Mar2026 02:52:11.514] [Server thread/WARN] [net.minecraftforge.common.ForgeConfigSpec/CORE]: Incorrect key Spells.irons_spellbooks:magic_missile was corrected from null to its default, SimpleCommentedConfig:{}. 
[29Mar2026 02:52:11.514] [Server thread/WARN] [net.minecraftforge.common.ForgeConfigSpec/CORE]: Incorrect key Spells.irons_spellbooks:magic_missile.Enabled was corrected from null to its default, true. 
[29Mar2026 02:52:11.514] [Server thread/WARN] [net.minecraftforge.common.ForgeConfigSpec/CORE]: Incorrect key Spells.irons_spellbooks:magic_missile.School was corrected from null to its default, irons_spellbooks:ender. 
[29Mar2026 02:52:11.514] [Server thread/WARN] [net.minecraftforge.common.ForgeConfigSpec/CORE]: Incorrect key Spells.irons_spellbooks:magic_missile.MaxLevel was corrected from null to its default, 10. 
[29Mar2026 02:52:11.514] [Server thread/WARN] [net.minecraftforge.common.ForgeConfigSpec/CORE]: Incorrect key Spells.irons_spellbooks:magic_missile.MinRarity was corrected from null to its default, COMMON. 
[29Mar2026 02:52:11.517] [Server thread/WARN] [net.minecraftforge.common.ForgeConfigSpec/CORE]: Incorrect key Spells.irons_spellbooks:magic_missile.ManaCostMultiplier was corrected from null to its default, 1.0. 
[29Mar2026 02:52:11.518] [Server thread/WARN] [net.minecraftforge.common.ForgeConfigSpec/CORE]: Incorrect key Spells.irons_spellbooks:magic_missile.SpellPowerMultiplier was corrected from null to its default, 1.0. 
[29Mar2026 02:52:11.518] [Server thread/WARN] [net.minecraftforge.common.ForgeConfigSpec/CORE]: Incorrect key Spells.irons_spellbooks:magic_missile.CooldownInSeconds was corrected from null to its default, 1.0. 
[29Mar2026 02:52:11.518] [Server thread/WARN] [net.minecraftforge.common.ForgeConfigSpec/CORE]: Incorrect key Spells.irons_spellbooks:magic_missile.AllowCrafting was corrected from null to its default, true. 
[29Mar2026 02:52:11.518] [Server thread/WARN] [net.minecraftforge.common.ForgeConfigSpec/CORE]: Incorrect key Spells.irons_spellbooks:summon_ender_chest was corrected from null to its default, SimpleCommentedConfig:{}. 
[29Mar2026 02:52:11.519] [Server thread/WARN] [net.minecraftforge.common.ForgeConfigSpec/CORE]: Incorrect key Spells.irons_spellbooks:summon_ender_chest.Enabled was corrected from null to its default, true. 
[29Mar2026 02:52:11.519] [Server thread/WARN] [net.minecraftforge.common.ForgeConfigSpec/CORE]: Incorrect key Spells.irons_spellbooks:summon_ender_chest.School was corrected from null to its default, irons_spellbooks:ender. 
[29Mar2026 02:52:11.519] [Server thread/WARN] [net.minecraftforge.common.ForgeConfigSpec/CORE]: Incorrect key Spells.irons_spellbooks:summon_ender_chest.MaxLevel was corrected from null to its default, 1. 
[29Mar2026 02:52:11.519] [Server thread/WARN] [net.minecraftforge.common.ForgeConfigSpec/CORE]: Incorrect key Spells.irons_spellbooks:summon_ender_chest.MinRarity was corrected from null to its default, RARE. 
[29Mar2026 02:52:11.519] [Server thread/WARN] [net.minecraftforge.common.ForgeConfigSpec/CORE]: Incorrect key Spells.irons_spellbooks:summon_ender_chest.ManaCostMultiplier was corrected from null to its default, 1.0. 
[29Mar2026 02:52:11.519] [Server thread/WARN] [net.minecraftforge.common.ForgeConfigSpec/CORE]: Incorrect key Spells.irons_spellbooks:summon_ender_chest.SpellPowerMultiplier was corrected from null to its default, 1.0. 
[29Mar2026 02:52:11.519] [Server thread/WARN] [net.minecraftforge.common.ForgeConfigSpec/CORE]: Incorrect key Spells.irons_spellbooks:summon_ender_chest.CooldownInSeconds was corrected from null to its default, 5.0. 
[29Mar2026 02:52:11.519] [Server thread/WARN] [net.minecraftforge.common.ForgeConfigSpec/CORE]: Incorrect key Spells.irons_spellbooks:summon_ender_chest.AllowCrafting was corrected from null to its default, true. 
[29Mar2026 02:52:11.519] [Server thread/WARN] [net.minecraftforge.common.ForgeConfigSpec/CORE]: Incorrect key Spells.irons_spellbooks:magic_arrow was corrected from null to its default, SimpleCommentedConfig:{}. 
[29Mar2026 02:52:11.520] [Server thread/WARN] [net.minecraftforge.common.ForgeConfigSpec/CORE]: Incorrect key Spells.irons_spellbooks:magic_arrow.Enabled was corrected from null to its default, true. 
[29Mar2026 02:52:11.520] [Server thread/WARN] [net.minecraftforge.common.ForgeConfigSpec/CORE]: Incorrect key Spells.irons_spellbooks:magic_arrow.School was corrected from null to its default, irons_spellbooks:ender. 
[29Mar2026 02:52:11.520] [Server thread/WARN] [net.minecraftforge.common.ForgeConfigSpec/CORE]: Incorrect key Spells.irons_spellbooks:magic_arrow.MaxLevel was corrected from null to its default, 10. 
[29Mar2026 02:52:11.520] [Server thread/WARN] [net.minecraftforge.common.ForgeConfigSpec/CORE]: Incorrect key Spells.irons_spellbooks:magic_arrow.MinRarity was corrected from null to its default, RARE. 
[29Mar2026 02:52:11.520] [Server thread/WARN] [net.minecraftforge.common.ForgeConfigSpec/CORE]: Incorrect key Spells.irons_spellbooks:magic_arrow.ManaCostMultiplier was corrected from null to its default, 1.0. 
[29Mar2026 02:52:11.522] [Server thread/WARN] [net.minecraftforge.common.ForgeConfigSpec/CORE]: Incorrect key Spells.irons_spellbooks:magic_arrow.SpellPowerMultiplier was corrected from null to its default, 1.0. 
[29Mar2026 02:52:11.523] [Server thread/WARN] [net.minecraftforge.common.ForgeConfigSpec/CORE]: Incorrect key Spells.irons_spellbooks:magic_arrow.CooldownInSeconds was corrected from null to its default, 8.0. 
[29Mar2026 02:52:11.523] [Server thread/WARN] [net.minecraftforge.common.ForgeConfigSpec/CORE]: Incorrect key Spells.irons_spellbooks:magic_arrow.AllowCrafting was corrected from null to its default, true. 
[29Mar2026 02:52:11.524] [Server thread/WARN] [net.minecraftforge.common.ForgeConfigSpec/CORE]: Incorrect key Spells.irons_spellbooks:teleport was corrected from null to its default, SimpleCommentedConfig:{}. 
[29Mar2026 02:52:11.524] [Server thread/WARN] [net.minecraftforge.common.ForgeConfigSpec/CORE]: Incorrect key Spells.irons_spellbooks:teleport.Enabled was corrected from null to its default, true. 
[29Mar2026 02:52:11.525] [Server thread/WARN] [net.minecraftforge.common.ForgeConfigSpec/CORE]: Incorrect key Spells.irons_spellbooks:teleport.School was corrected from null to its default, irons_spellbooks:ender. 
[29Mar2026 02:52:11.525] [Server thread/WARN] [net.minecraftforge.common.ForgeConfigSpec/CORE]: Incorrect key Spells.irons_spellbooks:teleport.MaxLevel was corrected from null to its default, 5. 
[29Mar2026 02:52:11.527] [Server thread/WARN] [net.minecraftforge.common.ForgeConfigSpec/CORE]: Incorrect key Spells.irons_spellbooks:teleport.MinRarity was corrected from null to its default, UNCOMMON. 
[29Mar2026 02:52:11.527] [Server thread/WARN] [net.minecraftforge.common.ForgeConfigSpec/CORE]: Incorrect key Spells.irons_spellbooks:teleport.ManaCostMultiplier was corrected from null to its default, 1.0. 
[29Mar2026 02:52:11.527] [Server thread/WARN] [net.minecraftforge.common.ForgeConfigSpec/CORE]: Incorrect key Spells.irons_spellbooks:teleport.SpellPowerMultiplier was corrected from null to its default, 1.0. 
[29Mar2026 02:52:11.527] [Server thread/WARN] [net.minecraftforge.common.ForgeConfigSpec/CORE]: Incorrect key Spells.irons_spellbooks:teleport.CooldownInSeconds was corrected from null to its default, 3.0. 
[29Mar2026 02:52:11.527] [Server thread/WARN] [net.minecraftforge.common.ForgeConfigSpec/CORE]: Incorrect key Spells.irons_spellbooks:teleport.AllowCrafting was corrected from null to its default, true. 
[29Mar2026 02:52:11.527] [Server thread/WARN] [net.minecraftforge.common.ForgeConfigSpec/CORE]: Incorrect key Spells.irons_spellbooks:dragon_breath was corrected from null to its default, SimpleCommentedConfig:{}. 
[29Mar2026 02:52:11.528] [Server thread/WARN] [net.minecraftforge.common.ForgeConfigSpec/CORE]: Incorrect key Spells.irons_spellbooks:dragon_breath.Enabled was corrected from null to its default, true. 
[29Mar2026 02:52:11.528] [Server thread/WARN] [net.minecraftforge.common.ForgeConfigSpec/CORE]: Incorrect key Spells.irons_spellbooks:dragon_breath.School was corrected from null to its default, irons_spellbooks:ender. 
[29Mar2026 02:52:11.528] [Server thread/WARN] [net.minecraftforge.common.ForgeConfigSpec/CORE]: Incorrect key Spells.irons_spellbooks:dragon_breath.MaxLevel was corrected from null to its default, 10. 
[29Mar2026 02:52:11.528] [Server thread/WARN] [net.minecraftforge.common.ForgeConfigSpec/CORE]: Incorrect key Spells.irons_spellbooks:dragon_breath.MinRarity was corrected from null to its default, COMMON. 
[29Mar2026 02:52:11.528] [Server thread/WARN] [net.minecraftforge.common.ForgeConfigSpec/CORE]: Incorrect key Spells.irons_spellbooks:dragon_breath.ManaCostMultiplier was corrected from null to its default, 1.0. 
[29Mar2026 02:52:11.528] [Server thread/WARN] [net.minecraftforge.common.ForgeConfigSpec/CORE]: Incorrect key Spells.irons_spellbooks:dragon_breath.SpellPowerMultiplier was corrected from null to its default, 1.0. 
[29Mar2026 02:52:11.528] [Server thread/WARN] [net.minecraftforge.common.ForgeConfigSpec/CORE]: Incorrect key Spells.irons_spellbooks:dragon_breath.CooldownInSeconds was corrected from null to its default, 12.0. 
[29Mar2026 02:52:11.528] [Server thread/WARN] [net.minecraftforge.common.ForgeConfigSpec/CORE]: Incorrect key Spells.irons_spellbooks:dragon_breath.AllowCrafting was corrected from null to its default, true. 
[29Mar2026 02:52:11.528] [Server thread/WARN] [net.minecraftforge.common.ForgeConfigSpec/CORE]: Incorrect key Spells.irons_spellbooks:counterspell was corrected from null to its default, SimpleCommentedConfig:{}. 
[29Mar2026 02:52:11.529] [Server thread/WARN] [net.minecraftforge.common.ForgeConfigSpec/CORE]: Incorrect key Spells.irons_spellbooks:counterspell.Enabled was corrected from null to its default, true. 
[29Mar2026 02:52:11.529] [Server thread/WARN] [net.minecraftforge.common.ForgeConfigSpec/CORE]: Incorrect key Spells.irons_spellbooks:counterspell.School was corrected from null to its default, irons_spellbooks:ender. 
[29Mar2026 02:52:11.531] [Server thread/WARN] [net.minecraftforge.common.ForgeConfigSpec/CORE]: Incorrect key Spells.irons_spellbooks:counterspell.MaxLevel was corrected from null to its default, 1. 
[29Mar2026 02:52:11.532] [Server thread/WARN] [net.minecraftforge.common.ForgeConfigSpec/CORE]: Incorrect key Spells.irons_spellbooks:counterspell.MinRarity was corrected from null to its default, RARE. 
[29Mar2026 02:52:11.533] [Server thread/WARN] [net.minecraftforge.common.ForgeConfigSpec/CORE]: Incorrect key Spells.irons_spellbooks:counterspell.ManaCostMultiplier was corrected from null to its default, 1.0. 
[29Mar2026 02:52:11.533] [Server thread/WARN] [net.minecraftforge.common.ForgeConfigSpec/CORE]: Incorrect key Spells.irons_spellbooks:counterspell.SpellPowerMultiplier was corrected from null to its default, 1.0. 
[29Mar2026 02:52:11.533] [Server thread/WARN] [net.minecraftforge.common.ForgeConfigSpec/CORE]: Incorrect key Spells.irons_spellbooks:counterspell.CooldownInSeconds was corrected from null to its default, 10.0. 
[29Mar2026 02:52:11.534] [Server thread/WARN] [net.minecraftforge.common.ForgeConfigSpec/CORE]: Incorrect key Spells.irons_spellbooks:counterspell.AllowCrafting was corrected from null to its default, true. 
[29Mar2026 02:52:11.534] [Server thread/WARN] [net.minecraftforge.common.ForgeConfigSpec/CORE]: Incorrect key Spells.irons_spellbooks:echoing_strikes was corrected from null to its default, SimpleCommentedConfig:{}. 
[29Mar2026 02:52:11.534] [Server thread/WARN] [net.minecraftforge.common.ForgeConfigSpec/CORE]: Incorrect key Spells.irons_spellbooks:echoing_strikes.Enabled was corrected from null to its default, true. 
[29Mar2026 02:52:11.534] [Server thread/WARN] [net.minecraftforge.common.ForgeConfigSpec/CORE]: Incorrect key Spells.irons_spellbooks:echoing_strikes.School was corrected from null to its default, irons_spellbooks:ender. 
[29Mar2026 02:52:11.534] [Server thread/WARN] [net.minecraftforge.common.ForgeConfigSpec/CORE]: Incorrect key Spells.irons_spellbooks:echoing_strikes.MaxLevel was corrected from null to its default, 5. 
[29Mar2026 02:52:11.534] [Server thread/WARN] [net.minecraftforge.common.ForgeConfigSpec/CORE]: Incorrect key Spells.irons_spellbooks:echoing_strikes.MinRarity was corrected from null to its default, RARE. 
[29Mar2026 02:52:11.534] [Server thread/WARN] [net.minecraftforge.common.ForgeConfigSpec/CORE]: Incorrect key Spells.irons_spellbooks:echoing_strikes.ManaCostMultiplier was corrected from null to its default, 1.0. 
[29Mar2026 02:52:11.534] [Server thread/WARN] [net.minecraftforge.common.ForgeConfigSpec/CORE]: Incorrect key Spells.irons_spellbooks:echoing_strikes.SpellPowerMultiplier was corrected from null to its default, 1.0. 
[29Mar2026 02:52:11.534] [Server thread/WARN] [net.minecraftforge.common.ForgeConfigSpec/CORE]: Incorrect key Spells.irons_spellbooks:echoing_strikes.CooldownInSeconds was corrected from null to its default, 60.0. 
[29Mar2026 02:52:11.534] [Server thread/WARN] [net.minecraftforge.common.ForgeConfigSpec/CORE]: Incorrect key Spells.irons_spellbooks:echoing_strikes.AllowCrafting was corrected from null to its default, true. 
[29Mar2026 02:52:11.534] [Server thread/WARN] [net.minecraftforge.common.ForgeConfigSpec/CORE]: Incorrect key Spells.irons_spellbooks:starfall was corrected from null to its default, SimpleCommentedConfig:{}. 
[29Mar2026 02:52:11.535] [Server thread/WARN] [net.minecraftforge.common.ForgeConfigSpec/CORE]: Incorrect key Spells.irons_spellbooks:starfall.Enabled was corrected from null to its default, true. 
[29Mar2026 02:52:11.535] [Server thread/WARN] [net.minecraftforge.common.ForgeConfigSpec/CORE]: Incorrect key Spells.irons_spellbooks:starfall.School was corrected from null to its default, irons_spellbooks:ender. 
[29Mar2026 02:52:11.535] [Server thread/WARN] [net.minecraftforge.common.ForgeConfigSpec/CORE]: Incorrect key Spells.irons_spellbooks:starfall.MaxLevel was corrected from null to its default, 10. 
[29Mar2026 02:52:11.535] [Server thread/WARN] [net.minecraftforge.common.ForgeConfigSpec/CORE]: Incorrect key Spells.irons_spellbooks:starfall.MinRarity was corrected from null to its default, UNCOMMON. 
[29Mar2026 02:52:11.535] [Server thread/WARN] [net.minecraftforge.common.ForgeConfigSpec/CORE]: Incorrect key Spells.irons_spellbooks:starfall.ManaCostMultiplier was corrected from null to its default, 1.0. 
[29Mar2026 02:52:11.535] [Server thread/WARN] [net.minecraftforge.common.ForgeConfigSpec/CORE]: Incorrect key Spells.irons_spellbooks:starfall.SpellPowerMultiplier was corrected from null to its default, 1.0. 
[29Mar2026 02:52:11.535] [Server thread/WARN] [net.minecraftforge.common.ForgeConfigSpec/CORE]: Incorrect key Spells.irons_spellbooks:starfall.CooldownInSeconds was corrected from null to its default, 16.0. 
[29Mar2026 02:52:11.535] [Server thread/WARN] [net.minecraftforge.common.ForgeConfigSpec/CORE]: Incorrect key Spells.irons_spellbooks:starfall.AllowCrafting was corrected from null to its default, true. 
[29Mar2026 02:52:11.535] [Server thread/WARN] [net.minecraftforge.common.ForgeConfigSpec/CORE]: Incorrect key Spells.irons_spellbooks:sculk_tentacles was corrected from null to its default, SimpleCommentedConfig:{}. 
[29Mar2026 02:52:11.535] [Server thread/WARN] [net.minecraftforge.common.ForgeConfigSpec/CORE]: Incorrect key Spells.irons_spellbooks:sculk_tentacles.Enabled was corrected from null to its default, true. 
[29Mar2026 02:52:11.535] [Server thread/WARN] [net.minecraftforge.common.ForgeConfigSpec/CORE]: Incorrect key Spells.irons_spellbooks:sculk_tentacles.School was corrected from null to its default, irons_spellbooks:eldritch. 
[29Mar2026 02:52:11.535] [Server thread/WARN] [net.minecraftforge.common.ForgeConfigSpec/CORE]: Incorrect key Spells.irons_spellbooks:sculk_tentacles.MaxLevel was corrected from null to its default, 4. 
[29Mar2026 02:52:11.535] [Server thread/WARN] [net.minecraftforge.common.ForgeConfigSpec/CORE]: Incorrect key Spells.irons_spellbooks:sculk_tentacles.MinRarity was corrected from null to its default, LEGENDARY. 
[29Mar2026 02:52:11.536] [Server thread/WARN] [net.minecraftforge.common.ForgeConfigSpec/CORE]: Incorrect key Spells.irons_spellbooks:sculk_tentacles.ManaCostMultiplier was corrected from null to its default, 1.0. 
[29Mar2026 02:52:11.536] [Server thread/WARN] [net.minecraftforge.common.ForgeConfigSpec/CORE]: Incorrect key Spells.irons_spellbooks:sculk_tentacles.SpellPowerMultiplier was corrected from null to its default, 1.0. 
[29Mar2026 02:52:11.536] [Server thread/WARN] [net.minecraftforge.common.ForgeConfigSpec/CORE]: Incorrect key Spells.irons_spellbooks:sculk_tentacles.CooldownInSeconds was corrected from null to its default, 30.0. 
[29Mar2026 02:52:11.537] [Server thread/WARN] [net.minecraftforge.common.ForgeConfigSpec/CORE]: Incorrect key Spells.irons_spellbooks:sculk_tentacles.AllowCrafting was corrected from null to its default, true. 
[29Mar2026 02:52:11.538] [Server thread/WARN] [net.minecraftforge.common.ForgeConfigSpec/CORE]: Incorrect key Spells.irons_spellbooks:telekinesis was corrected from null to its default, SimpleCommentedConfig:{}. 
[29Mar2026 02:52:11.540] [Server thread/WARN] [net.minecraftforge.common.ForgeConfigSpec/CORE]: Incorrect key Spells.irons_spellbooks:telekinesis.Enabled was corrected from null to its default, true. 
[29Mar2026 02:52:11.540] [Server thread/WARN] [net.minecraftforge.common.ForgeConfigSpec/CORE]: Incorrect key Spells.irons_spellbooks:telekinesis.School was corrected from null to its default, irons_spellbooks:eldritch. 
[29Mar2026 02:52:11.541] [Server thread/WARN] [net.minecraftforge.common.ForgeConfigSpec/CORE]: Incorrect key Spells.irons_spellbooks:telekinesis.MaxLevel was corrected from null to its default, 5. 
[29Mar2026 02:52:11.541] [Server thread/WARN] [net.minecraftforge.common.ForgeConfigSpec/CORE]: Incorrect key Spells.irons_spellbooks:telekinesis.MinRarity was corrected from null to its default, LEGENDARY. 
[29Mar2026 02:52:11.543] [Server thread/WARN] [net.minecraftforge.common.ForgeConfigSpec/CORE]: Incorrect key Spells.irons_spellbooks:telekinesis.ManaCostMultiplier was corrected from null to its default, 1.0. 
[29Mar2026 02:52:11.545] [Server thread/WARN] [net.minecraftforge.common.ForgeConfigSpec/CORE]: Incorrect key Spells.irons_spellbooks:telekinesis.SpellPowerMultiplier was corrected from null to its default, 1.0. 
[29Mar2026 02:52:11.545] [Server thread/WARN] [net.minecraftforge.common.ForgeConfigSpec/CORE]: Incorrect key Spells.irons_spellbooks:telekinesis.CooldownInSeconds was corrected from null to its default, 35.0. 
[29Mar2026 02:52:11.546] [Server thread/WARN] [net.minecraftforge.common.ForgeConfigSpec/CORE]: Incorrect key Spells.irons_spellbooks:telekinesis.AllowCrafting was corrected from null to its default, true. 
[29Mar2026 02:52:11.546] [Server thread/WARN] [net.minecraftforge.common.ForgeConfigSpec/CORE]: Incorrect key Spells.irons_spellbooks:planar_sight was corrected from null to its default, SimpleCommentedConfig:{}. 
[29Mar2026 02:52:11.546] [Server thread/WARN] [net.minecraftforge.common.ForgeConfigSpec/CORE]: Incorrect key Spells.irons_spellbooks:planar_sight.Enabled was corrected from null to its default, true. 
[29Mar2026 02:52:11.546] [Server thread/WARN] [net.minecraftforge.common.ForgeConfigSpec/CORE]: Incorrect key Spells.irons_spellbooks:planar_sight.School was corrected from null to its default, irons_spellbooks:eldritch. 
[29Mar2026 02:52:11.547] [Server thread/WARN] [net.minecraftforge.common.ForgeConfigSpec/CORE]: Incorrect key Spells.irons_spellbooks:planar_sight.MaxLevel was corrected from null to its default, 3. 
[29Mar2026 02:52:11.547] [Server thread/WARN] [net.minecraftforge.common.ForgeConfigSpec/CORE]: Incorrect key Spells.irons_spellbooks:planar_sight.MinRarity was corrected from null to its default, LEGENDARY. 
[29Mar2026 02:52:11.547] [Server thread/WARN] [net.minecraftforge.common.ForgeConfigSpec/CORE]: Incorrect key Spells.irons_spellbooks:planar_sight.ManaCostMultiplier was corrected from null to its default, 1.0. 
[29Mar2026 02:52:11.547] [Server thread/WARN] [net.minecraftforge.common.ForgeConfigSpec/CORE]: Incorrect key Spells.irons_spellbooks:planar_sight.SpellPowerMultiplier was corrected from null to its default, 1.0. 
[29Mar2026 02:52:11.547] [Server thread/WARN] [net.minecraftforge.common.ForgeConfigSpec/CORE]: Incorrect key Spells.irons_spellbooks:planar_sight.CooldownInSeconds was corrected from null to its default, 200.0. 
[29Mar2026 02:52:11.549] [Server thread/WARN] [net.minecraftforge.common.ForgeConfigSpec/CORE]: Incorrect key Spells.irons_spellbooks:planar_sight.AllowCrafting was corrected from null to its default, true. 
[29Mar2026 02:52:11.549] [Server thread/WARN] [net.minecraftforge.common.ForgeConfigSpec/CORE]: Incorrect key Spells.irons_spellbooks:eldritch_blast was corrected from null to its default, SimpleCommentedConfig:{}. 
[29Mar2026 02:52:11.549] [Server thread/WARN] [net.minecraftforge.common.ForgeConfigSpec/CORE]: Incorrect key Spells.irons_spellbooks:eldritch_blast.Enabled was corrected from null to its default, true. 
[29Mar2026 02:52:11.549] [Server thread/WARN] [net.minecraftforge.common.ForgeConfigSpec/CORE]: Incorrect key Spells.irons_spellbooks:eldritch_blast.School was corrected from null to its default, irons_spellbooks:eldritch. 
[29Mar2026 02:52:11.549] [Server thread/WARN] [net.minecraftforge.common.ForgeConfigSpec/CORE]: Incorrect key Spells.irons_spellbooks:eldritch_blast.MaxLevel was corrected from null to its default, 5. 
[29Mar2026 02:52:11.549] [Server thread/WARN] [net.minecraftforge.common.ForgeConfigSpec/CORE]: Incorrect key Spells.irons_spellbooks:eldritch_blast.MinRarity was corrected from null to its default, LEGENDARY. 
[29Mar2026 02:52:11.549] [Server thread/WARN] [net.minecraftforge.common.ForgeConfigSpec/CORE]: Incorrect key Spells.irons_spellbooks:eldritch_blast.ManaCostMultiplier was corrected from null to its default, 1.0. 
[29Mar2026 02:52:11.550] [Server thread/WARN] [net.minecraftforge.common.ForgeConfigSpec/CORE]: Incorrect key Spells.irons_spellbooks:eldritch_blast.SpellPowerMultiplier was corrected from null to its default, 1.0. 
[29Mar2026 02:52:11.550] [Server thread/WARN] [net.minecraftforge.common.ForgeConfigSpec/CORE]: Incorrect key Spells.irons_spellbooks:eldritch_blast.CooldownInSeconds was corrected from null to its default, 15.0. 
[29Mar2026 02:52:11.550] [Server thread/WARN] [net.minecraftforge.common.ForgeConfigSpec/CORE]: Incorrect key Spells.irons_spellbooks:eldritch_blast.AllowCrafting was corrected from null to its default, true. 
[29Mar2026 02:52:11.550] [Server thread/WARN] [net.minecraftforge.common.ForgeConfigSpec/CORE]: Incorrect key Spells.irons_spellbooks:abyssal_shroud was corrected from null to its default, SimpleCommentedConfig:{}. 
[29Mar2026 02:52:11.550] [Server thread/WARN] [net.minecraftforge.common.ForgeConfigSpec/CORE]: Incorrect key Spells.irons_spellbooks:abyssal_shroud.Enabled was corrected from null to its default, true. 
[29Mar2026 02:52:11.550] [Server thread/WARN] [net.minecraftforge.common.ForgeConfigSpec/CORE]: Incorrect key Spells.irons_spellbooks:abyssal_shroud.School was corrected from null to its default, irons_spellbooks:eldritch. 
[29Mar2026 02:52:11.550] [Server thread/WARN] [net.minecraftforge.common.ForgeConfigSpec/CORE]: Incorrect key Spells.irons_spellbooks:abyssal_shroud.MaxLevel was corrected from null to its default, 3. 
[29Mar2026 02:52:11.550] [Server thread/WARN] [net.minecraftforge.common.ForgeConfigSpec/CORE]: Incorrect key Spells.irons_spellbooks:abyssal_shroud.MinRarity was corrected from null to its default, LEGENDARY. 
[29Mar2026 02:52:11.551] [Server thread/WARN] [net.minecraftforge.common.ForgeConfigSpec/CORE]: Incorrect key Spells.irons_spellbooks:abyssal_shroud.ManaCostMultiplier was corrected from null to its default, 1.0. 
[29Mar2026 02:52:11.551] [Server thread/WARN] [net.minecraftforge.common.ForgeConfigSpec/CORE]: Incorrect key Spells.irons_spellbooks:abyssal_shroud.SpellPowerMultiplier was corrected from null to its default, 1.0. 
[29Mar2026 02:52:11.551] [Server thread/WARN] [net.minecraftforge.common.ForgeConfigSpec/CORE]: Incorrect key Spells.irons_spellbooks:abyssal_shroud.CooldownInSeconds was corrected from null to its default, 200.0. 
[29Mar2026 02:52:11.551] [Server thread/WARN] [net.minecraftforge.common.ForgeConfigSpec/CORE]: Incorrect key Spells.irons_spellbooks:abyssal_shroud.AllowCrafting was corrected from null to its default, true. 
[29Mar2026 02:52:11.551] [Server thread/WARN] [net.minecraftforge.common.ForgeConfigSpec/CORE]: Incorrect key Spells.irons_spellbooks:sonic_boom was corrected from null to its default, SimpleCommentedConfig:{}. 
[29Mar2026 02:52:11.551] [Server thread/WARN] [net.minecraftforge.common.ForgeConfigSpec/CORE]: Incorrect key Spells.irons_spellbooks:sonic_boom.Enabled was corrected from null to its default, true. 
[29Mar2026 02:52:11.551] [Server thread/WARN] [net.minecraftforge.common.ForgeConfigSpec/CORE]: Incorrect key Spells.irons_spellbooks:sonic_boom.School was corrected from null to its default, irons_spellbooks:eldritch. 
[29Mar2026 02:52:11.551] [Server thread/WARN] [net.minecraftforge.common.ForgeConfigSpec/CORE]: Incorrect key Spells.irons_spellbooks:sonic_boom.MaxLevel was corrected from null to its default, 3. 
[29Mar2026 02:52:11.551] [Server thread/WARN] [net.minecraftforge.common.ForgeConfigSpec/CORE]: Incorrect key Spells.irons_spellbooks:sonic_boom.MinRarity was corrected from null to its default, LEGENDARY. 
[29Mar2026 02:52:11.551] [Server thread/WARN] [net.minecraftforge.common.ForgeConfigSpec/CORE]: Incorrect key Spells.irons_spellbooks:sonic_boom.ManaCostMultiplier was corrected from null to its default, 1.0. 
[29Mar2026 02:52:11.551] [Server thread/WARN] [net.minecraftforge.common.ForgeConfigSpec/CORE]: Incorrect key Spells.irons_spellbooks:sonic_boom.SpellPowerMultiplier was corrected from null to its default, 1.0. 
[29Mar2026 02:52:11.552] [Server thread/WARN] [net.minecraftforge.common.ForgeConfigSpec/CORE]: Incorrect key Spells.irons_spellbooks:sonic_boom.CooldownInSeconds was corrected from null to its default, 25.0. 
[29Mar2026 02:52:11.552] [Server thread/WARN] [net.minecraftforge.common.ForgeConfigSpec/CORE]: Incorrect key Spells.irons_spellbooks:sonic_boom.AllowCrafting was corrected from null to its default, true. 
[29Mar2026 02:52:11.553] [Server thread/WARN] [net.minecraftforge.common.ForgeConfigSpec/CORE]: Incorrect key Spells.irons_spellbooks:healing_circle was corrected from null to its default, SimpleCommentedConfig:{}. 
[29Mar2026 02:52:11.553] [Server thread/WARN] [net.minecraftforge.common.ForgeConfigSpec/CORE]: Incorrect key Spells.irons_spellbooks:healing_circle.Enabled was corrected from null to its default, true. 
[29Mar2026 02:52:11.553] [Server thread/WARN] [net.minecraftforge.common.ForgeConfigSpec/CORE]: Incorrect key Spells.irons_spellbooks:healing_circle.School was corrected from null to its default, irons_spellbooks:holy. 
[29Mar2026 02:52:11.553] [Server thread/WARN] [net.minecraftforge.common.ForgeConfigSpec/CORE]: Incorrect key Spells.irons_spellbooks:healing_circle.MaxLevel was corrected from null to its default, 10. 
[29Mar2026 02:52:11.553] [Server thread/WARN] [net.minecraftforge.common.ForgeConfigSpec/CORE]: Incorrect key Spells.irons_spellbooks:healing_circle.MinRarity was corrected from null to its default, COMMON. 
[29Mar2026 02:52:11.553] [Server thread/WARN] [net.minecraftforge.common.ForgeConfigSpec/CORE]: Incorrect key Spells.irons_spellbooks:healing_circle.ManaCostMultiplier was corrected from null to its default, 1.0. 
[29Mar2026 02:52:11.556] [Server thread/WARN] [net.minecraftforge.common.ForgeConfigSpec/CORE]: Incorrect key Spells.irons_spellbooks:healing_circle.SpellPowerMultiplier was corrected from null to its default, 1.0. 
[29Mar2026 02:52:11.556] [Server thread/WARN] [net.minecraftforge.common.ForgeConfigSpec/CORE]: Incorrect key Spells.irons_spellbooks:healing_circle.CooldownInSeconds was corrected from null to its default, 25.0. 
[29Mar2026 02:52:11.556] [Server thread/WARN] [net.minecraftforge.common.ForgeConfigSpec/CORE]: Incorrect key Spells.irons_spellbooks:healing_circle.AllowCrafting was corrected from null to its default, true. 
[29Mar2026 02:52:11.558] [Server thread/WARN] [net.minecraftforge.common.ForgeConfigSpec/CORE]: Incorrect key Spells.irons_spellbooks:blessing_of_life was corrected from null to its default, SimpleCommentedConfig:{}. 
[29Mar2026 02:52:11.559] [Server thread/WARN] [net.minecraftforge.common.ForgeConfigSpec/CORE]: Incorrect key Spells.irons_spellbooks:blessing_of_life.Enabled was corrected from null to its default, true. 
[29Mar2026 02:52:11.560] [Server thread/WARN] [net.minecraftforge.common.ForgeConfigSpec/CORE]: Incorrect key Spells.irons_spellbooks:blessing_of_life.School was corrected from null to its default, irons_spellbooks:holy. 
[29Mar2026 02:52:11.560] [Server thread/WARN] [net.minecraftforge.common.ForgeConfigSpec/CORE]: Incorrect key Spells.irons_spellbooks:blessing_of_life.MaxLevel was corrected from null to its default, 10. 
[29Mar2026 02:52:11.561] [Server thread/WARN] [net.minecraftforge.common.ForgeConfigSpec/CORE]: Incorrect key Spells.irons_spellbooks:blessing_of_life.MinRarity was corrected from null to its default, COMMON. 
[29Mar2026 02:52:11.561] [Server thread/WARN] [net.minecraftforge.common.ForgeConfigSpec/CORE]: Incorrect key Spells.irons_spellbooks:blessing_of_life.ManaCostMultiplier was corrected from null to its default, 1.0. 
[29Mar2026 02:52:11.562] [Server thread/WARN] [net.minecraftforge.common.ForgeConfigSpec/CORE]: Incorrect key Spells.irons_spellbooks:blessing_of_life.SpellPowerMultiplier was corrected from null to its default, 1.0. 
[29Mar2026 02:52:11.562] [Server thread/WARN] [net.minecraftforge.common.ForgeConfigSpec/CORE]: Incorrect key Spells.irons_spellbooks:blessing_of_life.CooldownInSeconds was corrected from null to its default, 10.0. 
[29Mar2026 02:52:11.563] [Server thread/WARN] [net.minecraftforge.common.ForgeConfigSpec/CORE]: Incorrect key Spells.irons_spellbooks:blessing_of_life.AllowCrafting was corrected from null to its default, true. 
[29Mar2026 02:52:11.563] [Server thread/WARN] [net.minecraftforge.common.ForgeConfigSpec/CORE]: Incorrect key Spells.irons_spellbooks:cleanse was corrected from null to its default, SimpleCommentedConfig:{}. 
[29Mar2026 02:52:11.563] [Server thread/WARN] [net.minecraftforge.common.ForgeConfigSpec/CORE]: Incorrect key Spells.irons_spellbooks:cleanse.Enabled was corrected from null to its default, true. 
[29Mar2026 02:52:11.564] [Server thread/WARN] [net.minecraftforge.common.ForgeConfigSpec/CORE]: Incorrect key Spells.irons_spellbooks:cleanse.School was corrected from null to its default, irons_spellbooks:holy. 
[29Mar2026 02:52:11.564] [Server thread/WARN] [net.minecraftforge.common.ForgeConfigSpec/CORE]: Incorrect key Spells.irons_spellbooks:cleanse.MaxLevel was corrected from null to its default, 1. 
[29Mar2026 02:52:11.565] [Server thread/WARN] [net.minecraftforge.common.ForgeConfigSpec/CORE]: Incorrect key Spells.irons_spellbooks:cleanse.MinRarity was corrected from null to its default, EPIC. 
[29Mar2026 02:52:11.565] [Server thread/WARN] [net.minecraftforge.common.ForgeConfigSpec/CORE]: Incorrect key Spells.irons_spellbooks:cleanse.ManaCostMultiplier was corrected from null to its default, 1.0. 
[29Mar2026 02:52:11.565] [Server thread/WARN] [net.minecraftforge.common.ForgeConfigSpec/CORE]: Incorrect key Spells.irons_spellbooks:cleanse.SpellPowerMultiplier was corrected from null to its default, 1.0. 
[29Mar2026 02:52:11.566] [Server thread/WARN] [net.minecraftforge.common.ForgeConfigSpec/CORE]: Incorrect key Spells.irons_spellbooks:cleanse.CooldownInSeconds was corrected from null to its default, 60.0. 
[29Mar2026 02:52:11.566] [Server thread/WARN] [net.minecraftforge.common.ForgeConfigSpec/CORE]: Incorrect key Spells.irons_spellbooks:cleanse.AllowCrafting was corrected from null to its default, true. 
[29Mar2026 02:52:11.566] [Server thread/WARN] [net.minecraftforge.common.ForgeConfigSpec/CORE]: Incorrect key Spells.irons_spellbooks:angel_wing was corrected from null to its default, SimpleCommentedConfig:{}. 
[29Mar2026 02:52:11.566] [Server thread/WARN] [net.minecraftforge.common.ForgeConfigSpec/CORE]: Incorrect key Spells.irons_spellbooks:angel_wing.Enabled was corrected from null to its default, true. 
[29Mar2026 02:52:11.566] [Server thread/WARN] [net.minecraftforge.common.ForgeConfigSpec/CORE]: Incorrect key Spells.irons_spellbooks:angel_wing.School was corrected from null to its default, irons_spellbooks:holy. 
[29Mar2026 02:52:11.566] [Server thread/WARN] [net.minecraftforge.common.ForgeConfigSpec/CORE]: Incorrect key Spells.irons_spellbooks:angel_wing.MaxLevel was corrected from null to its default, 5. 
[29Mar2026 02:52:11.566] [Server thread/WARN] [net.minecraftforge.common.ForgeConfigSpec/CORE]: Incorrect key Spells.irons_spellbooks:angel_wing.MinRarity was corrected from null to its default, EPIC. 
[29Mar2026 02:52:11.566] [Server thread/WARN] [net.minecraftforge.common.ForgeConfigSpec/CORE]: Incorrect key Spells.irons_spellbooks:angel_wing.ManaCostMultiplier was corrected from null to its default, 1.0. 
[29Mar2026 02:52:11.567] [Server thread/WARN] [net.minecraftforge.common.ForgeConfigSpec/CORE]: Incorrect key Spells.irons_spellbooks:angel_wing.SpellPowerMultiplier was corrected from null to its default, 1.0. 
[29Mar2026 02:52:11.567] [Server thread/WARN] [net.minecraftforge.common.ForgeConfigSpec/CORE]: Incorrect key Spells.irons_spellbooks:angel_wing.CooldownInSeconds was corrected from null to its default, 120.0. 
[29Mar2026 02:52:11.567] [Server thread/WARN] [net.minecraftforge.common.ForgeConfigSpec/CORE]: Incorrect key Spells.irons_spellbooks:angel_wing.AllowCrafting was corrected from null to its default, true. 
[29Mar2026 02:52:11.567] [Server thread/WARN] [net.minecraftforge.common.ForgeConfigSpec/CORE]: Incorrect key Spells.irons_spellbooks:sunbeam was corrected from null to its default, SimpleCommentedConfig:{}. 
[29Mar2026 02:52:11.567] [Server thread/WARN] [net.minecraftforge.common.ForgeConfigSpec/CORE]: Incorrect key Spells.irons_spellbooks:sunbeam.Enabled was corrected from null to its default, true. 
[29Mar2026 02:52:11.567] [Server thread/WARN] [net.minecraftforge.common.ForgeConfigSpec/CORE]: Incorrect key Spells.irons_spellbooks:sunbeam.School was corrected from null to its default, irons_spellbooks:holy. 
[29Mar2026 02:52:11.567] [Server thread/WARN] [net.minecraftforge.common.ForgeConfigSpec/CORE]: Incorrect key Spells.irons_spellbooks:sunbeam.MaxLevel was corrected from null to its default, 10. 
[29Mar2026 02:52:11.567] [Server thread/WARN] [net.minecraftforge.common.ForgeConfigSpec/CORE]: Incorrect key Spells.irons_spellbooks:sunbeam.MinRarity was corrected from null to its default, UNCOMMON. 
[29Mar2026 02:52:11.569] [Server thread/WARN] [net.minecraftforge.common.ForgeConfigSpec/CORE]: Incorrect key Spells.irons_spellbooks:sunbeam.ManaCostMultiplier was corrected from null to its default, 1.0. 
[29Mar2026 02:52:11.570] [Server thread/WARN] [net.minecraftforge.common.ForgeConfigSpec/CORE]: Incorrect key Spells.irons_spellbooks:sunbeam.SpellPowerMultiplier was corrected from null to its default, 1.0. 
[29Mar2026 02:52:11.570] [Server thread/WARN] [net.minecraftforge.common.ForgeConfigSpec/CORE]: Incorrect key Spells.irons_spellbooks:sunbeam.CooldownInSeconds was corrected from null to its default, 20.0. 
[29Mar2026 02:52:11.570] [Server thread/WARN] [net.minecraftforge.common.ForgeConfigSpec/CORE]: Incorrect key Spells.irons_spellbooks:sunbeam.AllowCrafting was corrected from null to its default, true. 
[29Mar2026 02:52:11.571] [Server thread/WARN] [net.minecraftforge.common.ForgeConfigSpec/CORE]: Incorrect key Spells.irons_spellbooks:fortify was corrected from null to its default, SimpleCommentedConfig:{}. 
[29Mar2026 02:52:11.571] [Server thread/WARN] [net.minecraftforge.common.ForgeConfigSpec/CORE]: Incorrect key Spells.irons_spellbooks:fortify.Enabled was corrected from null to its default, true. 
[29Mar2026 02:52:11.571] [Server thread/WARN] [net.minecraftforge.common.ForgeConfigSpec/CORE]: Incorrect key Spells.irons_spellbooks:fortify.School was corrected from null to its default, irons_spellbooks:holy. 
[29Mar2026 02:52:11.572] [Server thread/WARN] [net.minecraftforge.common.ForgeConfigSpec/CORE]: Incorrect key Spells.irons_spellbooks:fortify.MaxLevel was corrected from null to its default, 10. 
[29Mar2026 02:52:11.572] [Server thread/WARN] [net.minecraftforge.common.ForgeConfigSpec/CORE]: Incorrect key Spells.irons_spellbooks:fortify.MinRarity was corrected from null to its default, COMMON. 
[29Mar2026 02:52:11.573] [Server thread/WARN] [net.minecraftforge.common.ForgeConfigSpec/CORE]: Incorrect key Spells.irons_spellbooks:fortify.ManaCostMultiplier was corrected from null to its default, 1.0. 
[29Mar2026 02:52:11.573] [Server thread/WARN] [net.minecraftforge.common.ForgeConfigSpec/CORE]: Incorrect key Spells.irons_spellbooks:fortify.SpellPowerMultiplier was corrected from null to its default, 1.0. 
[29Mar2026 02:52:11.573] [Server thread/WARN] [net.minecraftforge.common.ForgeConfigSpec/CORE]: Incorrect key Spells.irons_spellbooks:fortify.CooldownInSeconds was corrected from null to its default, 35.0. 
[29Mar2026 02:52:11.573] [Server thread/WARN] [net.minecraftforge.common.ForgeConfigSpec/CORE]: Incorrect key Spells.irons_spellbooks:fortify.AllowCrafting was corrected from null to its default, true. 
[29Mar2026 02:52:11.573] [Server thread/WARN] [net.minecraftforge.common.ForgeConfigSpec/CORE]: Incorrect key Spells.irons_spellbooks:guiding_bolt was corrected from null to its default, SimpleCommentedConfig:{}. 
[29Mar2026 02:52:11.573] [Server thread/WARN] [net.minecraftforge.common.ForgeConfigSpec/CORE]: Incorrect key Spells.irons_spellbooks:guiding_bolt.Enabled was corrected from null to its default, true. 
[29Mar2026 02:52:11.574] [Server thread/WARN] [net.minecraftforge.common.ForgeConfigSpec/CORE]: Incorrect key Spells.irons_spellbooks:guiding_bolt.School was corrected from null to its default, irons_spellbooks:holy. 
[29Mar2026 02:52:11.574] [Server thread/WARN] [net.minecraftforge.common.ForgeConfigSpec/CORE]: Incorrect key Spells.irons_spellbooks:guiding_bolt.MaxLevel was corrected from null to its default, 10. 
[29Mar2026 02:52:11.579] [Server thread/WARN] [net.minecraftforge.common.ForgeConfigSpec/CORE]: Incorrect key Spells.irons_spellbooks:guiding_bolt.MinRarity was corrected from null to its default, COMMON. 
[29Mar2026 02:52:11.579] [Server thread/WARN] [net.minecraftforge.common.ForgeConfigSpec/CORE]: Incorrect key Spells.irons_spellbooks:guiding_bolt.ManaCostMultiplier was corrected from null to its default, 1.0. 
[29Mar2026 02:52:11.579] [Server thread/WARN] [net.minecraftforge.common.ForgeConfigSpec/CORE]: Incorrect key Spells.irons_spellbooks:guiding_bolt.SpellPowerMultiplier was corrected from null to its default, 1.0. 
[29Mar2026 02:52:11.579] [Server thread/WARN] [net.minecraftforge.common.ForgeConfigSpec/CORE]: Incorrect key Spells.irons_spellbooks:guiding_bolt.CooldownInSeconds was corrected from null to its default, 8.0. 
[29Mar2026 02:52:11.579] [Server thread/WARN] [net.minecraftforge.common.ForgeConfigSpec/CORE]: Incorrect key Spells.irons_spellbooks:guiding_bolt.AllowCrafting was corrected from null to its default, true. 
[29Mar2026 02:52:11.580] [Server thread/WARN] [net.minecraftforge.common.ForgeConfigSpec/CORE]: Incorrect key Spells.irons_spellbooks:heal was corrected from null to its default, SimpleCommentedConfig:{}. 
[29Mar2026 02:52:11.580] [Server thread/WARN] [net.minecraftforge.common.ForgeConfigSpec/CORE]: Incorrect key Spells.irons_spellbooks:heal.Enabled was corrected from null to its default, true. 
[29Mar2026 02:52:11.580] [Server thread/WARN] [net.minecraftforge.common.ForgeConfigSpec/CORE]: Incorrect key Spells.irons_spellbooks:heal.School was corrected from null to its default, irons_spellbooks:holy. 
[29Mar2026 02:52:11.580] [Server thread/WARN] [net.minecraftforge.common.ForgeConfigSpec/CORE]: Incorrect key Spells.irons_spellbooks:heal.MaxLevel was corrected from null to its default, 8. 
[29Mar2026 02:52:11.580] [Server thread/WARN] [net.minecraftforge.common.ForgeConfigSpec/CORE]: Incorrect key Spells.irons_spellbooks:heal.MinRarity was corrected from null to its default, UNCOMMON. 
[29Mar2026 02:52:11.580] [Server thread/WARN] [net.minecraftforge.common.ForgeConfigSpec/CORE]: Incorrect key Spells.irons_spellbooks:heal.ManaCostMultiplier was corrected from null to its default, 1.0. 
[29Mar2026 02:52:11.580] [Server thread/WARN] [net.minecraftforge.common.ForgeConfigSpec/CORE]: Incorrect key Spells.irons_spellbooks:heal.SpellPowerMultiplier was corrected from null to its default, 1.0. 
[29Mar2026 02:52:11.580] [Server thread/WARN] [net.minecraftforge.common.ForgeConfigSpec/CORE]: Incorrect key Spells.irons_spellbooks:heal.CooldownInSeconds was corrected from null to its default, 30.0. 
[29Mar2026 02:52:11.580] [Server thread/WARN] [net.minecraftforge.common.ForgeConfigSpec/CORE]: Incorrect key Spells.irons_spellbooks:heal.AllowCrafting was corrected from null to its default, true. 
[29Mar2026 02:52:11.581] [Server thread/WARN] [net.minecraftforge.common.ForgeConfigSpec/CORE]: Incorrect key Spells.irons_spellbooks:haste was corrected from null to its default, SimpleCommentedConfig:{}. 
[29Mar2026 02:52:11.583] [Server thread/WARN] [net.minecraftforge.common.ForgeConfigSpec/CORE]: Incorrect key Spells.irons_spellbooks:haste.Enabled was corrected from null to its default, true. 
[29Mar2026 02:52:11.583] [Server thread/WARN] [net.minecraftforge.common.ForgeConfigSpec/CORE]: Incorrect key Spells.irons_spellbooks:haste.School was corrected from null to its default, irons_spellbooks:holy. 
[29Mar2026 02:52:11.584] [Server thread/WARN] [net.minecraftforge.common.ForgeConfigSpec/CORE]: Incorrect key Spells.irons_spellbooks:haste.MaxLevel was corrected from null to its default, 4. 
[29Mar2026 02:52:11.584] [Server thread/WARN] [net.minecraftforge.common.ForgeConfigSpec/CORE]: Incorrect key Spells.irons_spellbooks:haste.MinRarity was corrected from null to its default, EPIC. 
[29Mar2026 02:52:11.584] [Server thread/WARN] [net.minecraftforge.common.ForgeConfigSpec/CORE]: Incorrect key Spells.irons_spellbooks:haste.ManaCostMultiplier was corrected from null to its default, 1.0. 
[29Mar2026 02:52:11.584] [Server thread/WARN] [net.minecraftforge.common.ForgeConfigSpec/CORE]: Incorrect key Spells.irons_spellbooks:haste.SpellPowerMultiplier was corrected from null to its default, 1.0. 
[29Mar2026 02:52:11.584] [Server thread/WARN] [net.minecraftforge.common.ForgeConfigSpec/CORE]: Incorrect key Spells.irons_spellbooks:haste.CooldownInSeconds was corrected from null to its default, 80.0. 
[29Mar2026 02:52:11.585] [Server thread/WARN] [net.minecraftforge.common.ForgeConfigSpec/CORE]: Incorrect key Spells.irons_spellbooks:haste.AllowCrafting was corrected from null to its default, true. 
[29Mar2026 02:52:11.585] [Server thread/WARN] [net.minecraftforge.common.ForgeConfigSpec/CORE]: Incorrect key Spells.irons_spellbooks:wisp was corrected from null to its default, SimpleCommentedConfig:{}. 
[29Mar2026 02:52:11.585] [Server thread/WARN] [net.minecraftforge.common.ForgeConfigSpec/CORE]: Incorrect key Spells.irons_spellbooks:wisp.Enabled was corrected from null to its default, true. 
[29Mar2026 02:52:11.585] [Server thread/WARN] [net.minecraftforge.common.ForgeConfigSpec/CORE]: Incorrect key Spells.irons_spellbooks:wisp.School was corrected from null to its default, irons_spellbooks:holy. 
[29Mar2026 02:52:11.585] [Server thread/WARN] [net.minecraftforge.common.ForgeConfigSpec/CORE]: Incorrect key Spells.irons_spellbooks:wisp.MaxLevel was corrected from null to its default, 10. 
[29Mar2026 02:52:11.585] [Server thread/WARN] [net.minecraftforge.common.ForgeConfigSpec/CORE]: Incorrect key Spells.irons_spellbooks:wisp.MinRarity was corrected from null to its default, COMMON. 
[29Mar2026 02:52:11.585] [Server thread/WARN] [net.minecraftforge.common.ForgeConfigSpec/CORE]: Incorrect key Spells.irons_spellbooks:wisp.ManaCostMultiplier was corrected from null to its default, 1.0. 
[29Mar2026 02:52:11.585] [Server thread/WARN] [net.minecraftforge.common.ForgeConfigSpec/CORE]: Incorrect key Spells.irons_spellbooks:wisp.SpellPowerMultiplier was corrected from null to its default, 1.0. 
[29Mar2026 02:52:11.586] [Server thread/WARN] [net.minecraftforge.common.ForgeConfigSpec/CORE]: Incorrect key Spells.irons_spellbooks:wisp.CooldownInSeconds was corrected from null to its default, 3.0. 
[29Mar2026 02:52:11.587] [Server thread/WARN] [net.minecraftforge.common.ForgeConfigSpec/CORE]: Incorrect key Spells.irons_spellbooks:wisp.AllowCrafting was corrected from null to its default, true. 
[29Mar2026 02:52:11.587] [Server thread/WARN] [net.minecraftforge.common.ForgeConfigSpec/CORE]: Incorrect key Spells.irons_spellbooks:divine_smite was corrected from null to its default, SimpleCommentedConfig:{}. 
[29Mar2026 02:52:11.587] [Server thread/WARN] [net.minecraftforge.common.ForgeConfigSpec/CORE]: Incorrect key Spells.irons_spellbooks:divine_smite.Enabled was corrected from null to its default, true. 
[29Mar2026 02:52:11.587] [Server thread/WARN] [net.minecraftforge.common.ForgeConfigSpec/CORE]: Incorrect key Spells.irons_spellbooks:divine_smite.School was corrected from null to its default, irons_spellbooks:holy. 
[29Mar2026 02:52:11.587] [Server thread/WARN] [net.minecraftforge.common.ForgeConfigSpec/CORE]: Incorrect key Spells.irons_spellbooks:divine_smite.MaxLevel was corrected from null to its default, 5. 
[29Mar2026 02:52:11.587] [Server thread/WARN] [net.minecraftforge.common.ForgeConfigSpec/CORE]: Incorrect key Spells.irons_spellbooks:divine_smite.MinRarity was corrected from null to its default, COMMON. 
[29Mar2026 02:52:11.587] [Server thread/WARN] [net.minecraftforge.common.ForgeConfigSpec/CORE]: Incorrect key Spells.irons_spellbooks:divine_smite.ManaCostMultiplier was corrected from null to its default, 1.0. 
[29Mar2026 02:52:11.587] [Server thread/WARN] [net.minecraftforge.common.ForgeConfigSpec/CORE]: Incorrect key Spells.irons_spellbooks:divine_smite.SpellPowerMultiplier was corrected from null to its default, 1.0. 
[29Mar2026 02:52:11.587] [Server thread/WARN] [net.minecraftforge.common.ForgeConfigSpec/CORE]: Incorrect key Spells.irons_spellbooks:divine_smite.CooldownInSeconds was corrected from null to its default, 15.0. 
[29Mar2026 02:52:11.587] [Server thread/WARN] [net.minecraftforge.common.ForgeConfigSpec/CORE]: Incorrect key Spells.irons_spellbooks:divine_smite.AllowCrafting was corrected from null to its default, true. 
[29Mar2026 02:52:11.587] [Server thread/WARN] [net.minecraftforge.common.ForgeConfigSpec/CORE]: Incorrect key Spells.irons_spellbooks:greater_heal was corrected from null to its default, SimpleCommentedConfig:{}. 
[29Mar2026 02:52:11.587] [Server thread/WARN] [net.minecraftforge.common.ForgeConfigSpec/CORE]: Incorrect key Spells.irons_spellbooks:greater_heal.Enabled was corrected from null to its default, true. 
[29Mar2026 02:52:11.588] [Server thread/WARN] [net.minecraftforge.common.ForgeConfigSpec/CORE]: Incorrect key Spells.irons_spellbooks:greater_heal.School was corrected from null to its default, irons_spellbooks:holy. 
[29Mar2026 02:52:11.588] [Server thread/WARN] [net.minecraftforge.common.ForgeConfigSpec/CORE]: Incorrect key Spells.irons_spellbooks:greater_heal.MaxLevel was corrected from null to its default, 1. 
[29Mar2026 02:52:11.588] [Server thread/WARN] [net.minecraftforge.common.ForgeConfigSpec/CORE]: Incorrect key Spells.irons_spellbooks:greater_heal.MinRarity was corrected from null to its default, RARE. 
[29Mar2026 02:52:11.589] [Server thread/WARN] [net.minecraftforge.common.ForgeConfigSpec/CORE]: Incorrect key Spells.irons_spellbooks:greater_heal.ManaCostMultiplier was corrected from null to its default, 1.0. 
[29Mar2026 02:52:11.589] [Server thread/WARN] [net.minecraftforge.common.ForgeConfigSpec/CORE]: Incorrect key Spells.irons_spellbooks:greater_heal.SpellPowerMultiplier was corrected from null to its default, 1.0. 
[29Mar2026 02:52:11.589] [Server thread/WARN] [net.minecraftforge.common.ForgeConfigSpec/CORE]: Incorrect key Spells.irons_spellbooks:greater_heal.CooldownInSeconds was corrected from null to its default, 45.0. 
[29Mar2026 02:52:11.589] [Server thread/WARN] [net.minecraftforge.common.ForgeConfigSpec/CORE]: Incorrect key Spells.irons_spellbooks:greater_heal.AllowCrafting was corrected from null to its default, true. 
[29Mar2026 02:52:11.589] [Server thread/WARN] [net.minecraftforge.common.ForgeConfigSpec/CORE]: Incorrect key Spells.irons_spellbooks:cloud_of_regeneration was corrected from null to its default, SimpleCommentedConfig:{}. 
[29Mar2026 02:52:11.589] [Server thread/WARN] [net.minecraftforge.common.ForgeConfigSpec/CORE]: Incorrect key Spells.irons_spellbooks:cloud_of_regeneration.Enabled was corrected from null to its default, false. 
[29Mar2026 02:52:11.589] [Server thread/WARN] [net.minecraftforge.common.ForgeConfigSpec/CORE]: Incorrect key Spells.irons_spellbooks:cloud_of_regeneration.School was corrected from null to its default, irons_spellbooks:holy. 
[29Mar2026 02:52:11.589] [Server thread/WARN] [net.minecraftforge.common.ForgeConfigSpec/CORE]: Incorrect key Spells.irons_spellbooks:cloud_of_regeneration.MaxLevel was corrected from null to its default, 5. 
[29Mar2026 02:52:11.590] [Server thread/WARN] [net.minecraftforge.common.ForgeConfigSpec/CORE]: Incorrect key Spells.irons_spellbooks:cloud_of_regeneration.MinRarity was corrected from null to its default, COMMON. 
[29Mar2026 02:52:11.590] [Server thread/WARN] [net.minecraftforge.common.ForgeConfigSpec/CORE]: Incorrect key Spells.irons_spellbooks:cloud_of_regeneration.ManaCostMultiplier was corrected from null to its default, 1.0. 
[29Mar2026 02:52:11.590] [Server thread/WARN] [net.minecraftforge.common.ForgeConfigSpec/CORE]: Incorrect key Spells.irons_spellbooks:cloud_of_regeneration.SpellPowerMultiplier was corrected from null to its default, 1.0. 
[29Mar2026 02:52:11.590] [Server thread/WARN] [net.minecraftforge.common.ForgeConfigSpec/CORE]: Incorrect key Spells.irons_spellbooks:cloud_of_regeneration.CooldownInSeconds was corrected from null to its default, 35.0. 
[29Mar2026 02:52:11.590] [Server thread/WARN] [net.minecraftforge.common.ForgeConfigSpec/CORE]: Incorrect key Spells.irons_spellbooks:cloud_of_regeneration.AllowCrafting was corrected from null to its default, true. 
[29Mar2026 02:52:11.590] [Server thread/WARN] [net.minecraftforge.common.ForgeConfigSpec/CORE]: Incorrect key Spells.irons_spellbooks:raise_dead was corrected from null to its default, SimpleCommentedConfig:{}. 
[29Mar2026 02:52:11.590] [Server thread/WARN] [net.minecraftforge.common.ForgeConfigSpec/CORE]: Incorrect key Spells.irons_spellbooks:raise_dead.Enabled was corrected from null to its default, true. 
[29Mar2026 02:52:11.590] [Server thread/WARN] [net.minecraftforge.common.ForgeConfigSpec/CORE]: Incorrect key Spells.irons_spellbooks:raise_dead.School was corrected from null to its default, irons_spellbooks:blood. 
[29Mar2026 02:52:11.591] [Server thread/WARN] [net.minecraftforge.common.ForgeConfigSpec/CORE]: Incorrect key Spells.irons_spellbooks:raise_dead.MaxLevel was corrected from null to its default, 6. 
[29Mar2026 02:52:11.591] [Server thread/WARN] [net.minecraftforge.common.ForgeConfigSpec/CORE]: Incorrect key Spells.irons_spellbooks:raise_dead.MinRarity was corrected from null to its default, UNCOMMON. 
[29Mar2026 02:52:11.591] [Server thread/WARN] [net.minecraftforge.common.ForgeConfigSpec/CORE]: Incorrect key Spells.irons_spellbooks:raise_dead.ManaCostMultiplier was corrected from null to its default, 1.0. 
[29Mar2026 02:52:11.591] [Server thread/WARN] [net.minecraftforge.common.ForgeConfigSpec/CORE]: Incorrect key Spells.irons_spellbooks:raise_dead.SpellPowerMultiplier was corrected from null to its default, 1.0. 
[29Mar2026 02:52:11.591] [Server thread/WARN] [net.minecraftforge.common.ForgeConfigSpec/CORE]: Incorrect key Spells.irons_spellbooks:raise_dead.CooldownInSeconds was corrected from null to its default, 150.0. 
[29Mar2026 02:52:11.591] [Server thread/WARN] [net.minecraftforge.common.ForgeConfigSpec/CORE]: Incorrect key Spells.irons_spellbooks:raise_dead.AllowCrafting was corrected from null to its default, true. 
[29Mar2026 02:52:11.592] [Server thread/WARN] [net.minecraftforge.common.ForgeConfigSpec/CORE]: Incorrect key Spells.irons_spellbooks:blood_slash was corrected from null to its default, SimpleCommentedConfig:{}. 
[29Mar2026 02:52:11.592] [Server thread/WARN] [net.minecraftforge.common.ForgeConfigSpec/CORE]: Incorrect key Spells.irons_spellbooks:blood_slash.Enabled was corrected from null to its default, true. 
[29Mar2026 02:52:11.592] [Server thread/WARN] [net.minecraftforge.common.ForgeConfigSpec/CORE]: Incorrect key Spells.irons_spellbooks:blood_slash.School was corrected from null to its default, irons_spellbooks:blood. 
[29Mar2026 02:52:11.592] [Server thread/WARN] [net.minecraftforge.common.ForgeConfigSpec/CORE]: Incorrect key Spells.irons_spellbooks:blood_slash.MaxLevel was corrected from null to its default, 5. 
[29Mar2026 02:52:11.592] [Server thread/WARN] [net.minecraftforge.common.ForgeConfigSpec/CORE]: Incorrect key Spells.irons_spellbooks:blood_slash.MinRarity was corrected from null to its default, RARE. 
[29Mar2026 02:52:11.592] [Server thread/WARN] [net.minecraftforge.common.ForgeConfigSpec/CORE]: Incorrect key Spells.irons_spellbooks:blood_slash.ManaCostMultiplier was corrected from null to its default, 1.0. 
[29Mar2026 02:52:11.592] [Server thread/WARN] [net.minecraftforge.common.ForgeConfigSpec/CORE]: Incorrect key Spells.irons_spellbooks:blood_slash.SpellPowerMultiplier was corrected from null to its default, 1.0. 
[29Mar2026 02:52:11.592] [Server thread/WARN] [net.minecraftforge.common.ForgeConfigSpec/CORE]: Incorrect key Spells.irons_spellbooks:blood_slash.CooldownInSeconds was corrected from null to its default, 10.0. 
[29Mar2026 02:52:11.592] [Server thread/WARN] [net.minecraftforge.common.ForgeConfigSpec/CORE]: Incorrect key Spells.irons_spellbooks:blood_slash.AllowCrafting was corrected from null to its default, true. 
[29Mar2026 02:52:11.593] [Server thread/WARN] [net.minecraftforge.common.ForgeConfigSpec/CORE]: Incorrect key Spells.irons_spellbooks:blood_step was corrected from null to its default, SimpleCommentedConfig:{}. 
[29Mar2026 02:52:11.593] [Server thread/WARN] [net.minecraftforge.common.ForgeConfigSpec/CORE]: Incorrect key Spells.irons_spellbooks:blood_step.Enabled was corrected from null to its default, true. 
[29Mar2026 02:52:11.593] [Server thread/WARN] [net.minecraftforge.common.ForgeConfigSpec/CORE]: Incorrect key Spells.irons_spellbooks:blood_step.School was corrected from null to its default, irons_spellbooks:blood. 
[29Mar2026 02:52:11.593] [Server thread/WARN] [net.minecraftforge.common.ForgeConfigSpec/CORE]: Incorrect key Spells.irons_spellbooks:blood_step.MaxLevel was corrected from null to its default, 5. 
[29Mar2026 02:52:11.593] [Server thread/WARN] [net.minecraftforge.common.ForgeConfigSpec/CORE]: Incorrect key Spells.irons_spellbooks:blood_step.MinRarity was corrected from null to its default, UNCOMMON. 
[29Mar2026 02:52:11.593] [Server thread/WARN] [net.minecraftforge.common.ForgeConfigSpec/CORE]: Incorrect key Spells.irons_spellbooks:blood_step.ManaCostMultiplier was corrected from null to its default, 1.0. 
[29Mar2026 02:52:11.593] [Server thread/WARN] [net.minecraftforge.common.ForgeConfigSpec/CORE]: Incorrect key Spells.irons_spellbooks:blood_step.SpellPowerMultiplier was corrected from null to its default, 1.0. 
[29Mar2026 02:52:11.593] [Server thread/WARN] [net.minecraftforge.common.ForgeConfigSpec/CORE]: Incorrect key Spells.irons_spellbooks:blood_step.CooldownInSeconds was corrected from null to its default, 5.0. 
[29Mar2026 02:52:11.593] [Server thread/WARN] [net.minecraftforge.common.ForgeConfigSpec/CORE]: Incorrect key Spells.irons_spellbooks:blood_step.AllowCrafting was corrected from null to its default, true. 
[29Mar2026 02:52:11.594] [Server thread/WARN] [net.minecraftforge.common.ForgeConfigSpec/CORE]: Incorrect key Spells.irons_spellbooks:acupuncture was corrected from null to its default, SimpleCommentedConfig:{}. 
[29Mar2026 02:52:11.594] [Server thread/WARN] [net.minecraftforge.common.ForgeConfigSpec/CORE]: Incorrect key Spells.irons_spellbooks:acupuncture.Enabled was corrected from null to its default, true. 
[29Mar2026 02:52:11.594] [Server thread/WARN] [net.minecraftforge.common.ForgeConfigSpec/CORE]: Incorrect key Spells.irons_spellbooks:acupuncture.School was corrected from null to its default, irons_spellbooks:blood. 
[29Mar2026 02:52:11.594] [Server thread/WARN] [net.minecraftforge.common.ForgeConfigSpec/CORE]: Incorrect key Spells.irons_spellbooks:acupuncture.MaxLevel was corrected from null to its default, 10. 
[29Mar2026 02:52:11.594] [Server thread/WARN] [net.minecraftforge.common.ForgeConfigSpec/CORE]: Incorrect key Spells.irons_spellbooks:acupuncture.MinRarity was corrected from null to its default, RARE. 
[29Mar2026 02:52:11.594] [Server thread/WARN] [net.minecraftforge.common.ForgeConfigSpec/CORE]: Incorrect key Spells.irons_spellbooks:acupuncture.ManaCostMultiplier was corrected from null to its default, 1.0. 
[29Mar2026 02:52:11.594] [Server thread/WARN] [net.minecraftforge.common.ForgeConfigSpec/CORE]: Incorrect key Spells.irons_spellbooks:acupuncture.SpellPowerMultiplier was corrected from null to its default, 1.0. 
[29Mar2026 02:52:11.594] [Server thread/WARN] [net.minecraftforge.common.ForgeConfigSpec/CORE]: Incorrect key Spells.irons_spellbooks:acupuncture.CooldownInSeconds was corrected from null to its default, 20.0. 
[29Mar2026 02:52:11.594] [Server thread/WARN] [net.minecraftforge.common.ForgeConfigSpec/CORE]: Incorrect key Spells.irons_spellbooks:acupuncture.AllowCrafting was corrected from null to its default, true. 
[29Mar2026 02:52:11.595] [Server thread/WARN] [net.minecraftforge.common.ForgeConfigSpec/CORE]: Incorrect key Spells.irons_spellbooks:ray_of_siphoning was corrected from null to its default, SimpleCommentedConfig:{}. 
[29Mar2026 02:52:11.595] [Server thread/WARN] [net.minecraftforge.common.ForgeConfigSpec/CORE]: Incorrect key Spells.irons_spellbooks:ray_of_siphoning.Enabled was corrected from null to its default, true. 
[29Mar2026 02:52:11.596] [Server thread/WARN] [net.minecraftforge.common.ForgeConfigSpec/CORE]: Incorrect key Spells.irons_spellbooks:ray_of_siphoning.School was corrected from null to its default, irons_spellbooks:blood. 
[29Mar2026 02:52:11.596] [Server thread/WARN] [net.minecraftforge.common.ForgeConfigSpec/CORE]: Incorrect key Spells.irons_spellbooks:ray_of_siphoning.MaxLevel was corrected from null to its default, 10. 
[29Mar2026 02:52:11.596] [Server thread/WARN] [net.minecraftforge.common.ForgeConfigSpec/CORE]: Incorrect key Spells.irons_spellbooks:ray_of_siphoning.MinRarity was corrected from null to its default, COMMON. 
[29Mar2026 02:52:11.597] [Server thread/WARN] [net.minecraftforge.common.ForgeConfigSpec/CORE]: Incorrect key Spells.irons_spellbooks:ray_of_siphoning.ManaCostMultiplier was corrected from null to its default, 1.0. 
[29Mar2026 02:52:11.597] [Server thread/WARN] [net.minecraftforge.common.ForgeConfigSpec/CORE]: Incorrect key Spells.irons_spellbooks:ray_of_siphoning.SpellPowerMultiplier was corrected from null to its default, 1.0. 
[29Mar2026 02:52:11.597] [Server thread/WARN] [net.minecraftforge.common.ForgeConfigSpec/CORE]: Incorrect key Spells.irons_spellbooks:ray_of_siphoning.CooldownInSeconds was corrected from null to its default, 15.0. 
[29Mar2026 02:52:11.597] [Server thread/WARN] [net.minecraftforge.common.ForgeConfigSpec/CORE]: Incorrect key Spells.irons_spellbooks:ray_of_siphoning.AllowCrafting was corrected from null to its default, true. 
[29Mar2026 02:52:11.598] [Server thread/WARN] [net.minecraftforge.common.ForgeConfigSpec/CORE]: Incorrect key Spells.irons_spellbooks:blood_needles was corrected from null to its default, SimpleCommentedConfig:{}. 
[29Mar2026 02:52:11.598] [Server thread/WARN] [net.minecraftforge.common.ForgeConfigSpec/CORE]: Incorrect key Spells.irons_spellbooks:blood_needles.Enabled was corrected from null to its default, true. 
[29Mar2026 02:52:11.598] [Server thread/WARN] [net.minecraftforge.common.ForgeConfigSpec/CORE]: Incorrect key Spells.irons_spellbooks:blood_needles.School was corrected from null to its default, irons_spellbooks:blood. 
[29Mar2026 02:52:11.598] [Server thread/WARN] [net.minecraftforge.common.ForgeConfigSpec/CORE]: Incorrect key Spells.irons_spellbooks:blood_needles.MaxLevel was corrected from null to its default, 10. 
[29Mar2026 02:52:11.598] [Server thread/WARN] [net.minecraftforge.common.ForgeConfigSpec/CORE]: Incorrect key Spells.irons_spellbooks:blood_needles.MinRarity was corrected from null to its default, UNCOMMON. 
[29Mar2026 02:52:11.599] [Server thread/WARN] [net.minecraftforge.common.ForgeConfigSpec/CORE]: Incorrect key Spells.irons_spellbooks:blood_needles.ManaCostMultiplier was corrected from null to its default, 1.0. 
[29Mar2026 02:52:11.599] [Server thread/WARN] [net.minecraftforge.common.ForgeConfigSpec/CORE]: Incorrect key Spells.irons_spellbooks:blood_needles.SpellPowerMultiplier was corrected from null to its default, 1.0. 
[29Mar2026 02:52:11.599] [Server thread/WARN] [net.minecraftforge.common.ForgeConfigSpec/CORE]: Incorrect key Spells.irons_spellbooks:blood_needles.CooldownInSeconds was corrected from null to its default, 10.0. 
[29Mar2026 02:52:11.599] [Server thread/WARN] [net.minecraftforge.common.ForgeConfigSpec/CORE]: Incorrect key Spells.irons_spellbooks:blood_needles.AllowCrafting was corrected from null to its default, true. 
[29Mar2026 02:52:11.599] [Server thread/WARN] [net.minecraftforge.common.ForgeConfigSpec/CORE]: Incorrect key Spells.irons_spellbooks:sacrifice was corrected from null to its default, SimpleCommentedConfig:{}. 
[29Mar2026 02:52:11.600] [Server thread/WARN] [net.minecraftforge.common.ForgeConfigSpec/CORE]: Incorrect key Spells.irons_spellbooks:sacrifice.Enabled was corrected from null to its default, true. 
[29Mar2026 02:52:11.600] [Server thread/WARN] [net.minecraftforge.common.ForgeConfigSpec/CORE]: Incorrect key Spells.irons_spellbooks:sacrifice.School was corrected from null to its default, irons_spellbooks:blood. 
[29Mar2026 02:52:11.600] [Server thread/WARN] [net.minecraftforge.common.ForgeConfigSpec/CORE]: Incorrect key Spells.irons_spellbooks:sacrifice.MaxLevel was corrected from null to its default, 5. 
[29Mar2026 02:52:11.601] [Server thread/WARN] [net.minecraftforge.common.ForgeConfigSpec/CORE]: Incorrect key Spells.irons_spellbooks:sacrifice.MinRarity was corrected from null to its default, RARE. 
[29Mar2026 02:52:11.601] [Server thread/WARN] [net.minecraftforge.common.ForgeConfigSpec/CORE]: Incorrect key Spells.irons_spellbooks:sacrifice.ManaCostMultiplier was corrected from null to its default, 1.0. 
[29Mar2026 02:52:11.601] [Server thread/WARN] [net.minecraftforge.common.ForgeConfigSpec/CORE]: Incorrect key Spells.irons_spellbooks:sacrifice.SpellPowerMultiplier was corrected from null to its default, 1.0. 
[29Mar2026 02:52:11.601] [Server thread/WARN] [net.minecraftforge.common.ForgeConfigSpec/CORE]: Incorrect key Spells.irons_spellbooks:sacrifice.CooldownInSeconds was corrected from null to its default, 1.0. 
[29Mar2026 02:52:11.602] [Server thread/WARN] [net.minecraftforge.common.ForgeConfigSpec/CORE]: Incorrect key Spells.irons_spellbooks:sacrifice.AllowCrafting was corrected from null to its default, true. 
[29Mar2026 02:52:11.603] [Server thread/WARN] [net.minecraftforge.common.ForgeConfigSpec/CORE]: Incorrect key Spells.irons_spellbooks:heartstop was corrected from null to its default, SimpleCommentedConfig:{}. 
[29Mar2026 02:52:11.603] [Server thread/WARN] [net.minecraftforge.common.ForgeConfigSpec/CORE]: Incorrect key Spells.irons_spellbooks:heartstop.Enabled was corrected from null to its default, true. 
[29Mar2026 02:52:11.603] [Server thread/WARN] [net.minecraftforge.common.ForgeConfigSpec/CORE]: Incorrect key Spells.irons_spellbooks:heartstop.School was corrected from null to its default, irons_spellbooks:blood. 
[29Mar2026 02:52:11.604] [Server thread/WARN] [net.minecraftforge.common.ForgeConfigSpec/CORE]: Incorrect key Spells.irons_spellbooks:heartstop.MaxLevel was corrected from null to its default, 10. 
[29Mar2026 02:52:11.604] [Server thread/WARN] [net.minecraftforge.common.ForgeConfigSpec/CORE]: Incorrect key Spells.irons_spellbooks:heartstop.MinRarity was corrected from null to its default, COMMON. 
[29Mar2026 02:52:11.604] [Server thread/WARN] [net.minecraftforge.common.ForgeConfigSpec/CORE]: Incorrect key Spells.irons_spellbooks:heartstop.ManaCostMultiplier was corrected from null to its default, 1.0. 
[29Mar2026 02:52:11.605] [Server thread/WARN] [net.minecraftforge.common.ForgeConfigSpec/CORE]: Incorrect key Spells.irons_spellbooks:heartstop.SpellPowerMultiplier was corrected from null to its default, 1.0. 
[29Mar2026 02:52:11.606] [Server thread/WARN] [net.minecraftforge.common.ForgeConfigSpec/CORE]: Incorrect key Spells.irons_spellbooks:heartstop.CooldownInSeconds was corrected from null to its default, 120.0. 
[29Mar2026 02:52:11.606] [Server thread/WARN] [net.minecraftforge.common.ForgeConfigSpec/CORE]: Incorrect key Spells.irons_spellbooks:heartstop.AllowCrafting was corrected from null to its default, true. 
[29Mar2026 02:52:11.607] [Server thread/WARN] [net.minecraftforge.common.ForgeConfigSpec/CORE]: Incorrect key Spells.irons_spellbooks:devour was corrected from null to its default, SimpleCommentedConfig:{}. 
[29Mar2026 02:52:11.607] [Server thread/WARN] [net.minecraftforge.common.ForgeConfigSpec/CORE]: Incorrect key Spells.irons_spellbooks:devour.Enabled was corrected from null to its default, true. 
[29Mar2026 02:52:11.607] [Server thread/WARN] [net.minecraftforge.common.ForgeConfigSpec/CORE]: Incorrect key Spells.irons_spellbooks:devour.School was corrected from null to its default, irons_spellbooks:blood. 
[29Mar2026 02:52:11.607] [Server thread/WARN] [net.minecraftforge.common.ForgeConfigSpec/CORE]: Incorrect key Spells.irons_spellbooks:devour.MaxLevel was corrected from null to its default, 10. 
[29Mar2026 02:52:11.607] [Server thread/WARN] [net.minecraftforge.common.ForgeConfigSpec/CORE]: Incorrect key Spells.irons_spellbooks:devour.MinRarity was corrected from null to its default, UNCOMMON. 
[29Mar2026 02:52:11.608] [Server thread/WARN] [net.minecraftforge.common.ForgeConfigSpec/CORE]: Incorrect key Spells.irons_spellbooks:devour.ManaCostMultiplier was corrected from null to its default, 1.0. 
[29Mar2026 02:52:11.609] [Server thread/WARN] [net.minecraftforge.common.ForgeConfigSpec/CORE]: Incorrect key Spells.irons_spellbooks:devour.SpellPowerMultiplier was corrected from null to its default, 1.0. 
[29Mar2026 02:52:11.610] [Server thread/WARN] [net.minecraftforge.common.ForgeConfigSpec/CORE]: Incorrect key Spells.irons_spellbooks:devour.CooldownInSeconds was corrected from null to its default, 20.0. 
[29Mar2026 02:52:11.615] [Server thread/WARN] [net.minecraftforge.common.ForgeConfigSpec/CORE]: Incorrect key Spells.irons_spellbooks:devour.AllowCrafting was corrected from null to its default, true. 
[29Mar2026 02:52:11.615] [Server thread/WARN] [net.minecraftforge.common.ForgeConfigSpec/CORE]: Incorrect key Spells.irons_spellbooks:wither_skull was corrected from null to its default, SimpleCommentedConfig:{}. 
[29Mar2026 02:52:11.615] [Server thread/WARN] [net.minecraftforge.common.ForgeConfigSpec/CORE]: Incorrect key Spells.irons_spellbooks:wither_skull.Enabled was corrected from null to its default, true. 
[29Mar2026 02:52:11.615] [Server thread/WARN] [net.minecraftforge.common.ForgeConfigSpec/CORE]: Incorrect key Spells.irons_spellbooks:wither_skull.School was corrected from null to its default, irons_spellbooks:blood. 
[29Mar2026 02:52:11.615] [Server thread/WARN] [net.minecraftforge.common.ForgeConfigSpec/CORE]: Incorrect key Spells.irons_spellbooks:wither_skull.MaxLevel was corrected from null to its default, 10. 
[29Mar2026 02:52:11.615] [Server thread/WARN] [net.minecraftforge.common.ForgeConfigSpec/CORE]: Incorrect key Spells.irons_spellbooks:wither_skull.MinRarity was corrected from null to its default, UNCOMMON. 
[29Mar2026 02:52:11.616] [Server thread/WARN] [net.minecraftforge.common.ForgeConfigSpec/CORE]: Incorrect key Spells.irons_spellbooks:wither_skull.ManaCostMultiplier was corrected from null to its default, 1.0. 
[29Mar2026 02:52:11.616] [Server thread/WARN] [net.minecraftforge.common.ForgeConfigSpec/CORE]: Incorrect key Spells.irons_spellbooks:wither_skull.SpellPowerMultiplier was corrected from null to its default, 1.0. 
[29Mar2026 02:52:11.616] [Server thread/WARN] [net.minecraftforge.common.ForgeConfigSpec/CORE]: Incorrect key Spells.irons_spellbooks:wither_skull.CooldownInSeconds was corrected from null to its default, 1.0. 
[29Mar2026 02:52:11.616] [Server thread/WARN] [net.minecraftforge.common.ForgeConfigSpec/CORE]: Incorrect key Spells.irons_spellbooks:wither_skull.AllowCrafting was corrected from null to its default, true. 
[29Mar2026 02:52:11.616] [Server thread/WARN] [net.minecraftforge.common.ForgeConfigSpec/CORE]: Incorrect key Spells.irons_spellbooks:thunder_step was corrected from null to its default, SimpleCommentedConfig:{}. 
[29Mar2026 02:52:11.616] [Server thread/WARN] [net.minecraftforge.common.ForgeConfigSpec/CORE]: Incorrect key Spells.irons_spellbooks:thunder_step.Enabled was corrected from null to its default, true. 
[29Mar2026 02:52:11.616] [Server thread/WARN] [net.minecraftforge.common.ForgeConfigSpec/CORE]: Incorrect key Spells.irons_spellbooks:thunder_step.School was corrected from null to its default, irons_spellbooks:lightning. 
[29Mar2026 02:52:11.616] [Server thread/WARN] [net.minecraftforge.common.ForgeConfigSpec/CORE]: Incorrect key Spells.irons_spellbooks:thunder_step.MaxLevel was corrected from null to its default, 5. 
[29Mar2026 02:52:11.616] [Server thread/WARN] [net.minecraftforge.common.ForgeConfigSpec/CORE]: Incorrect key Spells.irons_spellbooks:thunder_step.MinRarity was corrected from null to its default, UNCOMMON. 
[29Mar2026 02:52:11.619] [Server thread/WARN] [net.minecraftforge.common.ForgeConfigSpec/CORE]: Incorrect key Spells.irons_spellbooks:thunder_step.ManaCostMultiplier was corrected from null to its default, 1.0. 
[29Mar2026 02:52:11.620] [Server thread/WARN] [net.minecraftforge.common.ForgeConfigSpec/CORE]: Incorrect key Spells.irons_spellbooks:thunder_step.SpellPowerMultiplier was corrected from null to its default, 1.0. 
[29Mar2026 02:52:11.620] [Server thread/WARN] [net.minecraftforge.common.ForgeConfigSpec/CORE]: Incorrect key Spells.irons_spellbooks:thunder_step.CooldownInSeconds was corrected from null to its default, 8.0. 
[29Mar2026 02:52:11.620] [Server thread/WARN] [net.minecraftforge.common.ForgeConfigSpec/CORE]: Incorrect key Spells.irons_spellbooks:thunder_step.AllowCrafting was corrected from null to its default, true. 
[29Mar2026 02:52:11.621] [Server thread/WARN] [net.minecraftforge.common.ForgeConfigSpec/CORE]: Incorrect key Spells.irons_spellbooks:thunderstorm was corrected from null to its default, SimpleCommentedConfig:{}. 
[29Mar2026 02:52:11.621] [Server thread/WARN] [net.minecraftforge.common.ForgeConfigSpec/CORE]: Incorrect key Spells.irons_spellbooks:thunderstorm.Enabled was corrected from null to its default, true. 
[29Mar2026 02:52:11.622] [Server thread/WARN] [net.minecraftforge.common.ForgeConfigSpec/CORE]: Incorrect key Spells.irons_spellbooks:thunderstorm.School was corrected from null to its default, irons_spellbooks:lightning. 
[29Mar2026 02:52:11.622] [Server thread/WARN] [net.minecraftforge.common.ForgeConfigSpec/CORE]: Incorrect key Spells.irons_spellbooks:thunderstorm.MaxLevel was corrected from null to its default, 8. 
[29Mar2026 02:52:11.623] [Server thread/WARN] [net.minecraftforge.common.ForgeConfigSpec/CORE]: Incorrect key Spells.irons_spellbooks:thunderstorm.MinRarity was corrected from null to its default, RARE. 
[29Mar2026 02:52:11.626] [Server thread/WARN] [net.minecraftforge.common.ForgeConfigSpec/CORE]: Incorrect key Spells.irons_spellbooks:thunderstorm.ManaCostMultiplier was corrected from null to its default, 1.0. 
[29Mar2026 02:52:11.626] [Server thread/WARN] [net.minecraftforge.common.ForgeConfigSpec/CORE]: Incorrect key Spells.irons_spellbooks:thunderstorm.SpellPowerMultiplier was corrected from null to its default, 1.0. 
[29Mar2026 02:52:11.626] [Server thread/WARN] [net.minecraftforge.common.ForgeConfigSpec/CORE]: Incorrect key Spells.irons_spellbooks:thunderstorm.CooldownInSeconds was corrected from null to its default, 120.0. 
[29Mar2026 02:52:11.626] [Server thread/WARN] [net.minecraftforge.common.ForgeConfigSpec/CORE]: Incorrect key Spells.irons_spellbooks:thunderstorm.AllowCrafting was corrected from null to its default, true. 
[29Mar2026 02:52:11.627] [Server thread/WARN] [net.minecraftforge.common.ForgeConfigSpec/CORE]: Incorrect key Spells.irons_spellbooks:ascension was corrected from null to its default, SimpleCommentedConfig:{}. 
[29Mar2026 02:52:11.627] [Server thread/WARN] [net.minecraftforge.common.ForgeConfigSpec/CORE]: Incorrect key Spells.irons_spellbooks:ascension.Enabled was corrected from null to its default, true. 
[29Mar2026 02:52:11.629] [Server thread/WARN] [net.minecraftforge.common.ForgeConfigSpec/CORE]: Incorrect key Spells.irons_spellbooks:ascension.School was corrected from null to its default, irons_spellbooks:lightning. 
[29Mar2026 02:52:11.629] [Server thread/WARN] [net.minecraftforge.common.ForgeConfigSpec/CORE]: Incorrect key Spells.irons_spellbooks:ascension.MaxLevel was corrected from null to its default, 10. 
[29Mar2026 02:52:11.629] [Server thread/WARN] [net.minecraftforge.common.ForgeConfigSpec/CORE]: Incorrect key Spells.irons_spellbooks:ascension.MinRarity was corrected from null to its default, RARE. 
[29Mar2026 02:52:11.630] [Server thread/WARN] [net.minecraftforge.common.ForgeConfigSpec/CORE]: Incorrect key Spells.irons_spellbooks:ascension.ManaCostMultiplier was corrected from null to its default, 1.0. 
[29Mar2026 02:52:11.630] [Server thread/WARN] [net.minecraftforge.common.ForgeConfigSpec/CORE]: Incorrect key Spells.irons_spellbooks:ascension.SpellPowerMultiplier was corrected from null to its default, 1.0. 
[29Mar2026 02:52:11.630] [Server thread/WARN] [net.minecraftforge.common.ForgeConfigSpec/CORE]: Incorrect key Spells.irons_spellbooks:ascension.CooldownInSeconds was corrected from null to its default, 15.0. 
[29Mar2026 02:52:11.631] [Server thread/WARN] [net.minecraftforge.common.ForgeConfigSpec/CORE]: Incorrect key Spells.irons_spellbooks:ascension.AllowCrafting was corrected from null to its default, true. 
[29Mar2026 02:52:11.631] [Server thread/WARN] [net.minecraftforge.common.ForgeConfigSpec/CORE]: Incorrect key Spells.irons_spellbooks:lightning_lance was corrected from null to its default, SimpleCommentedConfig:{}. 
[29Mar2026 02:52:11.631] [Server thread/WARN] [net.minecraftforge.common.ForgeConfigSpec/CORE]: Incorrect key Spells.irons_spellbooks:lightning_lance.Enabled was corrected from null to its default, true. 
[29Mar2026 02:52:11.632] [Server thread/WARN] [net.minecraftforge.common.ForgeConfigSpec/CORE]: Incorrect key Spells.irons_spellbooks:lightning_lance.School was corrected from null to its default, irons_spellbooks:lightning. 
[29Mar2026 02:52:11.632] [Server thread/WARN] [net.minecraftforge.common.ForgeConfigSpec/CORE]: Incorrect key Spells.irons_spellbooks:lightning_lance.MaxLevel was corrected from null to its default, 10. 
[29Mar2026 02:52:11.633] [Server thread/WARN] [net.minecraftforge.common.ForgeConfigSpec/CORE]: Incorrect key Spells.irons_spellbooks:lightning_lance.MinRarity was corrected from null to its default, UNCOMMON. 
[29Mar2026 02:52:11.634] [Server thread/WARN] [net.minecraftforge.common.ForgeConfigSpec/CORE]: Incorrect key Spells.irons_spellbooks:lightning_lance.ManaCostMultiplier was corrected from null to its default, 1.0. 
[29Mar2026 02:52:11.634] [Server thread/WARN] [net.minecraftforge.common.ForgeConfigSpec/CORE]: Incorrect key Spells.irons_spellbooks:lightning_lance.SpellPowerMultiplier was corrected from null to its default, 1.0. 
[29Mar2026 02:52:11.635] [Server thread/WARN] [net.minecraftforge.common.ForgeConfigSpec/CORE]: Incorrect key Spells.irons_spellbooks:lightning_lance.CooldownInSeconds was corrected from null to its default, 8.0. 
[29Mar2026 02:52:11.637] [Server thread/WARN] [net.minecraftforge.common.ForgeConfigSpec/CORE]: Incorrect key Spells.irons_spellbooks:lightning_lance.AllowCrafting was corrected from null to its default, true. 
[29Mar2026 02:52:11.638] [Server thread/WARN] [net.minecraftforge.common.ForgeConfigSpec/CORE]: Incorrect key Spells.irons_spellbooks:shockwave was corrected from null to its default, SimpleCommentedConfig:{}. 
[29Mar2026 02:52:11.638] [Server thread/WARN] [net.minecraftforge.common.ForgeConfigSpec/CORE]: Incorrect key Spells.irons_spellbooks:shockwave.Enabled was corrected from null to its default, true. 
[29Mar2026 02:52:11.638] [Server thread/WARN] [net.minecraftforge.common.ForgeConfigSpec/CORE]: Incorrect key Spells.irons_spellbooks:shockwave.School was corrected from null to its default, irons_spellbooks:lightning. 
[29Mar2026 02:52:11.638] [Server thread/WARN] [net.minecraftforge.common.ForgeConfigSpec/CORE]: Incorrect key Spells.irons_spellbooks:shockwave.MaxLevel was corrected from null to its default, 8. 
[29Mar2026 02:52:11.639] [Server thread/WARN] [net.minecraftforge.common.ForgeConfigSpec/CORE]: Incorrect key Spells.irons_spellbooks:shockwave.MinRarity was corrected from null to its default, COMMON. 
[29Mar2026 02:52:11.639] [Server thread/WARN] [net.minecraftforge.common.ForgeConfigSpec/CORE]: Incorrect key Spells.irons_spellbooks:shockwave.ManaCostMultiplier was corrected from null to its default, 1.0. 
[29Mar2026 02:52:11.639] [Server thread/WARN] [net.minecraftforge.common.ForgeConfigSpec/CORE]: Incorrect key Spells.irons_spellbooks:shockwave.SpellPowerMultiplier was corrected from null to its default, 1.0. 
[29Mar2026 02:52:11.640] [Server thread/WARN] [net.minecraftforge.common.ForgeConfigSpec/CORE]: Incorrect key Spells.irons_spellbooks:shockwave.CooldownInSeconds was corrected from null to its default, 30.0. 
[29Mar2026 02:52:11.640] [Server thread/WARN] [net.minecraftforge.common.ForgeConfigSpec/CORE]: Incorrect key Spells.irons_spellbooks:shockwave.AllowCrafting was corrected from null to its default, true. 
[29Mar2026 02:52:11.640] [Server thread/WARN] [net.minecraftforge.common.ForgeConfigSpec/CORE]: Incorrect key Spells.irons_spellbooks:electrocute was corrected from null to its default, SimpleCommentedConfig:{}. 
[29Mar2026 02:52:11.641] [Server thread/WARN] [net.minecraftforge.common.ForgeConfigSpec/CORE]: Incorrect key Spells.irons_spellbooks:electrocute.Enabled was corrected from null to its default, true. 
[29Mar2026 02:52:11.641] [Server thread/WARN] [net.minecraftforge.common.ForgeConfigSpec/CORE]: Incorrect key Spells.irons_spellbooks:electrocute.School was corrected from null to its default, irons_spellbooks:lightning. 
[29Mar2026 02:52:11.642] [Server thread/WARN] [net.minecraftforge.common.ForgeConfigSpec/CORE]: Incorrect key Spells.irons_spellbooks:electrocute.MaxLevel was corrected from null to its default, 10. 
[29Mar2026 02:52:11.642] [Server thread/WARN] [net.minecraftforge.common.ForgeConfigSpec/CORE]: Incorrect key Spells.irons_spellbooks:electrocute.MinRarity was corrected from null to its default, COMMON. 
[29Mar2026 02:52:11.643] [Server thread/WARN] [net.minecraftforge.common.ForgeConfigSpec/CORE]: Incorrect key Spells.irons_spellbooks:electrocute.ManaCostMultiplier was corrected from null to its default, 1.0. 
[29Mar2026 02:52:11.644] [Server thread/WARN] [net.minecraftforge.common.ForgeConfigSpec/CORE]: Incorrect key Spells.irons_spellbooks:electrocute.SpellPowerMultiplier was corrected from null to its default, 1.0. 
[29Mar2026 02:52:11.644] [Server thread/WARN] [net.minecraftforge.common.ForgeConfigSpec/CORE]: Incorrect key Spells.irons_spellbooks:electrocute.CooldownInSeconds was corrected from null to its default, 12.0. 
[29Mar2026 02:52:11.647] [Server thread/WARN] [net.minecraftforge.common.ForgeConfigSpec/CORE]: Incorrect key Spells.irons_spellbooks:electrocute.AllowCrafting was corrected from null to its default, true. 
[29Mar2026 02:52:11.647] [Server thread/WARN] [net.minecraftforge.common.ForgeConfigSpec/CORE]: Incorrect key Spells.irons_spellbooks:lightning_bolt was corrected from null to its default, SimpleCommentedConfig:{}. 
[29Mar2026 02:52:11.647] [Server thread/WARN] [net.minecraftforge.common.ForgeConfigSpec/CORE]: Incorrect key Spells.irons_spellbooks:lightning_bolt.Enabled was corrected from null to its default, true. 
[29Mar2026 02:52:11.647] [Server thread/WARN] [net.minecraftforge.common.ForgeConfigSpec/CORE]: Incorrect key Spells.irons_spellbooks:lightning_bolt.School was corrected from null to its default, irons_spellbooks:lightning. 
[29Mar2026 02:52:11.647] [Server thread/WARN] [net.minecraftforge.common.ForgeConfigSpec/CORE]: Incorrect key Spells.irons_spellbooks:lightning_bolt.MaxLevel was corrected from null to its default, 10. 
[29Mar2026 02:52:11.647] [Server thread/WARN] [net.minecraftforge.common.ForgeConfigSpec/CORE]: Incorrect key Spells.irons_spellbooks:lightning_bolt.MinRarity was corrected from null to its default, EPIC. 
[29Mar2026 02:52:11.648] [Server thread/WARN] [net.minecraftforge.common.ForgeConfigSpec/CORE]: Incorrect key Spells.irons_spellbooks:lightning_bolt.ManaCostMultiplier was corrected from null to its default, 1.0. 
[29Mar2026 02:52:11.648] [Server thread/WARN] [net.minecraftforge.common.ForgeConfigSpec/CORE]: Incorrect key Spells.irons_spellbooks:lightning_bolt.SpellPowerMultiplier was corrected from null to its default, 1.0. 
[29Mar2026 02:52:11.648] [Server thread/WARN] [net.minecraftforge.common.ForgeConfigSpec/CORE]: Incorrect key Spells.irons_spellbooks:lightning_bolt.CooldownInSeconds was corrected from null to its default, 25.0. 
[29Mar2026 02:52:11.649] [Server thread/WARN] [net.minecraftforge.common.ForgeConfigSpec/CORE]: Incorrect key Spells.irons_spellbooks:lightning_bolt.AllowCrafting was corrected from null to its default, true. 
[29Mar2026 02:52:11.649] [Server thread/WARN] [net.minecraftforge.common.ForgeConfigSpec/CORE]: Incorrect key Spells.irons_spellbooks:ball_lightning was corrected from null to its default, SimpleCommentedConfig:{}. 
[29Mar2026 02:52:11.650] [Server thread/WARN] [net.minecraftforge.common.ForgeConfigSpec/CORE]: Incorrect key Spells.irons_spellbooks:ball_lightning.Enabled was corrected from null to its default, true. 
[29Mar2026 02:52:11.650] [Server thread/WARN] [net.minecraftforge.common.ForgeConfigSpec/CORE]: Incorrect key Spells.irons_spellbooks:ball_lightning.School was corrected from null to its default, irons_spellbooks:lightning. 
[29Mar2026 02:52:11.650] [Server thread/WARN] [net.minecraftforge.common.ForgeConfigSpec/CORE]: Incorrect key Spells.irons_spellbooks:ball_lightning.MaxLevel was corrected from null to its default, 10. 
[29Mar2026 02:52:11.651] [Server thread/WARN] [net.minecraftforge.common.ForgeConfigSpec/CORE]: Incorrect key Spells.irons_spellbooks:ball_lightning.MinRarity was corrected from null to its default, COMMON. 
[29Mar2026 02:52:11.651] [Server thread/WARN] [net.minecraftforge.common.ForgeConfigSpec/CORE]: Incorrect key Spells.irons_spellbooks:ball_lightning.ManaCostMultiplier was corrected from null to its default, 1.0. 
[29Mar2026 02:52:11.651] [Server thread/WARN] [net.minecraftforge.common.ForgeConfigSpec/CORE]: Incorrect key Spells.irons_spellbooks:ball_lightning.SpellPowerMultiplier was corrected from null to its default, 1.0. 
[29Mar2026 02:52:11.652] [Server thread/WARN] [net.minecraftforge.common.ForgeConfigSpec/CORE]: Incorrect key Spells.irons_spellbooks:ball_lightning.CooldownInSeconds was corrected from null to its default, 1.0. 
[29Mar2026 02:52:11.652] [Server thread/WARN] [net.minecraftforge.common.ForgeConfigSpec/CORE]: Incorrect key Spells.irons_spellbooks:ball_lightning.AllowCrafting was corrected from null to its default, true. 
[29Mar2026 02:52:11.652] [Server thread/WARN] [net.minecraftforge.common.ForgeConfigSpec/CORE]: Incorrect key Spells.irons_spellbooks:charge was corrected from null to its default, SimpleCommentedConfig:{}. 
[29Mar2026 02:52:11.652] [Server thread/WARN] [net.minecraftforge.common.ForgeConfigSpec/CORE]: Incorrect key Spells.irons_spellbooks:charge.Enabled was corrected from null to its default, true. 
[29Mar2026 02:52:11.652] [Server thread/WARN] [net.minecraftforge.common.ForgeConfigSpec/CORE]: Incorrect key Spells.irons_spellbooks:charge.School was corrected from null to its default, irons_spellbooks:lightning. 
[29Mar2026 02:52:11.652] [Server thread/WARN] [net.minecraftforge.common.ForgeConfigSpec/CORE]: Incorrect key Spells.irons_spellbooks:charge.MaxLevel was corrected from null to its default, 3. 
[29Mar2026 02:52:11.652] [Server thread/WARN] [net.minecraftforge.common.ForgeConfigSpec/CORE]: Incorrect key Spells.irons_spellbooks:charge.MinRarity was corrected from null to its default, RARE. 
[29Mar2026 02:52:11.653] [Server thread/WARN] [net.minecraftforge.common.ForgeConfigSpec/CORE]: Incorrect key Spells.irons_spellbooks:charge.ManaCostMultiplier was corrected from null to its default, 1.0. 
[29Mar2026 02:52:11.653] [Server thread/WARN] [net.minecraftforge.common.ForgeConfigSpec/CORE]: Incorrect key Spells.irons_spellbooks:charge.SpellPowerMultiplier was corrected from null to its default, 1.0. 
[29Mar2026 02:52:11.653] [Server thread/WARN] [net.minecraftforge.common.ForgeConfigSpec/CORE]: Incorrect key Spells.irons_spellbooks:charge.CooldownInSeconds was corrected from null to its default, 40.0. 
[29Mar2026 02:52:11.653] [Server thread/WARN] [net.minecraftforge.common.ForgeConfigSpec/CORE]: Incorrect key Spells.irons_spellbooks:charge.AllowCrafting was corrected from null to its default, true. 
[29Mar2026 02:52:11.653] [Server thread/WARN] [net.minecraftforge.common.ForgeConfigSpec/CORE]: Incorrect key Spells.irons_spellbooks:chain_lightning was corrected from null to its default, SimpleCommentedConfig:{}. 
[29Mar2026 02:52:11.653] [Server thread/WARN] [net.minecraftforge.common.ForgeConfigSpec/CORE]: Incorrect key Spells.irons_spellbooks:chain_lightning.Enabled was corrected from null to its default, true. 
[29Mar2026 02:52:11.653] [Server thread/WARN] [net.minecraftforge.common.ForgeConfigSpec/CORE]: Incorrect key Spells.irons_spellbooks:chain_lightning.School was corrected from null to its default, irons_spellbooks:lightning. 
[29Mar2026 02:52:11.653] [Server thread/WARN] [net.minecraftforge.common.ForgeConfigSpec/CORE]: Incorrect key Spells.irons_spellbooks:chain_lightning.MaxLevel was corrected from null to its default, 10. 
[29Mar2026 02:52:11.653] [Server thread/WARN] [net.minecraftforge.common.ForgeConfigSpec/CORE]: Incorrect key Spells.irons_spellbooks:chain_lightning.MinRarity was corrected from null to its default, UNCOMMON. 
[29Mar2026 02:52:11.653] [Server thread/WARN] [net.minecraftforge.common.ForgeConfigSpec/CORE]: Incorrect key Spells.irons_spellbooks:chain_lightning.ManaCostMultiplier was corrected from null to its default, 1.0. 
[29Mar2026 02:52:11.653] [Server thread/WARN] [net.minecraftforge.common.ForgeConfigSpec/CORE]: Incorrect key Spells.irons_spellbooks:chain_lightning.SpellPowerMultiplier was corrected from null to its default, 1.0. 
[29Mar2026 02:52:11.656] [Server thread/WARN] [net.minecraftforge.common.ForgeConfigSpec/CORE]: Incorrect key Spells.irons_spellbooks:chain_lightning.CooldownInSeconds was corrected from null to its default, 20.0. 
[29Mar2026 02:52:11.656] [Server thread/WARN] [net.minecraftforge.common.ForgeConfigSpec/CORE]: Incorrect key Spells.irons_spellbooks:chain_lightning.AllowCrafting was corrected from null to its default, true. 
[29Mar2026 02:52:11.666] [Server thread/WARN] [net.minecraftforge.common.ForgeConfigSpec/CORE]: Configuration file ./world/serverconfig/slugterra-server.toml is not correct. Correcting
[29Mar2026 02:52:11.667] [Server thread/WARN] [net.minecraftforge.common.ForgeConfigSpec/CORE]: Incorrect key SlugLevelingSettings was corrected from null to its default, SimpleCommentedConfig:{}. 
[29Mar2026 02:52:11.668] [Server thread/WARN] [net.minecraftforge.common.ForgeConfigSpec/CORE]: Incorrect key SlugLevelingSettings.maxLevel was corrected from null to its default, 20. 
[29Mar2026 02:52:11.668] [Server thread/WARN] [net.minecraftforge.common.ForgeConfigSpec/CORE]: Incorrect key SlugLevelingSettings.baseXpNeeded was corrected from null to its default, 20.0. 
[29Mar2026 02:52:11.669] [Server thread/WARN] [net.minecraftforge.common.ForgeConfigSpec/CORE]: Incorrect key SlugLevelingSettings.xpExponent was corrected from null to its default, 1.2. 
[29Mar2026 02:52:11.669] [Server thread/WARN] [net.minecraftforge.common.ForgeConfigSpec/CORE]: Incorrect key SlugLevelingSettings.velocimorphSpeedMultiplier was corrected from null to its default, 1.025. 
[29Mar2026 02:52:11.670] [Server thread/WARN] [net.minecraftforge.common.ForgeConfigSpec/CORE]: Incorrect key CombatExpSettings was corrected from null to its default, SimpleCommentedConfig:{}. 
[29Mar2026 02:52:11.670] [Server thread/WARN] [net.minecraftforge.common.ForgeConfigSpec/CORE]: Incorrect key CombatExpSettings.enableImpactExp was corrected from null to its default, true. 
[29Mar2026 02:52:11.671] [Server thread/WARN] [net.minecraftforge.common.ForgeConfigSpec/CORE]: Incorrect key CombatExpSettings.impactExpMultiplier was corrected from null to its default, 1.0. 
[29Mar2026 02:52:11.671] [Server thread/WARN] [net.minecraftforge.common.ForgeConfigSpec/CORE]: Incorrect key CombatExpSettings.enableKillPlayerExp was corrected from null to its default, true. 
[29Mar2026 02:52:11.671] [Server thread/WARN] [net.minecraftforge.common.ForgeConfigSpec/CORE]: Incorrect key CombatExpSettings.enableHitPlayerExp was corrected from null to its default, true. 
[29Mar2026 02:52:11.672] [Server thread/WARN] [net.minecraftforge.common.ForgeConfigSpec/CORE]: Incorrect key CombatExpSettings.sizeScalingMultiplier was corrected from null to its default, 1.0. 
[29Mar2026 02:52:11.672] [Server thread/WARN] [net.minecraftforge.common.ForgeConfigSpec/CORE]: Incorrect key CombatExpSettings.killImpactMultiplier was corrected from null to its default, 2.0. 
[29Mar2026 02:52:11.673] [Server thread/WARN] [net.minecraftforge.common.ForgeConfigSpec/CORE]: Incorrect key CombatExpSettings.enablePassiveImpactExp was corrected from null to its default, true. 
[29Mar2026 02:52:11.673] [Server thread/WARN] [net.minecraftforge.common.ForgeConfigSpec/CORE]: Incorrect key CombatExpSettings.passiveKillMultiplier was corrected from null to its default, 0.5. 
[29Mar2026 02:52:11.674] [Server thread/WARN] [net.minecraftforge.common.ForgeConfigSpec/CORE]: Incorrect key CombatExpSettings.ImpactCombatExpGainFeedback was corrected from null to its default, true. 
[29Mar2026 02:52:11.675] [Server thread/WARN] [net.minecraftforge.common.ForgeConfigSpec/CORE]: Incorrect key CombatExpSettings.airExpMultiplier was corrected from null to its default, 1.5. 
[29Mar2026 02:52:11.675] [Server thread/WARN] [net.minecraftforge.common.ForgeConfigSpec/CORE]: Incorrect key CombatExpSettings.excludedImpactExpSlugs was corrected from null to its default, []. 
[29Mar2026 02:52:11.676] [Server thread/WARN] [net.minecraftforge.common.ForgeConfigSpec/CORE]: Incorrect key SlugActionExpMultipliers was corrected from null to its default, SimpleCommentedConfig:{}. 
[29Mar2026 02:52:11.676] [Server thread/WARN] [net.minecraftforge.common.ForgeConfigSpec/CORE]: Incorrect key SlugActionExpMultipliers.blastipedeActionExpMultiplier was corrected from null to its default, 1.0. 
[29Mar2026 02:52:11.677] [Server thread/WARN] [net.minecraftforge.common.ForgeConfigSpec/CORE]: Incorrect key SlugActionExpMultipliers.boonDocActionExpMultiplier was corrected from null to its default, 1.0. 
[29Mar2026 02:52:11.678] [Server thread/WARN] [net.minecraftforge.common.ForgeConfigSpec/CORE]: Incorrect key SlugActionExpMultipliers.whiteBoonDocActionExpMultiplier was corrected from null to its default, 1.0. 
[29Mar2026 02:52:11.678] [Server thread/WARN] [net.minecraftforge.common.ForgeConfigSpec/CORE]: Incorrect key SlugActionExpMultipliers.dirtUrchinActionExpMultiplier was corrected from null to its default, 1.0. 
[29Mar2026 02:52:11.679] [Server thread/WARN] [net.minecraftforge.common.ForgeConfigSpec/CORE]: Incorrect key SlugActionExpMultipliers.enigmoActionExpMultiplier was corrected from null to its default, 1.0. 
[29Mar2026 02:52:11.679] [Server thread/WARN] [net.minecraftforge.common.ForgeConfigSpec/CORE]: Incorrect key SlugActionExpMultipliers.fandangoActionExpMultiplier was corrected from null to its default, 1.0. 
[29Mar2026 02:52:11.679] [Server thread/WARN] [net.minecraftforge.common.ForgeConfigSpec/CORE]: Incorrect key SlugActionExpMultipliers.flaringoActionExpMultiplier was corrected from null to its default, 1.0. 
[29Mar2026 02:52:11.680] [Server thread/WARN] [net.minecraftforge.common.ForgeConfigSpec/CORE]: Incorrect key SlugActionExpMultipliers.flatulorhinkusActionExpMultiplier was corrected from null to its default, 1.0. 
[29Mar2026 02:52:11.680] [Server thread/WARN] [net.minecraftforge.common.ForgeConfigSpec/CORE]: Incorrect key SlugActionExpMultipliers.forgesmelterActionExpMultiplier was corrected from null to its default, 1.0. 
[29Mar2026 02:52:11.680] [Server thread/WARN] [net.minecraftforge.common.ForgeConfigSpec/CORE]: Incorrect key SlugActionExpMultipliers.frightgeistActionExpMultiplier was corrected from null to its default, 1.0. 
[29Mar2026 02:52:11.681] [Server thread/WARN] [net.minecraftforge.common.ForgeConfigSpec/CORE]: Incorrect key SlugActionExpMultipliers.frostcrawlerActionExpMultiplier was corrected from null to its default, 1.0. 
[29Mar2026 02:52:11.681] [Server thread/WARN] [net.minecraftforge.common.ForgeConfigSpec/CORE]: Incorrect key SlugActionExpMultipliers.gazzerActionExpMultiplier was corrected from null to its default, 1.0. 
[29Mar2026 02:52:11.682] [Server thread/WARN] [net.minecraftforge.common.ForgeConfigSpec/CORE]: Incorrect key SlugActionExpMultipliers.hexletActionExpMultiplier was corrected from null to its default, 1.0. 
[29Mar2026 02:52:11.682] [Server thread/WARN] [net.minecraftforge.common.ForgeConfigSpec/CORE]: Incorrect key SlugActionExpMultipliers.hoprockActionExpMultiplier was corrected from null to its default, 1.0. 
[29Mar2026 02:52:11.682] [Server thread/WARN] [net.minecraftforge.common.ForgeConfigSpec/CORE]: Incorrect key SlugActionExpMultipliers.hypnogrifActionExpMultiplier was corrected from null to its default, 1.0. 
[29Mar2026 02:52:11.683] [Server thread/WARN] [net.minecraftforge.common.ForgeConfigSpec/CORE]: Incorrect key SlugActionExpMultipliers.infurnusActionExpMultiplier was corrected from null to its default, 1.0. 
[29Mar2026 02:52:11.684] [Server thread/WARN] [net.minecraftforge.common.ForgeConfigSpec/CORE]: Incorrect key SlugActionExpMultipliers.lavalynxActionExpMultiplier was corrected from null to its default, 1.0. 
[29Mar2026 02:52:11.684] [Server thread/WARN] [net.minecraftforge.common.ForgeConfigSpec/CORE]: Incorrect key SlugActionExpMultipliers.negashadeActionExpMultiplier was corrected from null to its default, 1.0. 
[29Mar2026 02:52:11.684] [Server thread/WARN] [net.minecraftforge.common.ForgeConfigSpec/CORE]: Incorrect key SlugActionExpMultipliers.neotoxActionExpMultiplier was corrected from null to its default, 1.0. 
[29Mar2026 02:52:11.685] [Server thread/WARN] [net.minecraftforge.common.ForgeConfigSpec/CORE]: Incorrect key SlugActionExpMultipliers.phosphoroActionExpMultiplier was corrected from null to its default, 1.0. 
[29Mar2026 02:52:11.685] [Server thread/WARN] [net.minecraftforge.common.ForgeConfigSpec/CORE]: Incorrect key SlugActionExpMultipliers.sandAnglerActionExpMultiplier was corrected from null to its default, 1.0. 
[29Mar2026 02:52:11.685] [Server thread/WARN] [net.minecraftforge.common.ForgeConfigSpec/CORE]: Incorrect key SlugActionExpMultipliers.slicksilverActionExpMultiplier was corrected from null to its default, 1.0. 
[29Mar2026 02:52:11.686] [Server thread/WARN] [net.minecraftforge.common.ForgeConfigSpec/CORE]: Incorrect key SlugActionExpMultipliers.speedstingerActionExpMultiplier was corrected from null to its default, 1.0. 
[29Mar2026 02:52:11.686] [Server thread/WARN] [net.minecraftforge.common.ForgeConfigSpec/CORE]: Incorrect key SlugActionExpMultipliers.tazerlingActionExpMultiplier was corrected from null to its default, 1.0. 
[29Mar2026 02:52:11.687] [Server thread/WARN] [net.minecraftforge.common.ForgeConfigSpec/CORE]: Incorrect key SlugActionExpMultipliers.thuggletActionExpMultiplier was corrected from null to its default, 1.0. 
[29Mar2026 02:52:11.687] [Server thread/WARN] [net.minecraftforge.common.ForgeConfigSpec/CORE]: Incorrect key SlugActionExpMultipliers.tormatoActionExpMultiplier was corrected from null to its default, 1.0. 
[29Mar2026 02:52:11.687] [Server thread/WARN] [net.minecraftforge.common.ForgeConfigSpec/CORE]: Incorrect key SlugActionExpMultipliers.vinedrillActionExpMultiplier was corrected from null to its default, 1.0. 
[29Mar2026 02:52:11.688] [Server thread/WARN] [net.minecraftforge.common.ForgeConfigSpec/CORE]: Incorrect key SlugActionExpMultipliers.xmitterActionExpMultiplier was corrected from null to its default, 1.0. 
[29Mar2026 02:52:11.688] [Server thread/WARN] [net.minecraftforge.common.ForgeConfigSpec/CORE]: Incorrect key SlugActionExpMultipliers.infurnusYellowActionExpMultiplier was corrected from null to its default, 1.0. 
[29Mar2026 02:52:11.688] [Server thread/WARN] [net.minecraftforge.common.ForgeConfigSpec/CORE]: Incorrect key SlugActionExpMultipliers.aquabeekActionExpMultiplier was corrected from null to its default, 1.0. 
[29Mar2026 02:52:11.689] [Server thread/WARN] [net.minecraftforge.common.ForgeConfigSpec/CORE]: Incorrect key SlugActionExpMultipliers.pieperActionExpMultiplier was corrected from null to its default, 1.0. 
[29Mar2026 02:52:11.689] [Server thread/WARN] [net.minecraftforge.common.ForgeConfigSpec/CORE]: Incorrect key SlugActionExpMultipliers.rammstoneActionExpMultiplier was corrected from null to its default, 1.0. 
[29Mar2026 02:52:11.689] [Server thread/WARN] [net.minecraftforge.common.ForgeConfigSpec/CORE]: Incorrect key SlugActionExpMultipliers.slyrenActionExpMultiplier was corrected from null to its default, 1.0. 
[29Mar2026 02:52:11.690] [Server thread/WARN] [net.minecraftforge.common.ForgeConfigSpec/CORE]: Incorrect key SlugActionExpMultipliers.bubbaleoneActionExpMultiplier was corrected from null to its default, 1.0. 
[29Mar2026 02:52:11.690] [Server thread/WARN] [net.minecraftforge.common.ForgeConfigSpec/CORE]: Incorrect key SlugActionExpMultipliers.grenukeActionExpMultiplier was corrected from null to its default, 1.0. 
[29Mar2026 02:52:11.691] [Server thread/WARN] [net.minecraftforge.common.ForgeConfigSpec/CORE]: Incorrect key SlugActionExpMultipliers.hoverbugActionExpMultiplier was corrected from null to its default, 1.0. 
[29Mar2026 02:52:11.691] [Server thread/WARN] [net.minecraftforge.common.ForgeConfigSpec/CORE]: Incorrect key SlugActionExpMultipliers.lariatActionExpMultiplier was corrected from null to its default, 1.0. 
[29Mar2026 02:52:11.691] [Server thread/WARN] [net.minecraftforge.common.ForgeConfigSpec/CORE]: Incorrect key SlugActionExpMultipliers.makobreakerActionExpMultiplier was corrected from null to its default, 1.0. 
[29Mar2026 02:52:11.692] [Server thread/WARN] [net.minecraftforge.common.ForgeConfigSpec/CORE]: Incorrect key SlugActionExpMultipliers.poleroActionExpMultiplier was corrected from null to its default, 1.0. 
[29Mar2026 02:52:11.692] [Server thread/WARN] [net.minecraftforge.common.ForgeConfigSpec/CORE]: Incorrect key SlugActionExpMultipliers.thresherActionExpMultiplier was corrected from null to its default, 1.0. 
[29Mar2026 02:52:11.694] [Server thread/WARN] [net.minecraftforge.common.ForgeConfigSpec/CORE]: Incorrect key VelocimorphDamageSettings was corrected from null to its default, SimpleCommentedConfig:{}. 
[29Mar2026 02:52:11.694] [Server thread/WARN] [net.minecraftforge.common.ForgeConfigSpec/CORE]: Incorrect key VelocimorphDamageSettings.aquabeekBaseDamage was corrected from null to its default, 2.0. 
[29Mar2026 02:52:11.695] [Server thread/WARN] [net.minecraftforge.common.ForgeConfigSpec/CORE]: Incorrect key VelocimorphDamageSettings.arachnetBaseDamage was corrected from null to its default, 1.5. 
[29Mar2026 02:52:11.696] [Server thread/WARN] [net.minecraftforge.common.ForgeConfigSpec/CORE]: Incorrect key VelocimorphDamageSettings.armasheltBaseDamage was corrected from null to its default, 3.0. 
[29Mar2026 02:52:11.696] [Server thread/WARN] [net.minecraftforge.common.ForgeConfigSpec/CORE]: Incorrect key VelocimorphDamageSettings.blastipedeBaseDamage was corrected from null to its default, 2.5. 
[29Mar2026 02:52:11.697] [Server thread/WARN] [net.minecraftforge.common.ForgeConfigSpec/CORE]: Incorrect key VelocimorphDamageSettings.boonDocBaseDamage was corrected from null to its default, 1.0. 
[29Mar2026 02:52:11.697] [Server thread/WARN] [net.minecraftforge.common.ForgeConfigSpec/CORE]: Incorrect key VelocimorphDamageSettings.boonDocWhiteBaseDamage was corrected from null to its default, 1.0. 
[29Mar2026 02:52:11.698] [Server thread/WARN] [net.minecraftforge.common.ForgeConfigSpec/CORE]: Incorrect key VelocimorphDamageSettings.bubbaleoneBaseDamage was corrected from null to its default, 2.0. 
[29Mar2026 02:52:11.698] [Server thread/WARN] [net.minecraftforge.common.ForgeConfigSpec/CORE]: Incorrect key VelocimorphDamageSettings.crystalydBaseDamage was corrected from null to its default, 2.5. 
[29Mar2026 02:52:11.699] [Server thread/WARN] [net.minecraftforge.common.ForgeConfigSpec/CORE]: Incorrect key VelocimorphDamageSettings.diggrixBaseDamage was corrected from null to its default, 2.5. 
[29Mar2026 02:52:11.700] [Server thread/WARN] [net.minecraftforge.common.ForgeConfigSpec/CORE]: Incorrect key VelocimorphDamageSettings.dirtUrchinBaseDamage was corrected from null to its default, 2.0. 
[29Mar2026 02:52:11.700] [Server thread/WARN] [net.minecraftforge.common.ForgeConfigSpec/CORE]: Incorrect key VelocimorphDamageSettings.enigmoBaseDamage was corrected from null to its default, 1.5. 
[29Mar2026 02:52:11.700] [Server thread/WARN] [net.minecraftforge.common.ForgeConfigSpec/CORE]: Incorrect key VelocimorphDamageSettings.fandangoBaseDamage was corrected from null to its default, 1.25. 
[29Mar2026 02:52:11.700] [Server thread/WARN] [net.minecraftforge.common.ForgeConfigSpec/CORE]: Incorrect key VelocimorphDamageSettings.flaringoBaseDamage was corrected from null to its default, 2.0. 
[29Mar2026 02:52:11.700] [Server thread/WARN] [net.minecraftforge.common.ForgeConfigSpec/CORE]: Incorrect key VelocimorphDamageSettings.flatulorhinkusBaseDamage was corrected from null to its default, 1.0. 
[29Mar2026 02:52:11.701] [Server thread/WARN] [net.minecraftforge.common.ForgeConfigSpec/CORE]: Incorrect key VelocimorphDamageSettings.flopperBaseDamage was corrected from null to its default, 1.5. 
[29Mar2026 02:52:11.702] [Server thread/WARN] [net.minecraftforge.common.ForgeConfigSpec/CORE]: Incorrect key VelocimorphDamageSettings.forgesmelterBaseDamage was corrected from null to its default, 3.0. 
[29Mar2026 02:52:11.702] [Server thread/WARN] [net.minecraftforge.common.ForgeConfigSpec/CORE]: Incorrect key VelocimorphDamageSettings.frightgeistBaseDamage was corrected from null to its default, 2.0. 
[29Mar2026 02:52:11.703] [Server thread/WARN] [net.minecraftforge.common.ForgeConfigSpec/CORE]: Incorrect key VelocimorphDamageSettings.frostcrawlerBaseDamage was corrected from null to its default, 2.0. 
[29Mar2026 02:52:11.704] [Server thread/WARN] [net.minecraftforge.common.ForgeConfigSpec/CORE]: Incorrect key VelocimorphDamageSettings.gazzerBaseDamage was corrected from null to its default, 2.0. 
[29Mar2026 02:52:11.704] [Server thread/WARN] [net.minecraftforge.common.ForgeConfigSpec/CORE]: Incorrect key VelocimorphDamageSettings.geoshardBaseDamage was corrected from null to its default, 2.5. 
[29Mar2026 02:52:11.705] [Server thread/WARN] [net.minecraftforge.common.ForgeConfigSpec/CORE]: Incorrect key VelocimorphDamageSettings.grenukeBaseDamage was corrected from null to its default, 2.5. 
[29Mar2026 02:52:11.705] [Server thread/WARN] [net.minecraftforge.common.ForgeConfigSpec/CORE]: Incorrect key VelocimorphDamageSettings.hexletBaseDamage was corrected from null to its default, 2.0. 
[29Mar2026 02:52:11.706] [Server thread/WARN] [net.minecraftforge.common.ForgeConfigSpec/CORE]: Incorrect key VelocimorphDamageSettings.hoprockBaseDamage was corrected from null to its default, 1.0. 
[29Mar2026 02:52:11.707] [Server thread/WARN] [net.minecraftforge.common.ForgeConfigSpec/CORE]: Incorrect key VelocimorphDamageSettings.hoverbugBaseDamage was corrected from null to its default, 1.0. 
[29Mar2026 02:52:11.707] [Server thread/WARN] [net.minecraftforge.common.ForgeConfigSpec/CORE]: Incorrect key VelocimorphDamageSettings.hypnogrifBaseDamage was corrected from null to its default, 2.0. 
[29Mar2026 02:52:11.707] [Server thread/WARN] [net.minecraftforge.common.ForgeConfigSpec/CORE]: Incorrect key VelocimorphDamageSettings.infurnusBaseDamage was corrected from null to its default, 3.0. 
[29Mar2026 02:52:11.707] [Server thread/WARN] [net.minecraftforge.common.ForgeConfigSpec/CORE]: Incorrect key VelocimorphDamageSettings.infurnusYellowBaseDamage was corrected from null to its default, 3.0. 
[29Mar2026 02:52:11.707] [Server thread/WARN] [net.minecraftforge.common.ForgeConfigSpec/CORE]: Incorrect key VelocimorphDamageSettings.jellyishBaseDamage was corrected from null to its default, 1.5. 
[29Mar2026 02:52:11.707] [Server thread/WARN] [net.minecraftforge.common.ForgeConfigSpec/CORE]: Incorrect key VelocimorphDamageSettings.lariatBaseDamage was corrected from null to its default, 1.5. 
[29Mar2026 02:52:11.707] [Server thread/WARN] [net.minecraftforge.common.ForgeConfigSpec/CORE]: Incorrect key VelocimorphDamageSettings.lavalynxBaseDamage was corrected from null to its default, 2.5. 
[29Mar2026 02:52:11.707] [Server thread/WARN] [net.minecraftforge.common.ForgeConfigSpec/CORE]: Incorrect key VelocimorphDamageSettings.makobreakerBaseDamage was corrected from null to its default, 3.0. 
[29Mar2026 02:52:11.709] [Server thread/WARN] [net.minecraftforge.common.ForgeConfigSpec/CORE]: Incorrect key VelocimorphDamageSettings.negashadeBaseDamage was corrected from null to its default, 2.25. 
[29Mar2026 02:52:11.710] [Server thread/WARN] [net.minecraftforge.common.ForgeConfigSpec/CORE]: Incorrect key VelocimorphDamageSettings.neotoxBaseDamage was corrected from null to its default, 1.5. 
[29Mar2026 02:52:11.711] [Server thread/WARN] [net.minecraftforge.common.ForgeConfigSpec/CORE]: Incorrect key VelocimorphDamageSettings.phosphoroBaseDamage was corrected from null to its default, 1.0. 
[29Mar2026 02:52:11.712] [Server thread/WARN] [net.minecraftforge.common.ForgeConfigSpec/CORE]: Incorrect key VelocimorphDamageSettings.pieperBaseDamage was corrected from null to its default, 2.5. 
[29Mar2026 02:52:11.712] [Server thread/WARN] [net.minecraftforge.common.ForgeConfigSpec/CORE]: Incorrect key VelocimorphDamageSettings.poleroBaseDamage was corrected from null to its default, 1.25. 
[29Mar2026 02:52:11.713] [Server thread/WARN] [net.minecraftforge.common.ForgeConfigSpec/CORE]: Incorrect key VelocimorphDamageSettings.rammstoneBaseDamage was corrected from null to its default, 5.0. 
[29Mar2026 02:52:11.713] [Server thread/WARN] [net.minecraftforge.common.ForgeConfigSpec/CORE]: Incorrect key VelocimorphDamageSettings.sandAnglerBaseDamage was corrected from null to its default, 2.25. 
[29Mar2026 02:52:11.714] [Server thread/WARN] [net.minecraftforge.common.ForgeConfigSpec/CORE]: Incorrect key VelocimorphDamageSettings.slicksilverBaseDamage was corrected from null to its default, 3.0. 
[29Mar2026 02:52:11.714] [Server thread/WARN] [net.minecraftforge.common.ForgeConfigSpec/CORE]: Incorrect key VelocimorphDamageSettings.slyrenBaseDamage was corrected from null to its default, 1.25. 
[29Mar2026 02:52:11.715] [Server thread/WARN] [net.minecraftforge.common.ForgeConfigSpec/CORE]: Incorrect key VelocimorphDamageSettings.speedstingerBaseDamage was corrected from null to its default, 4.0. 
[29Mar2026 02:52:11.715] [Server thread/WARN] [net.minecraftforge.common.ForgeConfigSpec/CORE]: Incorrect key VelocimorphDamageSettings.tazerlingBaseDamage was corrected from null to its default, 2.5. 
[29Mar2026 02:52:11.716] [Server thread/WARN] [net.minecraftforge.common.ForgeConfigSpec/CORE]: Incorrect key VelocimorphDamageSettings.thresherBaseDamage was corrected from null to its default, 4.5. 
[29Mar2026 02:52:11.716] [Server thread/WARN] [net.minecraftforge.common.ForgeConfigSpec/CORE]: Incorrect key VelocimorphDamageSettings.thuggletBaseDamage was corrected from null to its default, 2.25. 
[29Mar2026 02:52:11.717] [Server thread/WARN] [net.minecraftforge.common.ForgeConfigSpec/CORE]: Incorrect key VelocimorphDamageSettings.tormatoBaseDamage was corrected from null to its default, 1.25. 
[29Mar2026 02:52:11.717] [Server thread/WARN] [net.minecraftforge.common.ForgeConfigSpec/CORE]: Incorrect key VelocimorphDamageSettings.vinedrillBaseDamage was corrected from null to its default, 2.0. 
[29Mar2026 02:52:11.718] [Server thread/WARN] [net.minecraftforge.common.ForgeConfigSpec/CORE]: Incorrect key VelocimorphDamageSettings.xmitterBaseDamage was corrected from null to its default, 2.0. 
[29Mar2026 02:52:11.719] [Server thread/WARN] [net.minecraftforge.common.ForgeConfigSpec/CORE]: Incorrect key VelocimorphDamageSettings.damageMultiplierPerSecondLevel was corrected from null to its default, 1.2. 
[29Mar2026 02:52:11.722] [Server thread/WARN] [net.minecraftforge.common.ForgeConfigSpec/CORE]: Incorrect key TrustExpSettings was corrected from null to its default, SimpleCommentedConfig:{}. 
[29Mar2026 02:52:11.722] [Server thread/WARN] [net.minecraftforge.common.ForgeConfigSpec/CORE]: Incorrect key TrustExpSettings.passiveTrustGainInterval was corrected from null to its default, 20. 
[29Mar2026 02:52:11.723] [Server thread/WARN] [net.minecraftforge.common.ForgeConfigSpec/CORE]: Incorrect key TrustExpSettings.passiveTrustGainProbability was corrected from null to its default, 0.01. 
[29Mar2026 02:52:11.723] [Server thread/WARN] [net.minecraftforge.common.ForgeConfigSpec/CORE]: Incorrect key TrustExpSettings.trustLossMin was corrected from null to its default, 25. 
[29Mar2026 02:52:11.724] [Server thread/WARN] [net.minecraftforge.common.ForgeConfigSpec/CORE]: Incorrect key TrustExpSettings.trustLossMax was corrected from null to its default, 50. 
[29Mar2026 02:52:11.724] [Server thread/WARN] [net.minecraftforge.common.ForgeConfigSpec/CORE]: Incorrect key TrustExpSettings.trustLossOnOwnerHurtMin was corrected from null to its default, 10. 
[29Mar2026 02:52:11.725] [Server thread/WARN] [net.minecraftforge.common.ForgeConfigSpec/CORE]: Incorrect key TrustExpSettings.trustLossOnOwnerHurtMax was corrected from null to its default, 20. 
[29Mar2026 02:52:11.728] [Server thread/WARN] [net.minecraftforge.common.ForgeConfigSpec/CORE]: Incorrect key XPFoodSettings was corrected from null to its default, SimpleCommentedConfig:{}. 
[29Mar2026 02:52:11.728] [Server thread/WARN] [net.minecraftforge.common.ForgeConfigSpec/CORE]: Incorrect key XPFoodSettings.xpFoodGainProbability was corrected from null to its default, 0.15. 
[29Mar2026 02:52:11.729] [Server thread/WARN] [net.minecraftforge.common.ForgeConfigSpec/CORE]: Incorrect key XPFoodSettings.xpFoodMinGain was corrected from null to its default, 5. 
[29Mar2026 02:52:11.729] [Server thread/WARN] [net.minecraftforge.common.ForgeConfigSpec/CORE]: Incorrect key XPFoodSettings.xpFoodMaxGain was corrected from null to its default, 10. 
[29Mar2026 02:52:11.730] [Server thread/WARN] [net.minecraftforge.common.ForgeConfigSpec/CORE]: Incorrect key XPFoodSettings.xpFoodCombatLevelMultiplier was corrected from null to its default, 0.1. 
[29Mar2026 02:52:11.730] [Server thread/WARN] [net.minecraftforge.common.ForgeConfigSpec/CORE]: Incorrect key XPFoodSettings.combatCommonMinXp was corrected from null to its default, 5. 
[29Mar2026 02:52:11.730] [Server thread/WARN] [net.minecraftforge.common.ForgeConfigSpec/CORE]: Incorrect key XPFoodSettings.combatCommonMaxXp was corrected from null to its default, 10. 
[29Mar2026 02:52:11.730] [Server thread/WARN] [net.minecraftforge.common.ForgeConfigSpec/CORE]: Incorrect key XPFoodSettings.combatUncommonMinXp was corrected from null to its default, 15. 
[29Mar2026 02:52:11.730] [Server thread/WARN] [net.minecraftforge.common.ForgeConfigSpec/CORE]: Incorrect key XPFoodSettings.combatUncommonMaxXp was corrected from null to its default, 25. 
[29Mar2026 02:52:11.730] [Server thread/WARN] [net.minecraftforge.common.ForgeConfigSpec/CORE]: Incorrect key XPFoodSettings.combatRareMinXp was corrected from null to its default, 35. 
[29Mar2026 02:52:11.731] [Server thread/WARN] [net.minecraftforge.common.ForgeConfigSpec/CORE]: Incorrect key XPFoodSettings.combatRareMaxXp was corrected from null to its default, 50. 
[29Mar2026 02:52:11.731] [Server thread/WARN] [net.minecraftforge.common.ForgeConfigSpec/CORE]: Incorrect key XPFoodSettings.combatEpicMinXp was corrected from null to its default, 75. 
[29Mar2026 02:52:11.731] [Server thread/WARN] [net.minecraftforge.common.ForgeConfigSpec/CORE]: Incorrect key XPFoodSettings.combatEpicMaxXp was corrected from null to its default, 100. 
[29Mar2026 02:52:11.731] [Server thread/WARN] [net.minecraftforge.common.ForgeConfigSpec/CORE]: Incorrect key XPFoodSettings.combatLegendaryMinXp was corrected from null to its default, 200. 
[29Mar2026 02:52:11.733] [Server thread/WARN] [net.minecraftforge.common.ForgeConfigSpec/CORE]: Incorrect key XPFoodSettings.combatLegendaryMaxXp was corrected from null to its default, 250. 
[29Mar2026 02:52:11.733] [Server thread/WARN] [net.minecraftforge.common.ForgeConfigSpec/CORE]: Incorrect key XPFoodSettings.trustCommonMinXp was corrected from null to its default, 5. 
[29Mar2026 02:52:11.733] [Server thread/WARN] [net.minecraftforge.common.ForgeConfigSpec/CORE]: Incorrect key XPFoodSettings.trustCommonMaxXp was corrected from null to its default, 10. 
[29Mar2026 02:52:11.733] [Server thread/WARN] [net.minecraftforge.common.ForgeConfigSpec/CORE]: Incorrect key XPFoodSettings.trustUncommonMinXp was corrected from null to its default, 15. 
[29Mar2026 02:52:11.733] [Server thread/WARN] [net.minecraftforge.common.ForgeConfigSpec/CORE]: Incorrect key XPFoodSettings.trustUncommonMaxXp was corrected from null to its default, 25. 
[29Mar2026 02:52:11.733] [Server thread/WARN] [net.minecraftforge.common.ForgeConfigSpec/CORE]: Incorrect key XPFoodSettings.trustRareMinXp was corrected from null to its default, 35. 
[29Mar2026 02:52:11.734] [Server thread/WARN] [net.minecraftforge.common.ForgeConfigSpec/CORE]: Incorrect key XPFoodSettings.trustRareMaxXp was corrected from null to its default, 50. 
[29Mar2026 02:52:11.734] [Server thread/WARN] [net.minecraftforge.common.ForgeConfigSpec/CORE]: Incorrect key XPFoodSettings.trustEpicMinXp was corrected from null to its default, 75. 
[29Mar2026 02:52:11.735] [Server thread/WARN] [net.minecraftforge.common.ForgeConfigSpec/CORE]: Incorrect key XPFoodSettings.trustEpicMaxXp was corrected from null to its default, 100. 
[29Mar2026 02:52:11.735] [Server thread/WARN] [net.minecraftforge.common.ForgeConfigSpec/CORE]: Incorrect key XPFoodSettings.trustLegendaryMinXp was corrected from null to its default, 200. 
[29Mar2026 02:52:11.735] [Server thread/WARN] [net.minecraftforge.common.ForgeConfigSpec/CORE]: Incorrect key XPFoodSettings.trustLegendaryMaxXp was corrected from null to its default, 250. 
[29Mar2026 02:52:11.735] [Server thread/WARN] [net.minecraftforge.common.ForgeConfigSpec/CORE]: Incorrect key XPFoodSettings.minEatingTime was corrected from null to its default, 30. 
[29Mar2026 02:52:11.735] [Server thread/WARN] [net.minecraftforge.common.ForgeConfigSpec/CORE]: Incorrect key XPFoodSettings.maxEatingTime was corrected from null to its default, 45. 
[29Mar2026 02:52:11.736] [Server thread/WARN] [net.minecraftforge.common.ForgeConfigSpec/CORE]: Incorrect key XPFoodSettings.foodHealingPercent was corrected from null to its default, 0.25. 
[29Mar2026 02:52:11.737] [Server thread/WARN] [net.minecraftforge.common.ForgeConfigSpec/CORE]: Incorrect key SlugEntitySettings was corrected from null to its default, SimpleCommentedConfig:{}. 
[29Mar2026 02:52:11.738] [Server thread/WARN] [net.minecraftforge.common.ForgeConfigSpec/CORE]: Incorrect key SlugEntitySettings.ascendantMaxHealthBonus was corrected from null to its default, 20.0. 
[29Mar2026 02:52:11.738] [Server thread/WARN] [net.minecraftforge.common.ForgeConfigSpec/CORE]: Incorrect key SlugEntitySettings.patientSleepyMovementSpeed was corrected from null to its default, 0.19. 
[29Mar2026 02:52:11.738] [Server thread/WARN] [net.minecraftforge.common.ForgeConfigSpec/CORE]: Incorrect key SlugEntitySettings.gratefulGiftGivingChance was corrected from null to its default, 0.1. 
[29Mar2026 02:52:11.738] [Server thread/WARN] [net.minecraftforge.common.ForgeConfigSpec/CORE]: Incorrect key SlugEntitySettings.cravedFoodHealingAmount was corrected from null to its default, 4.0. 
[29Mar2026 02:52:11.738] [Server thread/WARN] [net.minecraftforge.common.ForgeConfigSpec/CORE]: Incorrect key SlugEntitySettings.luckyDamageAvoidanceChance was corrected from null to its default, 0.5. 
[29Mar2026 02:52:11.738] [Server thread/WARN] [net.minecraftforge.common.ForgeConfigSpec/CORE]: Incorrect key SlugEntitySettings.maxVerticalSpawnDistance was corrected from null to its default, 128.0. 
[29Mar2026 02:52:11.738] [Server thread/WARN] [net.minecraftforge.common.ForgeConfigSpec/CORE]: Incorrect key SlugEntitySettings.maleGenderProbability was corrected from null to its default, 0.5. 
[29Mar2026 02:52:11.740] [Server thread/WARN] [net.minecraftforge.common.ForgeConfigSpec/CORE]: Incorrect key GeneralEntityDespawnSettings was corrected from null to its default, SimpleCommentedConfig:{}. 
[29Mar2026 02:52:11.741] [Server thread/WARN] [net.minecraftforge.common.ForgeConfigSpec/CORE]: Incorrect key GeneralEntityDespawnSettings.generalNoPlayerDespawnTicks was corrected from null to its default, 600. 
[29Mar2026 02:52:11.741] [Server thread/WARN] [net.minecraftforge.common.ForgeConfigSpec/CORE]: Incorrect key GeneralEntityDespawnSettings.generalFarDespawnChance was corrected from null to its default, 0.01. 
[29Mar2026 02:52:11.741] [Server thread/WARN] [net.minecraftforge.common.ForgeConfigSpec/CORE]: Incorrect key GeneralEntityDespawnSettings.generalNearDespawnChance was corrected from null to its default, 0.0033. 
[29Mar2026 02:52:11.741] [Server thread/WARN] [net.minecraftforge.common.ForgeConfigSpec/CORE]: Incorrect key GeneralEntityDespawnSettings.generalFarDespawnRadius was corrected from null to its default, 64. 
[29Mar2026 02:52:11.741] [Server thread/WARN] [net.minecraftforge.common.ForgeConfigSpec/CORE]: Incorrect key GeneralEntityDespawnSettings.generalNearDespawnRadius was corrected from null to its default, 32. 
[29Mar2026 02:52:11.741] [Server thread/WARN] [net.minecraftforge.common.ForgeConfigSpec/CORE]: Incorrect key GeneralEntityDespawnSettings.generalPlayerSearchRadius was corrected from null to its default, 128. 
[29Mar2026 02:52:11.741] [Server thread/WARN] [net.minecraftforge.common.ForgeConfigSpec/CORE]: Incorrect key GeneralEntityDespawnSettings.generalVerticalDespawnRadius was corrected from null to its default, 64. 
[29Mar2026 02:52:11.743] [Server thread/WARN] [net.minecraftforge.common.ForgeConfigSpec/CORE]: Incorrect key SlugDespawnSettings was corrected from null to its default, SimpleCommentedConfig:{}. 
[29Mar2026 02:52:11.743] [Server thread/WARN] [net.minecraftforge.common.ForgeConfigSpec/CORE]: Incorrect key SlugDespawnSettings.slugNoPlayerDespawnTicks was corrected from null to its default, 600. 
[29Mar2026 02:52:11.743] [Server thread/WARN] [net.minecraftforge.common.ForgeConfigSpec/CORE]: Incorrect key SlugDespawnSettings.slugFarDespawnChance was corrected from null to its default, 0.01. 
[29Mar2026 02:52:11.743] [Server thread/WARN] [net.minecraftforge.common.ForgeConfigSpec/CORE]: Incorrect key SlugDespawnSettings.slugNearDespawnChance was corrected from null to its default, 0.0033. 
[29Mar2026 02:52:11.743] [Server thread/WARN] [net.minecraftforge.common.ForgeConfigSpec/CORE]: Incorrect key SlugDespawnSettings.slugFarDespawnRadius was corrected from null to its default, 64. 
[29Mar2026 02:52:11.743] [Server thread/WARN] [net.minecraftforge.common.ForgeConfigSpec/CORE]: Incorrect key SlugDespawnSettings.slugNearDespawnRadius was corrected from null to its default, 32. 
[29Mar2026 02:52:11.743] [Server thread/WARN] [net.minecraftforge.common.ForgeConfigSpec/CORE]: Incorrect key SlugDespawnSettings.slugPlayerSearchRadius was corrected from null to its default, 128. 
[29Mar2026 02:52:11.743] [Server thread/WARN] [net.minecraftforge.common.ForgeConfigSpec/CORE]: Incorrect key SlugDespawnSettings.slugVerticalDespawnRadius was corrected from null to its default, 64. 
[29Mar2026 02:52:11.747] [Server thread/WARN] [net.minecraftforge.common.ForgeConfigSpec/CORE]: Configuration file ./world/serverconfig/create-server.toml is not correct. Correcting
[29Mar2026 02:52:11.748] [Server thread/WARN] [net.minecraftforge.common.ForgeConfigSpec/CORE]: Incorrect key infrastructure was corrected from null to its default, SimpleCommentedConfig:{}. 
[29Mar2026 02:52:11.748] [Server thread/WARN] [net.minecraftforge.common.ForgeConfigSpec/CORE]: Incorrect key infrastructure.tickrateSyncTimer was corrected from null to its default, 20. 
[29Mar2026 02:52:11.749] [Server thread/WARN] [net.minecraftforge.common.ForgeConfigSpec/CORE]: Incorrect key recipes was corrected from null to its default, SimpleCommentedConfig:{}. 
[29Mar2026 02:52:11.750] [Server thread/WARN] [net.minecraftforge.common.ForgeConfigSpec/CORE]: Incorrect key recipes.bulkPressing was corrected from null to its default, false. 
[29Mar2026 02:52:11.750] [Server thread/WARN] [net.minecraftforge.common.ForgeConfigSpec/CORE]: Incorrect key recipes.bulkCutting was corrected from null to its default, false. 
[29Mar2026 02:52:11.751] [Server thread/WARN] [net.minecraftforge.common.ForgeConfigSpec/CORE]: Incorrect key recipes.allowBrewingInMixer was corrected from null to its default, true. 
[29Mar2026 02:52:11.751] [Server thread/WARN] [net.minecraftforge.common.ForgeConfigSpec/CORE]: Incorrect key recipes.allowShapelessInMixer was corrected from null to its default, true. 
[29Mar2026 02:52:11.751] [Server thread/WARN] [net.minecraftforge.common.ForgeConfigSpec/CORE]: Incorrect key recipes.allowShapedSquareInPress was corrected from null to its default, true. 
[29Mar2026 02:52:11.752] [Server thread/WARN] [net.minecraftforge.common.ForgeConfigSpec/CORE]: Incorrect key recipes.allowRegularCraftingInCrafter was corrected from null to its default, true. 
[29Mar2026 02:52:11.752] [Server thread/WARN] [net.minecraftforge.common.ForgeConfigSpec/CORE]: Incorrect key recipes.maxFireworkIngredientsInCrafter was corrected from null to its default, 9. 
[29Mar2026 02:52:11.752] [Server thread/WARN] [net.minecraftforge.common.ForgeConfigSpec/CORE]: Incorrect key recipes.allowStonecuttingOnSaw was corrected from null to its default, true. 
[29Mar2026 02:52:11.753] [Server thread/WARN] [net.minecraftforge.common.ForgeConfigSpec/CORE]: Incorrect key recipes.allowCastingBySpout was corrected from null to its default, true. 
[29Mar2026 02:52:11.753] [Server thread/WARN] [net.minecraftforge.common.ForgeConfigSpec/CORE]: Incorrect key recipes.displayLogStrippingRecipes was corrected from null to its default, true. 
[29Mar2026 02:52:11.754] [Server thread/WARN] [net.minecraftforge.common.ForgeConfigSpec/CORE]: Incorrect key recipes.lightSourceCountForRefinedRadiance was corrected from null to its default, 10. 
[29Mar2026 02:52:11.754] [Server thread/WARN] [net.minecraftforge.common.ForgeConfigSpec/CORE]: Incorrect key recipes.enableRefinedRadianceRecipe was corrected from null to its default, true. 
[29Mar2026 02:52:11.755] [Server thread/WARN] [net.minecraftforge.common.ForgeConfigSpec/CORE]: Incorrect key recipes.enableShadowSteelRecipe was corrected from null to its default, true. 
[29Mar2026 02:52:11.756] [Server thread/WARN] [net.minecraftforge.common.ForgeConfigSpec/CORE]: Incorrect key kinetics was corrected from null to its default, SimpleCommentedConfig:{}. 
[29Mar2026 02:52:11.757] [Server thread/WARN] [net.minecraftforge.common.ForgeConfigSpec/CORE]: Incorrect key kinetics.disableStress was corrected from null to its default, false. 
[29Mar2026 02:52:11.757] [Server thread/WARN] [net.minecraftforge.common.ForgeConfigSpec/CORE]: Incorrect key kinetics.maxBeltLength was corrected from null to its default, 20. 
[29Mar2026 02:52:11.757] [Server thread/WARN] [net.minecraftforge.common.ForgeConfigSpec/CORE]: Incorrect key kinetics.maxChainConveyorLength was corrected from null to its default, 32. 
[29Mar2026 02:52:11.757] [Server thread/WARN] [net.minecraftforge.common.ForgeConfigSpec/CORE]: Incorrect key kinetics.maxChainConveyorConnections was corrected from null to its default, 4. 
[29Mar2026 02:52:11.757] [Server thread/WARN] [net.minecraftforge.common.ForgeConfigSpec/CORE]: Incorrect key kinetics.crushingDamage was corrected from null to its default, 4. 
[29Mar2026 02:52:11.758] [Server thread/WARN] [net.minecraftforge.common.ForgeConfigSpec/CORE]: Incorrect key kinetics.maxRotationSpeed was corrected from null to its default, 256. 
[29Mar2026 02:52:11.758] [Server thread/WARN] [net.minecraftforge.common.ForgeConfigSpec/CORE]: Incorrect key kinetics.ignoreDeployerAttacks was corrected from null to its default, CREEPERS. 
[29Mar2026 02:52:11.758] [Server thread/WARN] [net.minecraftforge.common.ForgeConfigSpec/CORE]: Incorrect key kinetics.kineticValidationFrequency was corrected from null to its default, 60. 
[29Mar2026 02:52:11.758] [Server thread/WARN] [net.minecraftforge.common.ForgeConfigSpec/CORE]: Incorrect key kinetics.crankHungerMultiplier was corrected from null to its default, 0.009999999776482582. 
[29Mar2026 02:52:11.758] [Server thread/WARN] [net.minecraftforge.common.ForgeConfigSpec/CORE]: Incorrect key kinetics.minimumWindmillSails was corrected from null to its default, 8. 
[29Mar2026 02:52:11.759] [Server thread/WARN] [net.minecraftforge.common.ForgeConfigSpec/CORE]: Incorrect key kinetics.windmillSailsPerRPM was corrected from null to its default, 8. 
[29Mar2026 02:52:11.759] [Server thread/WARN] [net.minecraftforge.common.ForgeConfigSpec/CORE]: Incorrect key kinetics.maxEjectorDistance was corrected from null to its default, 32. 
[29Mar2026 02:52:11.759] [Server thread/WARN] [net.minecraftforge.common.ForgeConfigSpec/CORE]: Incorrect key kinetics.ejectorScanInterval was corrected from null to its default, 120. 
[29Mar2026 02:52:11.759] [Server thread/WARN] [net.minecraftforge.common.ForgeConfigSpec/CORE]: Incorrect key kinetics.encasedFan was corrected from null to its default, SimpleCommentedConfig:{}. 
[29Mar2026 02:52:11.759] [Server thread/WARN] [net.minecraftforge.common.ForgeConfigSpec/CORE]: Incorrect key kinetics.encasedFan.fanPushDistance was corrected from null to its default, 20. 
[29Mar2026 02:52:11.759] [Server thread/WARN] [net.minecraftforge.common.ForgeConfigSpec/CORE]: Incorrect key kinetics.encasedFan.fanPullDistance was corrected from null to its default, 20. 
[29Mar2026 02:52:11.760] [Server thread/WARN] [net.minecraftforge.common.ForgeConfigSpec/CORE]: Incorrect key kinetics.encasedFan.fanBlockCheckRate was corrected from null to its default, 30. 
[29Mar2026 02:52:11.760] [Server thread/WARN] [net.minecraftforge.common.ForgeConfigSpec/CORE]: Incorrect key kinetics.encasedFan.fanRotationArgmax was corrected from null to its default, 256. 
[29Mar2026 02:52:11.760] [Server thread/WARN] [net.minecraftforge.common.ForgeConfigSpec/CORE]: Incorrect key kinetics.encasedFan.fanProcessingTime was corrected from null to its default, 150. 
[29Mar2026 02:52:11.760] [Server thread/WARN] [net.minecraftforge.common.ForgeConfigSpec/CORE]: Incorrect key kinetics.contraptions was corrected from null to its default, SimpleCommentedConfig:{}. 
[29Mar2026 02:52:11.760] [Server thread/WARN] [net.minecraftforge.common.ForgeConfigSpec/CORE]: Incorrect key kinetics.contraptions.maxBlocksMoved was corrected from null to its default, 2048. 
[29Mar2026 02:52:11.760] [Server thread/WARN] [net.minecraftforge.common.ForgeConfigSpec/CORE]: Incorrect key kinetics.contraptions.maxChassisRange was corrected from null to its default, 16. 
[29Mar2026 02:52:11.760] [Server thread/WARN] [net.minecraftforge.common.ForgeConfigSpec/CORE]: Incorrect key kinetics.contraptions.maxPistonPoles was corrected from null to its default, 64. 
[29Mar2026 02:52:11.761] [Server thread/WARN] [net.minecraftforge.common.ForgeConfigSpec/CORE]: Incorrect key kinetics.contraptions.maxRopeLength was corrected from null to its default, 384. 
[29Mar2026 02:52:11.761] [Server thread/WARN] [net.minecraftforge.common.ForgeConfigSpec/CORE]: Incorrect key kinetics.contraptions.maxCartCouplingLength was corrected from null to its default, 32. 
[29Mar2026 02:52:11.761] [Server thread/WARN] [net.minecraftforge.common.ForgeConfigSpec/CORE]: Incorrect key kinetics.contraptions.rollerFillDepth was corrected from null to its default, 12. 
[29Mar2026 02:52:11.761] [Server thread/WARN] [net.minecraftforge.common.ForgeConfigSpec/CORE]: Incorrect key kinetics.contraptions.survivalContraptionPickup was corrected from null to its default, true. 
[29Mar2026 02:52:11.761] [Server thread/WARN] [net.minecraftforge.common.ForgeConfigSpec/CORE]: Incorrect key kinetics.contraptions.movableSpawners was corrected from null to its default, NO_PICKUP. 
[29Mar2026 02:52:11.762] [Server thread/WARN] [net.minecraftforge.common.ForgeConfigSpec/CORE]: Incorrect key kinetics.contraptions.amethystMovement was corrected from null to its default, NO_PICKUP. 
[29Mar2026 02:52:11.762] [Server thread/WARN] [net.minecraftforge.common.ForgeConfigSpec/CORE]: Incorrect key kinetics.contraptions.movableObsidian was corrected from null to its default, UNMOVABLE. 
[29Mar2026 02:52:11.762] [Server thread/WARN] [net.minecraftforge.common.ForgeConfigSpec/CORE]: Incorrect key kinetics.contraptions.movableReinforcedDeepslate was corrected from null to its default, UNMOVABLE. 
[29Mar2026 02:52:11.762] [Server thread/WARN] [net.minecraftforge.common.ForgeConfigSpec/CORE]: Incorrect key kinetics.contraptions.moveItemsToStorage was corrected from null to its default, true. 
[29Mar2026 02:52:11.762] [Server thread/WARN] [net.minecraftforge.common.ForgeConfigSpec/CORE]: Incorrect key kinetics.contraptions.harvestPartiallyGrown was corrected from null to its default, false. 
[29Mar2026 02:52:11.762] [Server thread/WARN] [net.minecraftforge.common.ForgeConfigSpec/CORE]: Incorrect key kinetics.contraptions.harvesterReplants was corrected from null to its default, true. 
[29Mar2026 02:52:11.762] [Server thread/WARN] [net.minecraftforge.common.ForgeConfigSpec/CORE]: Incorrect key kinetics.contraptions.minecartContraptionInContainers was corrected from null to its default, false. 
[29Mar2026 02:52:11.763] [Server thread/WARN] [net.minecraftforge.common.ForgeConfigSpec/CORE]: Incorrect key kinetics.contraptions.stabiliseStableContraptions was corrected from null to its default, false. 
[29Mar2026 02:52:11.763] [Server thread/WARN] [net.minecraftforge.common.ForgeConfigSpec/CORE]: Incorrect key kinetics.contraptions.syncPlayerPickupHitboxWithContraptionHitbox was corrected from null to its default, false. 
[29Mar2026 02:52:11.763] [Server thread/WARN] [net.minecraftforge.common.ForgeConfigSpec/CORE]: Incorrect key kinetics.stats was corrected from null to its default, SimpleCommentedConfig:{}. 
[29Mar2026 02:52:11.763] [Server thread/WARN] [net.minecraftforge.common.ForgeConfigSpec/CORE]: Incorrect key kinetics.stats.mediumSpeed was corrected from null to its default, 30.0. 
[29Mar2026 02:52:11.763] [Server thread/WARN] [net.minecraftforge.common.ForgeConfigSpec/CORE]: Incorrect key kinetics.stats.fastSpeed was corrected from null to its default, 100.0. 
[29Mar2026 02:52:11.763] [Server thread/WARN] [net.minecraftforge.common.ForgeConfigSpec/CORE]: Incorrect key kinetics.stats.mediumStressImpact was corrected from null to its default, 4.0. 
[29Mar2026 02:52:11.763] [Server thread/WARN] [net.minecraftforge.common.ForgeConfigSpec/CORE]: Incorrect key kinetics.stats.highStressImpact was corrected from null to its default, 8.0. 
[29Mar2026 02:52:11.763] [Server thread/WARN] [net.minecraftforge.common.ForgeConfigSpec/CORE]: Incorrect key kinetics.stats.mediumCapacity was corrected from null to its default, 256.0. 
[29Mar2026 02:52:11.763] [Server thread/WARN] [net.minecraftforge.common.ForgeConfigSpec/CORE]: Incorrect key kinetics.stats.highCapacity was corrected from null to its default, 1024.0. 
[29Mar2026 02:52:11.763] [Server thread/WARN] [net.minecraftforge.common.ForgeConfigSpec/CORE]: Incorrect key kinetics.stressValues was corrected from null to its default, SimpleCommentedConfig:{}. 
[29Mar2026 02:52:11.763] [Server thread/WARN] [net.minecraftforge.common.ForgeConfigSpec/CORE]: Incorrect key kinetics.stressValues.v2 was corrected from null to its default, SimpleCommentedConfig:{}. 
[29Mar2026 02:52:11.763] [Server thread/WARN] [net.minecraftforge.common.ForgeConfigSpec/CORE]: Incorrect key kinetics.stressValues.v2.impact was corrected from null to its default, SimpleCommentedConfig:{}. 
[29Mar2026 02:52:11.764] [Server thread/WARN] [net.minecraftforge.common.ForgeConfigSpec/CORE]: Incorrect key kinetics.stressValues.v2.impact.brass_encased_shaft was corrected from null to its default, 0.0. 
[29Mar2026 02:52:11.764] [Server thread/WARN] [net.minecraftforge.common.ForgeConfigSpec/CORE]: Incorrect key kinetics.stressValues.v2.impact.turntable was corrected from null to its default, 4.0. 
[29Mar2026 02:52:11.764] [Server thread/WARN] [net.minecraftforge.common.ForgeConfigSpec/CORE]: Incorrect key kinetics.stressValues.v2.impact.clutch was corrected from null to its default, 0.0. 
[29Mar2026 02:52:11.764] [Server thread/WARN] [net.minecraftforge.common.ForgeConfigSpec/CORE]: Incorrect key kinetics.stressValues.v2.impact.mechanical_mixer was corrected from null to its default, 4.0. 
[29Mar2026 02:52:11.764] [Server thread/WARN] [net.minecraftforge.common.ForgeConfigSpec/CORE]: Incorrect key kinetics.stressValues.v2.impact.gearbox was corrected from null to its default, 0.0. 
[29Mar2026 02:52:11.764] [Server thread/WARN] [net.minecraftforge.common.ForgeConfigSpec/CORE]: Incorrect key kinetics.stressValues.v2.impact.mechanical_bearing was corrected from null to its default, 4.0. 
[29Mar2026 02:52:11.764] [Server thread/WARN] [net.minecraftforge.common.ForgeConfigSpec/CORE]: Incorrect key kinetics.stressValues.v2.impact.copper_backtank was corrected from null to its default, 4.0. 
[29Mar2026 02:52:11.764] [Server thread/WARN] [net.minecraftforge.common.ForgeConfigSpec/CORE]: Incorrect key kinetics.stressValues.v2.impact.hose_pulley was corrected from null to its default, 4.0. 
[29Mar2026 02:52:11.764] [Server thread/WARN] [net.minecraftforge.common.ForgeConfigSpec/CORE]: Incorrect key kinetics.stressValues.v2.impact.display_board was corrected from null to its default, 0.0. 
[29Mar2026 02:52:11.764] [Server thread/WARN] [net.minecraftforge.common.ForgeConfigSpec/CORE]: Incorrect key kinetics.stressValues.v2.impact.crushing_wheel was corrected from null to its default, 8.0. 
[29Mar2026 02:52:11.764] [Server thread/WARN] [net.minecraftforge.common.ForgeConfigSpec/CORE]: Incorrect key kinetics.stressValues.v2.impact.adjustable_chain_gearshift was corrected from null to its default, 0.0. 
[29Mar2026 02:52:11.764] [Server thread/WARN] [net.minecraftforge.common.ForgeConfigSpec/CORE]: Incorrect key kinetics.stressValues.v2.impact.millstone was corrected from null to its default, 4.0. 
[29Mar2026 02:52:11.764] [Server thread/WARN] [net.minecraftforge.common.ForgeConfigSpec/CORE]: Incorrect key kinetics.stressValues.v2.impact.rotation_speed_controller was corrected from null to its default, 0.0. 
[29Mar2026 02:52:11.764] [Server thread/WARN] [net.minecraftforge.common.ForgeConfigSpec/CORE]: Incorrect key kinetics.stressValues.v2.impact.sticky_mechanical_piston was corrected from null to its default, 4.0. 
[29Mar2026 02:52:11.764] [Server thread/WARN] [net.minecraftforge.common.ForgeConfigSpec/CORE]: Incorrect key kinetics.stressValues.v2.impact.mechanical_crafter was corrected from null to its default, 2.0. 
[29Mar2026 02:52:11.764] [Server thread/WARN] [net.minecraftforge.common.ForgeConfigSpec/CORE]: Incorrect key kinetics.stressValues.v2.impact.deployer was corrected from null to its default, 4.0. 
[29Mar2026 02:52:11.765] [Server thread/WARN] [net.minecraftforge.common.ForgeConfigSpec/CORE]: Incorrect key kinetics.stressValues.v2.impact.elevator_pulley was corrected from null to its default, 4.0. 
[29Mar2026 02:52:11.765] [Server thread/WARN] [net.minecraftforge.common.ForgeConfigSpec/CORE]: Incorrect key kinetics.stressValues.v2.impact.stressometer was corrected from null to its default, 0.0. 
[29Mar2026 02:52:11.765] [Server thread/WARN] [net.minecraftforge.common.ForgeConfigSpec/CORE]: Incorrect key kinetics.stressValues.v2.impact.cogwheel was corrected from null to its default, 0.0. 
[29Mar2026 02:52:11.765] [Server thread/WARN] [net.minecraftforge.common.ForgeConfigSpec/CORE]: Incorrect key kinetics.stressValues.v2.impact.encased_chain_drive was corrected from null to its default, 0.0. 
[29Mar2026 02:52:11.765] [Server thread/WARN] [net.minecraftforge.common.ForgeConfigSpec/CORE]: Incorrect key kinetics.stressValues.v2.impact.belt was corrected from null to its default, 0.0. 
[29Mar2026 02:52:11.765] [Server thread/WARN] [net.minecraftforge.common.ForgeConfigSpec/CORE]: Incorrect key kinetics.stressValues.v2.impact.brass_encased_large_cogwheel was corrected from null to its default, 0.0. 
[29Mar2026 02:52:11.765] [Server thread/WARN] [net.minecraftforge.common.ForgeConfigSpec/CORE]: Incorrect key kinetics.stressValues.v2.impact.weighted_ejector was corrected from null to its default, 2.0. 
[29Mar2026 02:52:11.766] [Server thread/WARN] [net.minecraftforge.common.ForgeConfigSpec/CORE]: Incorrect key kinetics.stressValues.v2.impact.chain_conveyor was corrected from null to its default, 1.0. 
[29Mar2026 02:52:11.766] [Server thread/WARN] [net.minecraftforge.common.ForgeConfigSpec/CORE]: Incorrect key kinetics.stressValues.v2.impact.mechanical_saw was corrected from null to its default, 4.0. 
[29Mar2026 02:52:11.766] [Server thread/WARN] [net.minecraftforge.common.ForgeConfigSpec/CORE]: Incorrect key kinetics.stressValues.v2.impact.flywheel was corrected from null to its default, 0.0. 
[29Mar2026 02:52:11.766] [Server thread/WARN] [net.minecraftforge.common.ForgeConfigSpec/CORE]: Incorrect key kinetics.stressValues.v2.impact.mechanical_piston was corrected from null to its default, 4.0. 
[29Mar2026 02:52:11.766] [Server thread/WARN] [net.minecraftforge.common.ForgeConfigSpec/CORE]: Incorrect key kinetics.stressValues.v2.impact.speedometer was corrected from null to its default, 0.0. 
[29Mar2026 02:52:11.766] [Server thread/WARN] [net.minecraftforge.common.ForgeConfigSpec/CORE]: Incorrect key kinetics.stressValues.v2.impact.brass_encased_cogwheel was corrected from null to its default, 0.0. 
[29Mar2026 02:52:11.766] [Server thread/WARN] [net.minecraftforge.common.ForgeConfigSpec/CORE]: Incorrect key kinetics.stressValues.v2.impact.clockwork_bearing was corrected from null to its default, 4.0. 
[29Mar2026 02:52:11.766] [Server thread/WARN] [net.minecraftforge.common.ForgeConfigSpec/CORE]: Incorrect key kinetics.stressValues.v2.impact.mechanical_press was corrected from null to its default, 8.0. 
[29Mar2026 02:52:11.767] [Server thread/WARN] [net.minecraftforge.common.ForgeConfigSpec/CORE]: Incorrect key kinetics.stressValues.v2.impact.mechanical_drill was corrected from null to its default, 4.0. 
[29Mar2026 02:52:11.767] [Server thread/WARN] [net.minecraftforge.common.ForgeConfigSpec/CORE]: Incorrect key kinetics.stressValues.v2.impact.andesite_encased_shaft was corrected from null to its default, 0.0. 
[29Mar2026 02:52:11.767] [Server thread/WARN] [net.minecraftforge.common.ForgeConfigSpec/CORE]: Incorrect key kinetics.stressValues.v2.impact.netherite_backtank was corrected from null to its default, 4.0. 
[29Mar2026 02:52:11.767] [Server thread/WARN] [net.minecraftforge.common.ForgeConfigSpec/CORE]: Incorrect key kinetics.stressValues.v2.impact.mechanical_arm was corrected from null to its default, 2.0. 
[29Mar2026 02:52:11.767] [Server thread/WARN] [net.minecraftforge.common.ForgeConfigSpec/CORE]: Incorrect key kinetics.stressValues.v2.impact.sequenced_gearshift was corrected from null to its default, 0.0. 
[29Mar2026 02:52:11.767] [Server thread/WARN] [net.minecraftforge.common.ForgeConfigSpec/CORE]: Incorrect key kinetics.stressValues.v2.impact.andesite_encased_large_cogwheel was corrected from null to its default, 0.0. 
[29Mar2026 02:52:11.767] [Server thread/WARN] [net.minecraftforge.common.ForgeConfigSpec/CORE]: Incorrect key kinetics.stressValues.v2.impact.shaft was corrected from null to its default, 0.0. 
[29Mar2026 02:52:11.768] [Server thread/WARN] [net.minecraftforge.common.ForgeConfigSpec/CORE]: Incorrect key kinetics.stressValues.v2.impact.cuckoo_clock was corrected from null to its default, 1.0. 
[29Mar2026 02:52:11.768] [Server thread/WARN] [net.minecraftforge.common.ForgeConfigSpec/CORE]: Incorrect key kinetics.stressValues.v2.impact.gearshift was corrected from null to its default, 0.0. 
[29Mar2026 02:52:11.768] [Server thread/WARN] [net.minecraftforge.common.ForgeConfigSpec/CORE]: Incorrect key kinetics.stressValues.v2.impact.rope_pulley was corrected from null to its default, 4.0. 
[29Mar2026 02:52:11.768] [Server thread/WARN] [net.minecraftforge.common.ForgeConfigSpec/CORE]: Incorrect key kinetics.stressValues.v2.impact.andesite_encased_cogwheel was corrected from null to its default, 0.0. 
[29Mar2026 02:52:11.768] [Server thread/WARN] [net.minecraftforge.common.ForgeConfigSpec/CORE]: Incorrect key kinetics.stressValues.v2.impact.large_cogwheel was corrected from null to its default, 0.0. 
[29Mar2026 02:52:11.768] [Server thread/WARN] [net.minecraftforge.common.ForgeConfigSpec/CORE]: Incorrect key kinetics.stressValues.v2.impact.encased_fan was corrected from null to its default, 2.0. 
[29Mar2026 02:52:11.768] [Server thread/WARN] [net.minecraftforge.common.ForgeConfigSpec/CORE]: Incorrect key kinetics.stressValues.v2.impact.mysterious_cuckoo_clock was corrected from null to its default, 1.0. 
[29Mar2026 02:52:11.769] [Server thread/WARN] [net.minecraftforge.common.ForgeConfigSpec/CORE]: Incorrect key kinetics.stressValues.v2.impact.gantry_shaft was corrected from null to its default, 0.0. 
[29Mar2026 02:52:11.769] [Server thread/WARN] [net.minecraftforge.common.ForgeConfigSpec/CORE]: Incorrect key kinetics.stressValues.v2.impact.mechanical_pump was corrected from null to its default, 4.0. 
[29Mar2026 02:52:11.769] [Server thread/WARN] [net.minecraftforge.common.ForgeConfigSpec/CORE]: Incorrect key kinetics.stressValues.v2.capacity was corrected from null to its default, SimpleCommentedConfig:{}. 
[29Mar2026 02:52:11.769] [Server thread/WARN] [net.minecraftforge.common.ForgeConfigSpec/CORE]: Incorrect key kinetics.stressValues.v2.capacity.steam_engine was corrected from null to its default, 1024.0. 
[29Mar2026 02:52:11.769] [Server thread/WARN] [net.minecraftforge.common.ForgeConfigSpec/CORE]: Incorrect key kinetics.stressValues.v2.capacity.water_wheel was corrected from null to its default, 32.0. 
[29Mar2026 02:52:11.769] [Server thread/WARN] [net.minecraftforge.common.ForgeConfigSpec/CORE]: Incorrect key kinetics.stressValues.v2.capacity.copper_valve_handle was corrected from null to its default, 8.0. 
[29Mar2026 02:52:11.769] [Server thread/WARN] [net.minecraftforge.common.ForgeConfigSpec/CORE]: Incorrect key kinetics.stressValues.v2.capacity.hand_crank was corrected from null to its default, 8.0. 
[29Mar2026 02:52:11.770] [Server thread/WARN] [net.minecraftforge.common.ForgeConfigSpec/CORE]: Incorrect key kinetics.stressValues.v2.capacity.creative_motor was corrected from null to its default, 16384.0. 
[29Mar2026 02:52:11.770] [Server thread/WARN] [net.minecraftforge.common.ForgeConfigSpec/CORE]: Incorrect key kinetics.stressValues.v2.capacity.large_water_wheel was corrected from null to its default, 128.0. 
[29Mar2026 02:52:11.770] [Server thread/WARN] [net.minecraftforge.common.ForgeConfigSpec/CORE]: Incorrect key kinetics.stressValues.v2.capacity.windmill_bearing was corrected from null to its default, 512.0. 
[29Mar2026 02:52:11.771] [Server thread/WARN] [net.minecraftforge.common.ForgeConfigSpec/CORE]: Incorrect key fluids was corrected from null to its default, SimpleCommentedConfig:{}. 
[29Mar2026 02:52:11.771] [Server thread/WARN] [net.minecraftforge.common.ForgeConfigSpec/CORE]: Incorrect key fluids.fluidTankCapacity was corrected from null to its default, 8. 
[29Mar2026 02:52:11.772] [Server thread/WARN] [net.minecraftforge.common.ForgeConfigSpec/CORE]: Incorrect key fluids.fluidTankMaxHeight was corrected from null to its default, 32. 
[29Mar2026 02:52:11.772] [Server thread/WARN] [net.minecraftforge.common.ForgeConfigSpec/CORE]: Incorrect key fluids.mechanicalPumpRange was corrected from null to its default, 16. 
[29Mar2026 02:52:11.772] [Server thread/WARN] [net.minecraftforge.common.ForgeConfigSpec/CORE]: Incorrect key fluids.hosePulleyRange was corrected from null to its default, 128. 
[29Mar2026 02:52:11.773] [Server thread/WARN] [net.minecraftforge.common.ForgeConfigSpec/CORE]: Incorrect key fluids.hosePulleyBlockThreshold was corrected from null to its default, 10000. 
[29Mar2026 02:52:11.773] [Server thread/WARN] [net.minecraftforge.common.ForgeConfigSpec/CORE]: Incorrect key fluids.fillInfinite was corrected from null to its default, false. 
[29Mar2026 02:52:11.773] [Server thread/WARN] [net.minecraftforge.common.ForgeConfigSpec/CORE]: Incorrect key fluids.bottomlessFluidMode was corrected from null to its default, ALLOW_BY_TAG. 
[29Mar2026 02:52:11.773] [Server thread/WARN] [net.minecraftforge.common.ForgeConfigSpec/CORE]: Incorrect key fluids.fluidFillPlaceFluidSourceBlocks was corrected from null to its default, true. 
[29Mar2026 02:52:11.773] [Server thread/WARN] [net.minecraftforge.common.ForgeConfigSpec/CORE]: Incorrect key fluids.pipesPlaceFluidSourceBlocks was corrected from null to its default, true. 
[29Mar2026 02:52:11.775] [Server thread/WARN] [net.minecraftforge.common.ForgeConfigSpec/CORE]: Incorrect key logistics was corrected from null to its default, SimpleCommentedConfig:{}. 
[29Mar2026 02:52:11.775] [Server thread/WARN] [net.minecraftforge.common.ForgeConfigSpec/CORE]: Incorrect key logistics.defaultExtractionTimer was corrected from null to its default, 8. 
[29Mar2026 02:52:11.775] [Server thread/WARN] [net.minecraftforge.common.ForgeConfigSpec/CORE]: Incorrect key logistics.psiTimeout was corrected from null to its default, 60. 
[29Mar2026 02:52:11.775] [Server thread/WARN] [net.minecraftforge.common.ForgeConfigSpec/CORE]: Incorrect key logistics.mechanicalArmRange was corrected from null to its default, 5. 
[29Mar2026 02:52:11.776] [Server thread/WARN] [net.minecraftforge.common.ForgeConfigSpec/CORE]: Incorrect key logistics.packagePortRange was corrected from null to its default, 5. 
[29Mar2026 02:52:11.776] [Server thread/WARN] [net.minecraftforge.common.ForgeConfigSpec/CORE]: Incorrect key logistics.linkRange was corrected from null to its default, 256. 
[29Mar2026 02:52:11.776] [Server thread/WARN] [net.minecraftforge.common.ForgeConfigSpec/CORE]: Incorrect key logistics.displayLinkRange was corrected from null to its default, 64. 
[29Mar2026 02:52:11.776] [Server thread/WARN] [net.minecraftforge.common.ForgeConfigSpec/CORE]: Incorrect key logistics.vaultCapacity was corrected from null to its default, 20. 
[29Mar2026 02:52:11.776] [Server thread/WARN] [net.minecraftforge.common.ForgeConfigSpec/CORE]: Incorrect key logistics.chainConveyorCapacity was corrected from null to its default, 20. 
[29Mar2026 02:52:11.777] [Server thread/WARN] [net.minecraftforge.common.ForgeConfigSpec/CORE]: Incorrect key logistics.brassTunnelTimer was corrected from null to its default, 10. 
[29Mar2026 02:52:11.777] [Server thread/WARN] [net.minecraftforge.common.ForgeConfigSpec/CORE]: Incorrect key logistics.factoryGaugeTimer was corrected from null to its default, 100. 
[29Mar2026 02:52:11.777] [Server thread/WARN] [net.minecraftforge.common.ForgeConfigSpec/CORE]: Incorrect key logistics.seatHostileMobs was corrected from null to its default, true. 
[29Mar2026 02:52:11.778] [Server thread/WARN] [net.minecraftforge.common.ForgeConfigSpec/CORE]: Incorrect key schematics was corrected from null to its default, SimpleCommentedConfig:{}. 
[29Mar2026 02:52:11.778] [Server thread/WARN] [net.minecraftforge.common.ForgeConfigSpec/CORE]: Incorrect key schematics.creativePrintIncludesAir was corrected from null to its default, false. 
[29Mar2026 02:52:11.779] [Server thread/WARN] [net.minecraftforge.common.ForgeConfigSpec/CORE]: Incorrect key schematics.maxSchematics was corrected from null to its default, 10. 
[29Mar2026 02:52:11.779] [Server thread/WARN] [net.minecraftforge.common.ForgeConfigSpec/CORE]: Incorrect key schematics.maxTotalSchematicSize was corrected from null to its default, 256. 
[29Mar2026 02:52:11.779] [Server thread/WARN] [net.minecraftforge.common.ForgeConfigSpec/CORE]: Incorrect key schematics.maxSchematicPacketSize was corrected from null to its default, 1024. 
[29Mar2026 02:52:11.779] [Server thread/WARN] [net.minecraftforge.common.ForgeConfigSpec/CORE]: Incorrect key schematics.schematicIdleTimeout was corrected from null to its default, 600. 
[29Mar2026 02:52:11.779] [Server thread/WARN] [net.minecraftforge.common.ForgeConfigSpec/CORE]: Incorrect key schematics.schematicannon was corrected from null to its default, SimpleCommentedConfig:{}. 
[29Mar2026 02:52:11.780] [Server thread/WARN] [net.minecraftforge.common.ForgeConfigSpec/CORE]: Incorrect key schematics.schematicannon.schematicannonDelay was corrected from null to its default, 10. 
[29Mar2026 02:52:11.780] [Server thread/WARN] [net.minecraftforge.common.ForgeConfigSpec/CORE]: Incorrect key schematics.schematicannon.schematicannonShotsPerGunpowder was corrected from null to its default, 400. 
[29Mar2026 02:52:11.781] [Server thread/WARN] [net.minecraftforge.common.ForgeConfigSpec/CORE]: Incorrect key equipment was corrected from null to its default, SimpleCommentedConfig:{}. 
[29Mar2026 02:52:11.781] [Server thread/WARN] [net.minecraftforge.common.ForgeConfigSpec/CORE]: Incorrect key equipment.maxSymmetryWandRange was corrected from null to its default, 50. 
[29Mar2026 02:52:11.781] [Server thread/WARN] [net.minecraftforge.common.ForgeConfigSpec/CORE]: Incorrect key equipment.placementAssistRange was corrected from null to its default, 12. 
[29Mar2026 02:52:11.782] [Server thread/WARN] [net.minecraftforge.common.ForgeConfigSpec/CORE]: Incorrect key equipment.toolboxRange was corrected from null to its default, 10. 
[29Mar2026 02:52:11.782] [Server thread/WARN] [net.minecraftforge.common.ForgeConfigSpec/CORE]: Incorrect key equipment.airInBacktank was corrected from null to its default, 900. 
[29Mar2026 02:52:11.782] [Server thread/WARN] [net.minecraftforge.common.ForgeConfigSpec/CORE]: Incorrect key equipment.enchantedBacktankCapacity was corrected from null to its default, 300. 
[29Mar2026 02:52:11.782] [Server thread/WARN] [net.minecraftforge.common.ForgeConfigSpec/CORE]: Incorrect key equipment.maxExtendoGripActions was corrected from null to its default, 1000. 
[29Mar2026 02:52:11.782] [Server thread/WARN] [net.minecraftforge.common.ForgeConfigSpec/CORE]: Incorrect key equipment.maxPotatoCannonShots was corrected from null to its default, 200. 
[29Mar2026 02:52:11.784] [Server thread/WARN] [net.minecraftforge.common.ForgeConfigSpec/CORE]: Incorrect key trains was corrected from null to its default, SimpleCommentedConfig:{}. 
[29Mar2026 02:52:11.784] [Server thread/WARN] [net.minecraftforge.common.ForgeConfigSpec/CORE]: Incorrect key trains.trainsCauseDamage was corrected from null to its default, true. 
[29Mar2026 02:52:11.784] [Server thread/WARN] [net.minecraftforge.common.ForgeConfigSpec/CORE]: Incorrect key trains.maxTrackPlacementLength was corrected from null to its default, 32. 
[29Mar2026 02:52:11.784] [Server thread/WARN] [net.minecraftforge.common.ForgeConfigSpec/CORE]: Incorrect key trains.maxAssemblyLength was corrected from null to its default, 128. 
[29Mar2026 02:52:11.784] [Server thread/WARN] [net.minecraftforge.common.ForgeConfigSpec/CORE]: Incorrect key trains.maxBogeyCount was corrected from null to its default, 20. 
[29Mar2026 02:52:11.785] [Server thread/WARN] [net.minecraftforge.common.ForgeConfigSpec/CORE]: Incorrect key trains.manualTrainSpeedModifier was corrected from null to its default, 0.75. 
[29Mar2026 02:52:11.785] [Server thread/WARN] [net.minecraftforge.common.ForgeConfigSpec/CORE]: Incorrect key trains.trainStats was corrected from null to its default, SimpleCommentedConfig:{}. 
[29Mar2026 02:52:11.785] [Server thread/WARN] [net.minecraftforge.common.ForgeConfigSpec/CORE]: Incorrect key trains.trainStats.trainTopSpeed was corrected from null to its default, 28.0. 
[29Mar2026 02:52:11.785] [Server thread/WARN] [net.minecraftforge.common.ForgeConfigSpec/CORE]: Incorrect key trains.trainStats.trainTurningTopSpeed was corrected from null to its default, 14.0. 
[29Mar2026 02:52:11.785] [Server thread/WARN] [net.minecraftforge.common.ForgeConfigSpec/CORE]: Incorrect key trains.trainStats.trainAcceleration was corrected from null to its default, 3.0. 
[29Mar2026 02:52:11.785] [Server thread/WARN] [net.minecraftforge.common.ForgeConfigSpec/CORE]: Incorrect key trains.poweredTrainStats was corrected from null to its default, SimpleCommentedConfig:{}. 
[29Mar2026 02:52:11.786] [Server thread/WARN] [net.minecraftforge.common.ForgeConfigSpec/CORE]: Incorrect key trains.poweredTrainStats.poweredTrainTopSpeed was corrected from null to its default, 40.0. 
[29Mar2026 02:52:11.786] [Server thread/WARN] [net.minecraftforge.common.ForgeConfigSpec/CORE]: Incorrect key trains.poweredTrainStats.poweredTrainTurningTopSpeed was corrected from null to its default, 20.0. 
[29Mar2026 02:52:11.786] [Server thread/WARN] [net.minecraftforge.common.ForgeConfigSpec/CORE]: Incorrect key trains.poweredTrainStats.poweredTrainAcceleration was corrected from null to its default, 3.0. 
[29Mar2026 02:52:11.904] [Server thread/INFO] [Framework/]: Loading server configs...
[29Mar2026 02:52:12.420] [Server thread/INFO] [terrablender/]: Initialized TerraBlender biomes for level stem minecraft:overworld
[29Mar2026 02:52:12.421] [Server thread/INFO] [terrablender/]: Initialized TerraBlender biomes for level stem minecraft:the_nether
[29Mar2026 02:52:12.421] [Server thread/INFO] [net.minecraft.server.dedicated.DedicatedServer/]: Preparing level "world"
[29Mar2026 02:52:23.283] [Server thread/INFO] [net.minecraft.server.MinecraftServer/]: Preparing start region for dimension minecraft:overworld
[29Mar2026 02:52:25.878] [Worker-Main-3/INFO] [net.minecraft.server.level.progress.LoggerChunkProgressListener/]: Preparing spawn area: 0%
[29Mar2026 02:52:25.904] [Worker-Main-1/INFO] [net.minecraft.server.level.progress.LoggerChunkProgressListener/]: Preparing spawn area: 0%
[29Mar2026 02:52:25.934] [Worker-Main-3/INFO] [net.minecraft.server.level.progress.LoggerChunkProgressListener/]: Preparing spawn area: 0%
[29Mar2026 02:52:25.943] [Worker-Main-1/INFO] [net.minecraft.server.level.progress.LoggerChunkProgressListener/]: Preparing spawn area: 0%
[29Mar2026 02:52:25.954] [Worker-Main-1/INFO] [net.minecraft.server.level.progress.LoggerChunkProgressListener/]: Preparing spawn area: 0%
[29Mar2026 02:52:25.959] [Worker-Main-2/INFO] [net.minecraft.server.level.progress.LoggerChunkProgressListener/]: Preparing spawn area: 0%
[29Mar2026 02:52:26.285] [Worker-Main-2/INFO] [net.minecraft.server.level.progress.LoggerChunkProgressListener/]: Preparing spawn area: 0%
[29Mar2026 02:52:26.784] [Worker-Main-3/INFO] [net.minecraft.server.level.progress.LoggerChunkProgressListener/]: Preparing spawn area: 16%
[29Mar2026 02:52:27.284] [Worker-Main-3/INFO] [net.minecraft.server.level.progress.LoggerChunkProgressListener/]: Preparing spawn area: 87%
[29Mar2026 02:52:27.371] [Server thread/INFO] [net.minecraft.server.level.progress.LoggerChunkProgressListener/]: Time elapsed: 4088 ms
[29Mar2026 02:52:27.371] [Server thread/INFO] [net.minecraft.server.dedicated.DedicatedServer/]: Done (16.212s)! For help, type "help"
[29Mar2026 02:52:27.485] [Server thread/INFO] [net.minecraftforge.server.permission.PermissionAPI/]: Successfully initialized permission handler forge:default_handler
[29Mar2026 02:52:27.503] [Server thread/INFO] [journeymap/]: global (FirstLoaded) Setting config file to version "5.10.1": journeymap.server.global.config
[29Mar2026 02:52:27.503] [Server thread/INFO] [journeymap/]: global (Valid) Creating config file: ./journeymap/server/5.10/journeymap.server.global.config
[29Mar2026 02:52:27.514] [Server thread/INFO] [journeymap/]: default (FirstLoaded) Setting config file to version "5.10.1": journeymap.server.default.config
[29Mar2026 02:52:27.515] [Server thread/INFO] [journeymap/]: default (Valid) Creating config file: ./journeymap/server/5.10/journeymap.server.default.config
[29Mar2026 02:52:27.517] [Server thread/INFO] [journeymap/]: minecraft~overworld (Initialized) Setting config file to version "5.10.1": journeymap.server.minecraft~overworld.config
[29Mar2026 02:52:27.517] [Server thread/INFO] [journeymap/]: minecraft~overworld (Valid) Creating config file: ./journeymap/server/5.10/journeymap.server.minecraft~overworld.config
[29Mar2026 02:52:27.523] [Server thread/INFO] [journeymap/]: the_bumblezone~the_bumblezone (Initialized) Setting config file to version "5.10.1": journeymap.server.the_bumblezone~the_bumblezone.config
[29Mar2026 02:52:27.524] [Server thread/INFO] [journeymap/]: the_bumblezone~the_bumblezone (Valid) Creating config file: ./journeymap/server/5.10/journeymap.server.the_bumblezone~the_bumblezone.config
[29Mar2026 02:52:27.525] [Server thread/INFO] [journeymap/]: minecraft~the_end (Initialized) Setting config file to version "5.10.1": journeymap.server.minecraft~the_end.config
[29Mar2026 02:52:27.525] [Server thread/INFO] [journeymap/]: minecraft~the_end (Valid) Creating config file: ./journeymap/server/5.10/journeymap.server.minecraft~the_end.config
[29Mar2026 02:52:27.526] [Server thread/INFO] [journeymap/]: graveyard~past (Initialized) Setting config file to version "5.10.1": journeymap.server.graveyard~past.config
[29Mar2026 02:52:27.526] [Server thread/INFO] [journeymap/]: graveyard~past (Valid) Creating config file: ./journeymap/server/5.10/journeymap.server.graveyard~past.config
[29Mar2026 02:52:27.527] [Server thread/INFO] [journeymap/]: slugterra~the_99_caverns (Initialized) Setting config file to version "5.10.1": journeymap.server.slugterra~the_99_caverns.config
[29Mar2026 02:52:27.527] [Server thread/INFO] [journeymap/]: slugterra~the_99_caverns (Valid) Creating config file: ./journeymap/server/5.10/journeymap.server.slugterra~the_99_caverns.config
[29Mar2026 02:52:27.528] [Server thread/INFO] [journeymap/]: minecraft~the_nether (Initialized) Setting config file to version "5.10.1": journeymap.server.minecraft~the_nether.config
[29Mar2026 02:52:27.528] [Server thread/INFO] [journeymap/]: minecraft~the_nether (Valid) Creating config file: ./journeymap/server/5.10/journeymap.server.minecraft~the_nether.config
[29Mar2026 02:54:21.956] [Server thread/INFO] [net.minecraft.server.players.PlayerList/]: Tomate[/100.110.81.112:55134] logged in with entity id 133 at (-31.5, 66.0, 8.5)
[29Mar2026 02:54:22.145] [Server thread/INFO] [net.minecraft.server.MinecraftServer/]: Tomate joined the game
[29Mar2026 02:54:23.434] [Server thread/INFO] [net.minecraft.server.MinecraftServer/]: Tomate has made the advancement [Fruits of the Field]
[29Mar2026 02:55:18.229] [Server thread/INFO] [net.minecraft.server.MinecraftServer/]: Made Tomate a server operator
[29Mar2026 02:55:32.601] [Server thread/INFO] [net.minecraft.server.MinecraftServer/]: [Tomate: Set own game mode to Spectator Mode]
[29Mar2026 02:56:06.557] [Server thread/INFO] [net.minecraft.server.MinecraftServer/]: [Tomate: Set own game mode to Survival Mode]
[29Mar2026 02:56:27.760] [Worker-Main-2/WARN] [net.minecraft.world.level.levelgen.structure.pools.JigsawPlacement/]: Empty or non-existent pool: minecraft:
[29Mar2026 02:56:27.760] [Worker-Main-2/WARN] [net.minecraft.world.level.levelgen.structure.pools.JigsawPlacement/]: Empty or non-existent pool: minecraft:
[29Mar2026 02:57:04.883] [Server thread/INFO] [net.minecraft.server.MinecraftServer/]: Tomate has made the advancement [Blade MoveSets]
[29Mar2026 02:57:05.312] [Server thread/INFO] [net.minecraft.server.MinecraftServer/]: Tomate has made the advancement [Forbidden Fruit]
[29Mar2026 02:57:35.301] [Server thread/INFO] [net.minecraft.world.entity.npc.Villager/]: Villager Villager['Villager'/4687, l='ServerLevel[world]', x=104.70, y=65.56, z=-198.37] died, message: 'Villager suffocated in a wall'
[29Mar2026 02:57:40.547] [Server thread/INFO] [net.minecraft.server.MinecraftServer/]: Tomate has made the advancement [Proud Soul]
[29Mar2026 02:58:00.695] [Server thread/INFO] [net.minecraft.server.network.ServerGamePacketListenerImpl/]: Tomate lost connection: Disconnected
[29Mar2026 02:58:00.695] [Server thread/INFO] [net.minecraft.server.MinecraftServer/]: Tomate left the game
[29Mar2026 02:59:47.128] [Server thread/INFO] [net.minecraft.server.players.PlayerList/]: Tomate[/100.110.81.112:51850] logged in with entity id 7549 at (126.21022323208875, 67.0, -51.4733986318909)
[29Mar2026 02:59:47.161] [Server thread/INFO] [net.minecraft.server.MinecraftServer/]: Tomate joined the game
[29Mar2026 03:00:44.802] [Server thread/INFO] [net.minecraft.server.network.ServerGamePacketListenerImpl/]: Tomate lost connection: Disconnected
[29Mar2026 03:00:44.802] [Server thread/INFO] [net.minecraft.server.MinecraftServer/]: Tomate left the game
[29Mar2026 03:04:53.756] [Server thread/INFO] [net.minecraft.server.players.PlayerList/]: Tomate[/100.110.81.112:50512] logged in with entity id 9627 at (155.55011488774295, 69.0, -58.748672463797575)
[29Mar2026 03:04:53.784] [Server thread/INFO] [net.minecraft.server.MinecraftServer/]: Tomate joined the game
[29Mar2026 03:06:19.883] [Server thread/INFO] [net.minecraft.server.MinecraftServer/]: [Tomate: Set own game mode to Spectator Mode]
[29Mar2026 03:06:34.581] [Netty Epoll Server IO #4/ERROR] [net.minecraftforge.network.simple.IndexedMessageCodec/SIMPLENET]: Received empty payload on channel fml:handshake
[29Mar2026 03:06:34.588] [Netty Epoll Server IO #4/INFO] [net.minecraft.server.network.ServerLoginPacketListenerImpl/]: Disconnecting com.mojang.authlib.GameProfile@462314eb[id=<null>,name=Cuqueriquero2,properties={},legacy=false] (/100.118.181.36:53451): Unexpected custom data from client
[29Mar2026 03:06:34.602] [Server thread/INFO] [net.minecraft.server.network.ServerLoginPacketListenerImpl/]: com.mojang.authlib.GameProfile@462314eb[id=<null>,name=Cuqueriquero2,properties={},legacy=false] (/100.118.181.36:53451) lost connection: Unexpected custom data from client
[29Mar2026 03:06:53.004] [Server thread/INFO] [net.minecraft.server.network.ServerGamePacketListenerImpl/]: Tomate lost connection: Disconnected
[29Mar2026 03:06:53.004] [Server thread/INFO] [net.minecraft.server.MinecraftServer/]: Tomate left the game
[29Mar2026 03:06:58.261] [Netty Epoll Server IO #2/ERROR] [net.minecraftforge.network.simple.IndexedMessageCodec/SIMPLENET]: Received empty payload on channel fml:handshake
[29Mar2026 03:06:58.262] [Netty Epoll Server IO #2/INFO] [net.minecraft.server.network.ServerLoginPacketListenerImpl/]: Disconnecting com.mojang.authlib.GameProfile@43d50ffc[id=<null>,name=Cuqueriquero2,properties={},legacy=false] (/100.118.181.36:53471): Unexpected custom data from client
[29Mar2026 03:06:58.290] [Server thread/INFO] [net.minecraft.server.network.ServerLoginPacketListenerImpl/]: com.mojang.authlib.GameProfile@43d50ffc[id=<null>,name=Cuqueriquero2,properties={},legacy=false] (/100.118.181.36:53471) lost connection: Unexpected custom data from client
[29Mar2026 03:07:02.214] [Netty Epoll Server IO #5/ERROR] [net.minecraftforge.network.simple.IndexedMessageCodec/SIMPLENET]: Received empty payload on channel fml:handshake
[29Mar2026 03:07:02.214] [Netty Epoll Server IO #5/INFO] [net.minecraft.server.network.ServerLoginPacketListenerImpl/]: Disconnecting com.mojang.authlib.GameProfile@3ebff26e[id=<null>,name=Cuqueriquero2,properties={},legacy=false] (/100.118.181.36:53472): Unexpected custom data from client
[29Mar2026 03:07:02.239] [Server thread/INFO] [net.minecraft.server.network.ServerLoginPacketListenerImpl/]: com.mojang.authlib.GameProfile@3ebff26e[id=<null>,name=Cuqueriquero2,properties={},legacy=false] (/100.118.181.36:53472) lost connection: Unexpected custom data from client
[29Mar2026 03:07:06.456] [Server thread/INFO] [net.minecraft.server.players.PlayerList/]: Tomate[/100.110.81.112:61173] logged in with entity id 11724 at (171.7516491798687, 73.0, -63.335740831859326)
[29Mar2026 03:07:06.480] [Server thread/INFO] [net.minecraft.server.MinecraftServer/]: Tomate joined the game
[29Mar2026 03:07:43.320] [Server thread/INFO] [net.minecraft.server.network.ServerLoginPacketListenerImpl/]: com.mojang.authlib.GameProfile@415e36a9[id=<null>,name=Cuqueriquero2,properties={},legacy=false] (/100.118.181.36:53503) lost connection: Disconnected
[29Mar2026 03:08:33.945] [Server thread/INFO] [net.minecraft.server.network.ServerLoginPacketListenerImpl/]: com.mojang.authlib.GameProfile@53caeb0a[id=<null>,name=Cuqueriquero2,properties={},legacy=false] (/100.118.181.36:53513) lost connection: Disconnected
[29Mar2026 03:09:05.243] [Server thread/INFO] [net.minecraft.server.network.ServerLoginPacketListenerImpl/]: com.mojang.authlib.GameProfile@4d94a6c3[id=<null>,name=Cuqueriquero2,properties={},legacy=false] (/100.118.181.36:53514) lost connection: Disconnected
[29Mar2026 03:09:05.295] [Server thread/WARN] [net.minecraft.network.Connection/]: handleDisconnection() called twice
[29Mar2026 03:14:08.304] [Server thread/INFO] [net.minecraft.server.players.PlayerList/]: Cuqueriquero2[/100.118.181.36:53559] logged in with entity id 12804 at (-33.5, 67.0, 1.5)
[29Mar2026 03:14:08.320] [Server thread/INFO] [net.minecraft.server.MinecraftServer/]: Cuqueriquero2 joined the game
[29Mar2026 03:14:09.312] [Server thread/INFO] [net.minecraft.server.MinecraftServer/]: Cuqueriquero2 has made the advancement [Fruits of the Field]
[29Mar2026 03:14:15.464] [Server thread/INFO] [net.minecraft.server.MinecraftServer/]: [Tomate: Teleported Tomate to Cuqueriquero2]
[29Mar2026 03:14:21.149] [Server thread/INFO] [net.minecraft.server.MinecraftServer/]: [Tomate: Set own game mode to Survival Mode]
[29Mar2026 03:15:09.397] [Server thread/INFO] [net.minecraft.server.MinecraftServer/]: Cuqueriquero2 has made the advancement [Blade MoveSets]
[29Mar2026 03:15:09.398] [Server thread/INFO] [net.minecraft.server.MinecraftServer/]: Cuqueriquero2 has made the advancement [Tiny Proud Soul]
[29Mar2026 03:15:09.398] [Server thread/INFO] [net.minecraft.server.MinecraftServer/]: Cuqueriquero2 has made the advancement [Slash Blade]
[29Mar2026 03:15:13.831] [Server thread/WARN] [net.minecraft.server.level.ServerPlayerGameMode/]: Mismatch in destroy block pos: BlockPos{x=0, y=0, z=0} BlockPos{x=-36, y=66, z=-2}
[29Mar2026 03:15:16.695] [Server thread/WARN] [net.minecraft.server.level.ServerPlayerGameMode/]: Mismatch in destroy block pos: BlockPos{x=0, y=0, z=0} BlockPos{x=-38, y=66, z=1}
[29Mar2026 03:15:16.776] [Server thread/WARN] [net.minecraft.server.level.ServerPlayerGameMode/]: Mismatch in destroy block pos: BlockPos{x=0, y=0, z=0} BlockPos{x=-39, y=66, z=1}
[29Mar2026 03:15:16.997] [Server thread/WARN] [net.minecraft.server.level.ServerPlayerGameMode/]: Mismatch in destroy block pos: BlockPos{x=0, y=0, z=0} BlockPos{x=-39, y=66, z=1}
[29Mar2026 03:15:17.047] [Server thread/WARN] [net.minecraft.server.level.ServerPlayerGameMode/]: Mismatch in destroy block pos: BlockPos{x=0, y=0, z=0} BlockPos{x=-40, y=66, z=2}
[29Mar2026 03:15:17.828] [Server thread/WARN] [net.minecraft.server.level.ServerPlayerGameMode/]: Mismatch in destroy block pos: BlockPos{x=0, y=0, z=0} BlockPos{x=-43, y=67, z=1}
[29Mar2026 03:15:17.926] [Server thread/WARN] [net.minecraft.server.level.ServerPlayerGameMode/]: Mismatch in destroy block pos: BlockPos{x=0, y=0, z=0} BlockPos{x=-43, y=67, z=1}
[29Mar2026 03:16:37.705] [Server thread/INFO] [net.minecraft.server.MinecraftServer/]: Tomate has made the advancement [Tiny Proud Soul]
[29Mar2026 03:16:37.706] [Server thread/INFO] [net.minecraft.server.MinecraftServer/]: Tomate has made the advancement [Slash Blade]
[29Mar2026 03:16:55.048] [Server thread/INFO] [net.minecraft.server.MinecraftServer/]: Cuqueriquero2 has made the advancement [Forbidden Fruit]
[29Mar2026 03:17:54.099] [Server thread/INFO] [net.minecraft.server.MinecraftServer/]: Cuqueriquero2 has made the advancement [Proud Soul]
[29Mar2026 03:18:27.545] [Server thread/INFO] [net.minecraft.server.MinecraftServer/]: [Tomate: Set own game mode to Creative Mode]
[29Mar2026 03:19:05.359] [Server thread/INFO] [net.minecraft.server.MinecraftServer/]: [Tomate: Teleported Cuqueriquero2 to Tomate]
[29Mar2026 03:19:22.361] [Server thread/INFO] [net.minecraft.server.players.PlayerList/]: roine_dario[/100.74.170.57:62375] logged in with entity id 23340 at (-33.5, 66.0, 5.5)
[29Mar2026 03:19:22.376] [Server thread/INFO] [net.minecraft.server.MinecraftServer/]: roine_dario joined the game
[29Mar2026 03:19:23.361] [Server thread/INFO] [net.minecraft.server.MinecraftServer/]: roine_dario has made the advancement [Fruits of the Field]
[29Mar2026 03:19:30.004] [Server thread/INFO] [net.minecraft.server.MinecraftServer/]: [Tomate: Set Cuqueriquero2's game mode to Spectator Mode]
[29Mar2026 03:21:20.662] [Server thread/INFO] [net.minecraft.server.MinecraftServer/]: roine_dario has made the advancement [Blade MoveSets]
[29Mar2026 03:21:22.940] [Server thread/INFO] [net.minecraft.server.MinecraftServer/]: [Not Secure] <roine_dario> tp
[29Mar2026 03:21:26.577] [Server thread/INFO] [net.minecraft.server.MinecraftServer/]: roine_dario has made the advancement [Tiny Proud Soul]
[29Mar2026 03:21:26.577] [Server thread/INFO] [net.minecraft.server.MinecraftServer/]: roine_dario has made the advancement [Slash Blade]
[29Mar2026 03:21:28.784] [Server thread/INFO] [net.minecraft.server.MinecraftServer/]: Tomate has reached the goal [Heh... It's slingin time]
[29Mar2026 03:21:53.859] [Server thread/INFO] [net.minecraft.server.MinecraftServer/]: [Tomate: Teleported roine_dario to Tomate]
[29Mar2026 03:21:59.230] [Server thread/INFO] [net.minecraft.server.MinecraftServer/]: [Tomate: Set roine_dario's game mode to Spectator Mode]
[29Mar2026 03:23:24.411] [Server thread/INFO] [net.minecraft.server.MinecraftServer/]: [Tomate: The difficulty has been set to Peaceful]
[29Mar2026 03:23:24.471] [Server thread/WARN] [net.minecraft.server.network.ServerGamePacketListenerImpl/]: roine_dario moved too quickly! 6.798973049121059,-6.749999798486542,3.0460132179181016
[29Mar2026 03:23:29.078] [Server thread/INFO] [net.minecraft.server.MinecraftServer/]: [Tomate: The difficulty has been set to Hard]
[29Mar2026 03:23:39.285] [Server thread/WARN] [net.minecraft.server.network.ServerGamePacketListenerImpl/]: Tomate moved too quickly! 1.3248108921224002,5.460363560466561,-8.563633278814137
[29Mar2026 03:23:41.720] [Server thread/WARN] [net.minecraft.server.network.ServerGamePacketListenerImpl/]: roine_dario moved too quickly! 8.979815366736148,2.197043538954631,4.6500447955467905
[29Mar2026 03:24:03.105] [Server thread/INFO] [net.minecraft.server.MinecraftServer/]: [Tomate: The difficulty has been set to Peaceful]
[29Mar2026 03:24:45.866] [Server thread/INFO] [net.minecraft.server.MinecraftServer/]: Tomate was killed
[29Mar2026 03:24:45.876] [Server thread/INFO] [net.minecraft.server.MinecraftServer/]: Cuqueriquero2 was killed
[29Mar2026 03:24:46.401] [Server thread/INFO] [net.minecraft.server.MinecraftServer/]: roine_dario was killed
[29Mar2026 03:24:47.284] [Server thread/INFO] [net.minecraft.server.MinecraftServer/]: [Tomate: Killed 595 entities]
[29Mar2026 03:24:47.338] [Server thread/WARN] [net.minecraft.server.network.ServerGamePacketListenerImpl/]: roine_dario moved too quickly! -9.514620661483491,3.3750000897941277,1.7997163466418158
[29Mar2026 03:24:48.097] [Server thread/WARN] [net.minecraft.server.MinecraftServer/]: Can't keep up! Is the server overloaded? Running 2162ms or 43 ticks behind
[29Mar2026 03:25:03.646] [Server thread/INFO] [net.minecraft.server.MinecraftServer/]: [Tomate: Set own game mode to Survival Mode]
[29Mar2026 03:25:07.675] [Server thread/INFO] [net.minecraft.server.MinecraftServer/]: [Tomate: Set the time to 1000]
[29Mar2026 03:25:17.648] [Server thread/INFO] [net.minecraft.server.MinecraftServer/]: [Tomate: Set Cuqueriquero2's game mode to Survival Mode]
[29Mar2026 03:25:23.412] [Server thread/INFO] [net.minecraft.server.MinecraftServer/]: [Tomate: Set roine_dario's game mode to Survival Mode]
[29Mar2026 03:25:33.346] [Server thread/INFO] [net.minecraft.server.network.ServerGamePacketListenerImpl/]: Tomate lost connection: Disconnected
[29Mar2026 03:25:33.347] [Server thread/INFO] [net.minecraft.server.MinecraftServer/]: Tomate left the game
[29Mar2026 03:26:25.448] [Server thread/INFO] [net.minecraft.server.MinecraftServer/]: roine_dario has made the advancement [Wild Harvest]
[29Mar2026 03:26:26.447] [Server thread/INFO] [net.minecraft.server.MinecraftServer/]: Cuqueriquero2 has made the advancement [Wild Harvest]
[29Mar2026 03:27:51.031] [Server thread/WARN] [net.minecraft.server.level.ServerPlayerGameMode/]: Mismatch in destroy block pos: BlockPos{x=-325, y=66, z=127} BlockPos{x=-325, y=66, z=126}
[29Mar2026 03:28:00.397] [Server thread/WARN] [net.minecraft.server.level.ServerPlayerGameMode/]: Mismatch in destroy block pos: BlockPos{x=-353, y=67, z=132} BlockPos{x=-353, y=65, z=133}
[29Mar2026 03:28:54.799] [Server thread/INFO] [net.minecraft.server.MinecraftServer/]: Cuqueriquero2 has made the advancement [Wild Crops]
[29Mar2026 03:28:55.704] [Server thread/INFO] [net.minecraft.server.MinecraftServer/]: roine_dario has made the advancement [Wild Crops]
[29Mar2026 03:28:57.703] [Server thread/WARN] [net.minecraft.server.level.ServerPlayerGameMode/]: Mismatch in destroy block pos: BlockPos{x=-366, y=68, z=204} BlockPos{x=-365, y=66, z=205}
[29Mar2026 03:30:59.161] [Server thread/INFO] [net.minecraft.server.players.PlayerList/]: Tomate[/100.110.81.112:57007] logged in with entity id 42060 at (-301.1460350318755, 69.0, 126.85939635814522)
[29Mar2026 03:30:59.183] [Server thread/INFO] [net.minecraft.server.MinecraftServer/]: Tomate joined the game
[29Mar2026 03:31:13.747] [Server thread/INFO] [net.minecraft.server.network.ServerGamePacketListenerImpl/]: Tomate lost connection: Disconnected
[29Mar2026 03:31:13.747] [Server thread/INFO] [net.minecraft.server.MinecraftServer/]: Tomate left the game
[29Mar2026 03:32:19.367] [Server thread/INFO] [net.minecraft.server.MinecraftServer/]: Cuqueriquero2 was slain by roine_dario
[29Mar2026 03:33:03.923] [Server thread/WARN] [net.minecraft.server.level.ServerPlayerGameMode/]: Mismatch in destroy block pos: BlockPos{x=-371, y=67, z=166} BlockPos{x=-373, y=65, z=164}
[29Mar2026 03:35:07.646] [Server thread/INFO] [net.minecraft.server.MinecraftServer/]: roine_dario was slain by Cuqueriquero2
[29Mar2026 03:37:59.899] [Server thread/WARN] [net.minecraft.server.level.ServerPlayerGameMode/]: Mismatch in destroy block pos: BlockPos{x=-438, y=69, z=149} BlockPos{x=-439, y=67, z=150}
[29Mar2026 03:38:51.720] [Server thread/INFO] [net.minecraft.server.MinecraftServer/]: Cuqueriquero2 was slain by roine_dario
[29Mar2026 03:40:32.626] [Server thread/WARN] [net.minecraft.server.level.ServerPlayerGameMode/]: Mismatch in destroy block pos: BlockPos{x=-416, y=70, z=109} BlockPos{x=-415, y=69, z=109}
[29Mar2026 03:44:50.793] [Server thread/INFO] [net.minecraft.server.MinecraftServer/]: roine_dario has made the advancement [Forbidden Fruit]
[29Mar2026 03:45:15.263] [Server thread/INFO] [net.minecraft.server.players.PlayerList/]: Tomate[/100.110.81.112:59672] logged in with entity id 45737 at (-287.0928843822358, 71.0, 145.1303119651248)
[29Mar2026 03:45:15.284] [Server thread/INFO] [net.minecraft.server.MinecraftServer/]: Tomate joined the game
[29Mar2026 03:45:43.829] [Server thread/INFO] [net.minecraft.server.MinecraftServer/]: [Tomate: Teleported Tomate to roine_dario]
[29Mar2026 03:46:09.233] [Server thread/INFO] [net.minecraft.server.MinecraftServer/]: [Tomate: Set own game mode to Creative Mode]
[29Mar2026 03:48:18.189] [Server thread/INFO] [net.minecraft.server.network.ServerGamePacketListenerImpl/]: Cuqueriquero2 lost connection: Disconnected
[29Mar2026 03:48:18.189] [Server thread/INFO] [net.minecraft.server.MinecraftServer/]: Cuqueriquero2 left the game
[29Mar2026 03:49:44.547] [Server thread/INFO] [net.minecraft.server.players.PlayerList/]: LaUuUu_[/100.87.31.114:53107] logged in with entity id 45972 at (-29.5, 68.0, -3.5)
[29Mar2026 03:49:44.559] [Server thread/INFO] [net.minecraft.server.MinecraftServer/]: LaUuUu_ joined the game
[29Mar2026 03:49:45.545] [Server thread/INFO] [net.minecraft.server.MinecraftServer/]: LaUuUu_ has made the advancement [Fruits of the Field]
[29Mar2026 03:49:55.918] [Server thread/INFO] [net.minecraft.server.MinecraftServer/]: [Tomate: Teleported LaUuUu_ to Tomate]
[29Mar2026 03:51:19.700] [Server thread/INFO] [net.minecraft.server.MinecraftServer/]: LaUuUu_ has made the advancement [Blade MoveSets]
[29Mar2026 03:51:29.140] [Server thread/INFO] [net.minecraft.server.commands.LocateCommand/]: Locating element ribbits:ribbit_village took 669 ms
[29Mar2026 03:51:38.650] [Server thread/INFO] [net.minecraft.server.MinecraftServer/]: [Tomate: Teleported Tomate to -1503.500000, 74.000000, -767.500000]
[29Mar2026 03:51:38.650] [Server thread/WARN] [net.minecraft.server.MinecraftServer/]: Can't keep up! Is the server overloaded? Running 5615ms or 112 ticks behind
[29Mar2026 03:51:38.680] [Server thread/WARN] [net.minecraft.server.network.ServerGamePacketListenerImpl/]: LaUuUu_ moved too quickly! -7.757567508059651,4.252203340253729,-4.894065540482558
[29Mar2026 03:51:38.683] [Server thread/INFO] [net.minecraft.server.MinecraftServer/]: [Not Secure] <roine_dario> lelelelelelel
[29Mar2026 03:51:47.254] [Server thread/INFO] [net.minecraft.server.MinecraftServer/]: [Tomate: Teleported LaUuUu_ to Tomate]
[29Mar2026 03:51:51.282] [Server thread/INFO] [net.minecraft.server.MinecraftServer/]: [Tomate: Teleported roine_dario to Tomate]
[29Mar2026 03:52:04.920] [Server thread/INFO] [net.minecraft.server.MinecraftServer/]: [Tomate: The difficulty has been set to Hard]
[29Mar2026 03:52:50.483] [Server thread/INFO] [net.minecraft.server.MinecraftServer/]: LaUuUu_ has made the advancement [Tiny Proud Soul]
[29Mar2026 03:52:50.483] [Server thread/INFO] [net.minecraft.server.MinecraftServer/]: LaUuUu_ has made the advancement [Slash Blade]
[29Mar2026 03:53:38.601] [Server thread/INFO] [net.minecraft.server.MinecraftServer/]: roine_dario has made the advancement [Proud Soul]
[29Mar2026 03:55:15.249] [Server thread/INFO] [net.minecraft.server.network.ServerGamePacketListenerImpl/]: LaUuUu_ lost connection: Timed out
[29Mar2026 03:55:15.250] [Server thread/INFO] [net.minecraft.server.MinecraftServer/]: LaUuUu_ left the game
[29Mar2026 03:55:43.271] [Server thread/INFO] [net.minecraft.server.MinecraftServer/]: [Tomate: Set the time to 1000]
[29Mar2026 03:55:47.461] [Server thread/INFO] [net.minecraft.server.players.PlayerList/]: LaUuUu_[/100.87.31.114:53149] logged in with entity id 47338 at (-1525.708122652541, 63.0625, -749.6959455481411)
[29Mar2026 03:55:47.473] [Server thread/INFO] [net.minecraft.server.MinecraftServer/]: LaUuUu_ joined the game
[29Mar2026 03:55:55.618] [Server thread/INFO] [net.minecraft.server.MinecraftServer/]: Tomate has made the advancement [Best Friends Forever]
[29Mar2026 03:57:59.600] [Server thread/INFO] [net.minecraft.server.MinecraftServer/]: roine_dario has reached the goal [Heh... It's slingin time]
[29Mar2026 03:58:16.713] [Server thread/INFO] [net.minecraft.server.players.PlayerList/]: Cuqueriquero2[/100.118.181.36:65116] logged in with entity id 47767 at (-438.58581149047905, 68.0, 164.8928221741795)
[29Mar2026 03:58:16.725] [Server thread/INFO] [net.minecraft.server.MinecraftServer/]: Cuqueriquero2 joined the game
[29Mar2026 03:58:22.079] [Server thread/INFO] [net.minecraft.server.MinecraftServer/]: roine_dario has made the advancement [Best Friends Forever]
[29Mar2026 03:59:06.316] [Server thread/INFO] [net.minecraft.server.network.ServerGamePacketListenerImpl/]: Cuqueriquero2 lost connection: Disconnected
[29Mar2026 03:59:06.316] [Server thread/INFO] [net.minecraft.server.MinecraftServer/]: Cuqueriquero2 left the game
[29Mar2026 04:00:28.461] [Server thread/INFO] [net.minecraft.server.MinecraftServer/]: roine_dario has made the advancement [A Fool's Folly]
[29Mar2026 04:00:53.764] [Server thread/INFO] [net.minecraft.server.MinecraftServer/]: roine_dario was stomped by Apothecarist
[29Mar2026 04:02:46.341] [Server thread/INFO] [net.minecraft.server.players.PlayerList/]: Cuqueriquero2[/100.118.181.36:65232] logged in with entity id 51477 at (-438.58581149047905, 68.0, 164.8928221741795)
[29Mar2026 04:02:46.357] [Server thread/INFO] [net.minecraft.server.MinecraftServer/]: Cuqueriquero2 joined the game
[29Mar2026 04:03:13.252] [Server thread/INFO] [net.minecraft.server.MinecraftServer/]: [Tomate: Set spawn point to -1540, 66, -767 [0.0] in minecraft:overworld for Tomate]
[29Mar2026 04:03:21.626] [Server thread/INFO] [net.minecraft.server.MinecraftServer/]: [Tomate: Teleported Cuqueriquero2 to Tomate]
[29Mar2026 04:03:29.231] [Server thread/INFO] [net.minecraft.server.MinecraftServer/]: [Tomate: Teleported roine_dario to Tomate]
[29Mar2026 04:03:34.488] [Server thread/INFO] [net.minecraft.server.MinecraftServer/]: [Tomate: Teleported LaUuUu_ to Tomate]
[29Mar2026 04:04:02.288] [Server thread/INFO] [net.minecraft.server.MinecraftServer/]: Tomate has made the advancement [The World Beneath Our Feet]
[29Mar2026 04:04:02.355] [Server thread/WARN] [net.minecraft.server.MinecraftServer/]: Can't keep up! Is the server overloaded? Running 4770ms or 95 ticks behind
[29Mar2026 04:04:21.455] [Server thread/WARN] [net.minecraft.server.MinecraftServer/]: Can't keep up! Is the server overloaded? Running 2070ms or 41 ticks behind
[29Mar2026 04:04:23.359] [Server thread/INFO] [net.minecraft.server.MinecraftServer/]: Tomate has made the advancement [Return to the Burning World]
[29Mar2026 04:04:23.364] [Server thread/INFO] [net.minecraft.server.MinecraftServer/]: [Tomate: Teleported Tomate to roine_dario]
[29Mar2026 04:05:04.551] [Server thread/INFO] [net.minecraft.server.MinecraftServer/]: [Not Secure] <roine_dario> veni
[29Mar2026 04:05:16.276] [Server thread/INFO] [net.minecraft.server.MinecraftServer/]: roine_dario has made the advancement [The World Beneath Our Feet]
[29Mar2026 04:05:17.131] [Server thread/INFO] [net.minecraft.server.MinecraftServer/]: Cuqueriquero2 has made the advancement [The World Beneath Our Feet]
[29Mar2026 04:05:18.138] [Server thread/INFO] [net.minecraft.server.MinecraftServer/]: LaUuUu_ has made the advancement [The World Beneath Our Feet]
[29Mar2026 04:05:41.633] [Server thread/INFO] [net.minecraft.server.MinecraftServer/]: [Tomate: Set own game mode to Survival Mode]
[29Mar2026 04:05:52.739] [Worker-Main-40/ERROR] [net.minecraft.Util/]: Detected setBlock in a far chunk [-98, -55], pos: MutableBlockPos{x=-1558, y=213, z=-879}, status: minecraft:features, currently generating: ResourceKey[minecraft:worldgen/placed_feature / slugterra:slug_dighole_feature]
[29Mar2026 04:07:23.209] [Server thread/INFO] [net.minecraft.server.MinecraftServer/]: roine_dario has made the advancement [Stone Age]
[29Mar2026 04:07:34.718] [Server thread/INFO] [net.minecraft.server.MinecraftServer/]: Tomate has made the advancement [Stone Age]
[29Mar2026 04:08:05.052] [Server thread/INFO] [net.minecraft.server.MinecraftServer/]: LaUuUu_ has made the advancement [Proud Soul]
[29Mar2026 04:08:40.501] [Server thread/INFO] [net.minecraft.server.MinecraftServer/]: Tomate was slain by Cavern Bat
[29Mar2026 04:08:46.214] [Server thread/INFO] [net.minecraft.server.MinecraftServer/]: Cuqueriquero2 was slain by Cavern Bat
[29Mar2026 04:08:49.396] [Server thread/INFO] [net.minecraft.server.MinecraftServer/]: [Tomate: Teleported Tomate to roine_dario]
[29Mar2026 04:08:59.282] [Server thread/INFO] [net.minecraft.server.MinecraftServer/]: [Tomate: Teleported Cuqueriquero2 to Tomate]
[29Mar2026 04:09:07.743] [Worker-Main-41/WARN] [net.minecraft.world.level.levelgen.structure.pools.JigsawPlacement/]: Empty or non-existent pool: slugterra:the_bank_main
[29Mar2026 04:09:07.743] [Worker-Main-41/WARN] [net.minecraft.world.level.levelgen.structure.pools.JigsawPlacement/]: Empty or non-existent pool: slugterra:the_bank_main
[29Mar2026 04:09:07.743] [Worker-Main-41/WARN] [net.minecraft.world.level.levelgen.structure.pools.JigsawPlacement/]: Empty or non-existent pool: slugterra:the_bank_main
[29Mar2026 04:09:07.743] [Worker-Main-41/WARN] [net.minecraft.world.level.levelgen.structure.pools.JigsawPlacement/]: Empty or non-existent pool: slugterra:the_bank_main
[29Mar2026 04:09:07.743] [Worker-Main-41/WARN] [net.minecraft.world.level.levelgen.structure.pools.JigsawPlacement/]: Empty or non-existent pool: slugterra:the_bank_main
[29Mar2026 04:09:07.743] [Worker-Main-41/WARN] [net.minecraft.world.level.levelgen.structure.pools.JigsawPlacement/]: Empty or non-existent pool: slugterra:the_bank_main
[29Mar2026 04:09:27.548] [Server thread/INFO] [net.minecraft.server.MinecraftServer/]: LaUuUu_ was slain by Cavern Spider
[29Mar2026 04:10:03.987] [Server thread/INFO] [net.minecraft.server.MinecraftServer/]: [Tomate: Teleported Tomate to Cuqueriquero2]
[29Mar2026 04:10:11.816] [Server thread/INFO] [net.minecraft.server.MinecraftServer/]: LaUuUu_ has made the advancement [Monster Hunter]
[29Mar2026 04:10:12.075] [Server thread/INFO] [net.minecraft.server.MinecraftServer/]: [Tomate: Teleported roine_dario to Tomate]
[29Mar2026 04:10:20.193] [Server thread/INFO] [net.minecraft.server.MinecraftServer/]: [Tomate: Teleported LaUuUu_ to Tomate]
[29Mar2026 04:10:27.426] [Server thread/INFO] [net.minecraft.server.MinecraftServer/]: [Tomate: Set own game mode to Creative Mode]
[29Mar2026 04:10:39.046] [Server thread/INFO] [net.minecraft.server.MinecraftServer/]: [Not Secure] <roine_dario> veni
[29Mar2026 04:11:14.624] [Server thread/INFO] [net.minecraft.server.MinecraftServer/]: Cuqueriquero2 has reached the goal [Heh... It's slingin time]
[29Mar2026 04:11:45.146] [Server thread/INFO] [net.minecraft.server.MinecraftServer/]: LaUuUu_ has reached the goal [Heh... It's slingin time]
[29Mar2026 04:12:24.929] [Server thread/INFO] [net.minecraft.server.MinecraftServer/]: [Tomate: Set own game mode to Survival Mode]
[29Mar2026 04:12:41.111] [Server thread/INFO] [net.minecraft.server.MinecraftServer/]: [Tomate: Teleported Tomate to Cuqueriquero2]
